Codigo Institucion;Nombre Institucion;Estado;Numero Identificacion Tributaria - NIT;Principal/Seccional;Naturaleza Jur≠dica;Sector;Caracter Academico;Departamento Domicilio;Municipio Domicilio;Direccion Domicilio;Telefono Domicilio;Ente Emite la Norma de Creacion;Tipo Acto Administrativo Norma de Creacion;Número Norma de Creacion;Fecha Norma de Creacion;Programas Vigentes;Pˇgina Web;Acreditada Alta Calidad;Fecha Acreditacion;Resolucion de la acreditacion;Vigencia de la acreditacion;Mision;Nombre;Apellido;Cargo;Tipo Acto Nombramiento;Numero Acto Nombramiento;Fecha Norma;Fecha Desde;Fecha Hasta;Nombre;Apellido;Cargo;Tipo Acto Nombramiento;Número Acto Nombramiento;Fecha Norma;Fecha desde;Fecha hasta;Tipo Cubrimiento;Departamento;Municipio
2905;CENTRO DE EDUCACION MILITAR - CEMIL;ACTIVA;830028487;PRINCIPAL;NACIONAL;OFICIAL;INSTITUCION UNIVERSITARIA/ESCUELA TECNOLOGICA;BOGOTA D.C;BOGOTA D.C.;Calle 102 7-80;6208549;Comando del Ej?rcito Nacional;NO INFORMA;10;23/11/1999;10;www.cemil.mil.co;NO;;;;;GIOVANI;VALENCIA HURTADO;DIRECTOR;NO INFORMA;10;14/01/2019;14/01/2019;;GIOVANI;VALENCIA HURTADO;REPRESENTANTE LEGAL;NO INFORMA;786;14/01/2019;14/01/2019;;;BOGOTA D.C;BOGOTA D.C.
9934;Centro de Estudios Aeron˘uticos - CEA;ACTIVA;16820;PRINCIPAL;NACIONAL;OFICIAL;INSTITUCION UNIVERSITARIA/ESCUELA TECNOLOGICA;BOGOTA D.C;BOGOTA D.C.;Avenida el Dorado N˘. 103 - 23;296 26 45;SIN DATO;NO INFORMA;SIN DATO;14/12/2018;0;www;NO;;;;;;;;;SIN DATO;;;;;;;;;;;;;BOGOTA D.C;BOGOTA D.C.
3802;CENTRO EDUCACIONAL DE COMPUTOS Y SISTEMAS-CEDESISTEMAS-;ACTIVA;No Informa;PRINCIPAL;CORPORACION;PRIVADA;INSTITUCION TECNOLOGICA;ANTIOQUIA;MEDELLIN;Cra 43 No. 54-44;2168222;MINISTERIO DE EDUCACION NACIONAL.;RESOLUCION;12571;20/12/1976;0;www.cedesistemas.edu.co;NO;;;;;LUIS FERNANDO;Gil Zuluaga;RECTOR;ACUERDO;12571;5/12/2018;1/03/2019;28/02/2023;LUIS FERNANDO;Gil Zuluaga;REPRESENTANTE LEGAL;ACUERDO;32-18;5/12/2018;1/03/2019;28/02/2023;;ANTIOQUIA;MEDELLIN
2704;COLEGIO DE ESTUDIOS SUPERIORES DE ADMINISTRACION-CESA-;ACTIVA;860.045.740;PRINCIPAL;FUNDACION;PRIVADA;INSTITUCION UNIVERSITARIA/ESCUELA TECNOLOGICA;BOGOTA D.C;BOGOTA D.C.;Calle 35 No. 6-16;3395300;MINISTERIO DE EDUCACION NACIONAL.;RESOLUCION;5157;29/08/1975;7;www.cesa.edu.co;SI;20/05/2015;7074;4;FORMAR LOS MEJORES LIDERES EMPRESARIALES CAPACES DE GENERAR VALOR PARA SUS EMPRESAS, CON ESPIRITU EMPRENDEDOR, CREATIVOS, ETICOS Y COMPROMETIDOS CON LA GENERACION DE DESARROLLO ECONOMICO, SOCIAL Y POLITICO DE ACUERDO CON LOS VALORES QUE PROFESA EL CESA PARA QUE COLOMBIA SEA UNA NACION COMPETITIVA, JUSTA Y QUE VIVA EN PAZ,;HENRY JOSEPH;BRADFORD SICARD;RECTOR;ACTA;5157;26/09/2014;15/11/2014;;JUAN CARLOS;APONTE ROMERO;SEGUNDO REPRESENTANTE LEGAL SUPLENTE;CONSEJO DIRECTIVO;470;14/03/2016;14/03/2016;;;BOGOTA D.C;BOGOTA D.C.
2704;COLEGIO DE ESTUDIOS SUPERIORES DE ADMINISTRACION-CESA-;ACTIVA;860.045.740;PRINCIPAL;FUNDACION;PRIVADA;INSTITUCION UNIVERSITARIA/ESCUELA TECNOLOGICA;BOGOTA D.C;BOGOTA D.C.;Calle 35 No. 6-16;3395300;MINISTERIO DE EDUCACION NACIONAL.;RESOLUCION;5157;29/08/1975;7;www.cesa.edu.co;SI;20/05/2015;7074;4;FORMAR LOS MEJORES LIDERES EMPRESARIALES CAPACES DE GENERAR VALOR PARA SUS EMPRESAS, CON ESPIRITU EMPRENDEDOR, CREATIVOS, ETICOS Y COMPROMETIDOS CON LA GENERACION DE DESARROLLO ECONOMICO, SOCIAL Y POLITICO DE ACUERDO CON LOS VALORES QUE PROFESA EL CESA PARA QUE COLOMBIA SEA UNA NACION COMPETITIVA, JUSTA Y QUE VIVA EN PAZ,;HENRY JOSEPH;BRADFORD SICARD;RECTOR;ACTA;5157;26/09/2014;15/11/2014;;HENRY JOSEPH;BRADFORD SICARD;REPRESENTANTE LEGAL;ACTA;451;26/09/2014;15/11/2014;;;BOGOTA D.C;BOGOTA D.C.
4112;COLEGIO INTEGRADO NACIONAL ORIENTE DE CALDAS - IES CINOC;ACTIVA;890.802.678-4;PRINCIPAL;DEPARTAMENTAL;OFICIAL;INSTITUCION TECNICA PROFESIONAL;CALDAS;PENSILVANIA;Carrera 5 # 6-30;8555118;Gobierno Nacional;DECRETO;37;8/01/1985;40;www.iescinoc.edu.co;NO;;;;FORMAR, A TRAVêS DE LOS PROCESOS DE EDUCACIÖN PERMANENTE, EL RECURSO HUMANO REQUERIDO PARA EL DESARROLLO TECNOLÖGICO DE CALDAS Y DEL PAôS, BRINDANDO LA OPORTUNIDAD DE ACCESO A LA CIENCIA Y A LA TECNOLOGôA A HABITANTES PROVENIENTES DE ZONAS URBANAS Y RURALES APARTADAS DE LOS GRANDES CENTROS DE DESARROLLO ECONÖMICO Y SOCIAL.   EL EGRESADO SERÊ U N PROFESIONAL COMPETITIVO Y COMPETENTE, CRôTICO Y AUTOCRôTICO, CREATIVO E INNOVADOR, PARTICIPATIVO Y TOLERANTE, DEMOCRÊTICO Y AUTÖNOMO Y CAPAZ DE LIDERAR LOS PROCESOS DE CAMBIO.;LUIS ALFREDO;AVILA TORRES;RECTOR;ACUERDO;37;26/11/2013;1/02/2014;31/01/2018;LUIS ALFREDO;AVILA TORRES;REPRESENTANTE LEGAL;ACUERDO;12;26/11/2013;1/02/2014;31/01/2018;;CALDAS;PENSILVANIA
2110;COLEGIO MAYOR DE ANTIOQUIA;ACTIVA;890.980.134-1;PRINCIPAL;MUNICIPAL;OFICIAL;INSTITUCION UNIVERSITARIA/ESCUELA TECNOLOGICA;ANTIOQUIA;MEDELLIN;Calle 65  77-126 Robledo;4225252;Congreso de Colombia;LEY;48;17/12/1945;23;www.colmayor.edu.co;NO;;;;"EL COLEGIO MAYOR DE ANTIOQUIA ES UNA INSTITUCION UNIVERSITARIA ORGANIZADA COMO ESTABLECIMIENTO PUBLICO, DE CARACTER ACADEMICO, DEL ORDEN NACIONAL, DE NATURALEZA AUTONOMA, ADSCRITA AL MINISTERIO DE EDUCACION NACIONAL.

DIRIGE SU ACCION HACIA LA SATISFACCION PLENA DE LAS NECESIDADES ACADEMICAS, CIENTIFICAS, TECNOLOGICAS, CULTURALES, POLITICAS, HUMANISTICAS, FILOSOFICAS Y ARTISTICAS DE SUS ESTAMENTOS DICENTE, DOCENTE Y ADMINISTRATIVA, MEDIANTE LA OFERTA DE SERVICIOS ACADEMICOS INTEGRADOS, DE EFICIENCIA Y CALIDAD.

DENTRO DE LOS PRINCIPIOS Y VALORES QUE RIGEN A LA INSTITUCION BUSCA PERMANENTEMENTE EL DESARROLLO INTEGRAL Y EQUITATIVO DE SU TALENTO HUMANO PARA LOGRAR UNOS NIVELES DE RENDIMIENTO ACADEMICO Y PRODUCTIVIDAD QUE PERMITAN LA RETRIBUCION ESPERADA POR LOS ALUMNOS Y LA SOCIEDAD EN GENERAL.

ASI MISMO, PROCURA ACTIVAR VALORES COMO:  ACTITUD DE SERVICIO, RESPONSABILIDAD SOCIAL, COMPORTAMIENTO ETICO, RECTITUD, CAPACIDAD DE INNOVACION, DINAMISMO, DESARROLLO MAXIMO DE SUS CAPACIDADES, CALIDAD, PRODUCTIVIDAD Y LIDERAZGO.";Bernardo;Arteaga Velˇsquez;RECTOR;ACTA C.D.;48;11/03/2016;1/04/2016;31/03/2020;Bernardo;Arteaga Velˇsquez;REPRESENTANTE LEGAL;ACTA C.D.;4;11/03/2016;1/04/2016;31/03/2020;;ANTIOQUIA;MEDELLIN
3103;COLEGIO MAYOR DE BOLIVAR;ACTIVA;890.480.054;PRINCIPAL;MUNICIPAL;OFICIAL;INSTITUCION TECNOLOGICA;BOLIVAR;CARTAGENA;Calle de la Factor≠a  35-95;6644060;Congreso;LEY;48;17/12/1945;19;www.colmayorbolivar.edu.co;NO;;;;EL COLEGIO MAYOR DE BOLIVAR ES UNA INSTITUCIÖN DE EDUCACIÖN TECNOLÖGICA ESTATAL OFICIAL QUE FUNDAMENTA SU MISIÖN EN LA FORMACIÖN DE SUS EDUCANDOS EN OCUPACIONES, PROGRAMAS DE FORMACIÖN ACADêMICA EN DISCIPLINAS Y PROGRAMAS DE ESPECIALIZACIÖN TECNOLÖGICA EN DIFERENTES ÊREAS DEL CONOCIMIENTO, DENTRO DE CLAROS PRINCIPIOS êTICOS, TECNOLÖGICOS, HUMANISTICOS Y CIENTIFICOS EN UN AMBIENTE DE AUTONOMôA INSTITUCIONAL QUE ASEGURA LA LIBERTAD DE ENSEæANZA Y APRENDIZAJE Y LA PARTICIPACIÖN ACADêMICA PARA QUE, DENTRO DE SU CAMPO DE FORMACIÖN ESPECôFICA, CONTRIBUYAN AL DESARROLLO REGIONAL Y NACIONAL.;JAIRO ARGEMIRO;MENDOZA ˘˘LVAREZ;RECTOR;ACUERDO C.D.;48;17/12/2018;26/12/2018;25/12/2022;JAIRO ARGEMIRO;MENDOZA ˘˘LVAREZ;REPRESENTANTE LEGAL;ACUERDO C.D.;18;17/12/2018;26/12/2018;25/12/2022;"CERES,BOLIVAR,MARIA LA BAJA;CERES,BOLIVAR,SIMITI;";BOLIVAR;CARTAGENA
1714;COLEGIO MAYOR DE NUESTRA SEæORA DEL ROSARIO;ACTIVA;860.007.759;PRINCIPAL;FUNDACION;PRIVADA;UNIVERSIDAD;BOGOTA D.C;BOGOTA D.C.;Calle 14  6-25;2431716;MINISTERIO DE GOBIERNO.;RESOLUCION;58;31/12/1969;179;www.urosario.edu.co;SI;27/12/2011;12229;8;IMPARTIR UNA SOLIDA FORMACION ETICA Y HUMANISTICA QUE UNIDA A LA INVESTIGACION Y A UNA  IDONEA Y EXIGENTE DOCENCIA, PERMITA A ESTA COMUNIDAD EDUCATIVA FORMAR INTEGRALMENTE PERSONAS INSIGNES Y ACTUAR  EN BENEFICIO DE LA SOCIEDAD CON UN MAXIMO SENTIDO DE RESPONSABILIDAD.;JOS˘ ALEJANDRO;Cheyne Garc˘a;RECTOR;ACTA;58;1/10/2018;25/10/2018;24/10/2022;JOS˘ ALEJANDRO;Cheyne Garc˘˘a;REPRESENTANTE LEGAL;ACTA;1;1/10/2018;25/10/2018;24/10/2022;"CONVENIO,BOGOTA D.C,BOGOTA D.C.;CONVENIO,ANTIOQUIA,MEDELLIN;CONVENIO,QUINDIO,ARMENIA;";BOGOTA D.C;BOGOTA D.C.
3104;COLEGIO MAYOR DEL CAUCA;ACTIVA;NO INFORMA;PRINCIPAL;DEPARTAMENTAL;OFICIAL;INSTITUCION UNIVERSITARIA/ESCUELA TECNOLOGICA;CAUCA;POPAYAN;Cra.5#5-40 (SEDE PPAL), Calle 3#6-42 (CASA OB;8241109;Ministerio de Educacion Nacional.;RESOLUCION;524;15/12/1966;14;www.colmayorcauca.edu.co;NO;;;;GENERAR Y FOMENTAR EL SURGIMIENTO DE NUEVAS Y DIVERSAS FORMAS DE MEJORAMIETO Y SUPERACION SOCIO-CULTURAL MEDIANTE PROCESOS DE EDUCACION INTEGRAL FORMAL E INFORMAL QUE SE EXPRESEN EN PENSAMIENTO CRITICO E INNOVADOR, INTERDICIPLINARIEDAD, E INDISCRIMINACION IDEOLOGICA Y SU APLICABILIDAD EN PROYECTOS VIABLES DENTRO DEL CONTEXTO REGIONAL, TRANSFORMANDO SIGNIFICATIVAMENTE LA SOCIEDAD, COMUNIDAD, LOS COLECTIVOS Y LA FAMILIA.;FREDY ALONSO;VIDAL ALEGRIA;RECTOR(E);RESOLUCION C.D.;524;2/10/2015;5/10/2015;;FREDY ALONSO;VIDAL ALEGRIA;REPRESENTANTE LEGAL (E);RESOLUCION C.D.;7;2/10/2015;5/10/2015;;;CAUCA;POPAYAN
3104;COLEGIO MAYOR DEL CAUCA;ACTIVA;NO INFORMA;PRINCIPAL;DEPARTAMENTAL;OFICIAL;INSTITUCION UNIVERSITARIA/ESCUELA TECNOLOGICA;CAUCA;POPAYAN;Cra.5#5-40 (SEDE PPAL), Calle 3#6-42 (CASA OB;8241109;Ministerio de Educacion Nacional.;RESOLUCION;524;15/12/1966;14;www.colmayorcauca.edu.co;NO;;;;GENERAR Y FOMENTAR EL SURGIMIENTO DE NUEVAS Y DIVERSAS FORMAS DE MEJORAMIETO Y SUPERACION SOCIO-CULTURAL MEDIANTE PROCESOS DE EDUCACION INTEGRAL FORMAL E INFORMAL QUE SE EXPRESEN EN PENSAMIENTO CRITICO E INNOVADOR, INTERDICIPLINARIEDAD, E INDISCRIMINACION IDEOLOGICA Y SU APLICABILIDAD EN PROYECTOS VIABLES DENTRO DEL CONTEXTO REGIONAL, TRANSFORMANDO SIGNIFICATIVAMENTE LA SOCIEDAD, COMUNIDAD, LOS COLECTIVOS Y LA FAMILIA.;Hector;Sanchez Collazos;RECTOR;ACUERDO C.D.;524;18/05/2016;19/05/2016;18/05/2020;Hector;Sanchez Collazos;REPRESENTANTE LEGAL;ACUERDO C.D.;12;18/05/2016;19/05/2016;18/05/2020;;CAUCA;POPAYAN
3104;COLEGIO MAYOR DEL CAUCA;ACTIVA;NO INFORMA;PRINCIPAL;DEPARTAMENTAL;OFICIAL;INSTITUCION UNIVERSITARIA/ESCUELA TECNOLOGICA;CAUCA;POPAYAN;Cra.5#5-40 (SEDE PPAL), Calle 3#6-42 (CASA OB;8241109;Ministerio de Educacion Nacional.;RESOLUCION;524;15/12/1966;14;www.colmayorcauca.edu.co;NO;;;;GENERAR Y FOMENTAR EL SURGIMIENTO DE NUEVAS Y DIVERSAS FORMAS DE MEJORAMIETO Y SUPERACION SOCIO-CULTURAL MEDIANTE PROCESOS DE EDUCACION INTEGRAL FORMAL E INFORMAL QUE SE EXPRESEN EN PENSAMIENTO CRITICO E INNOVADOR, INTERDICIPLINARIEDAD, E INDISCRIMINACION IDEOLOGICA Y SU APLICABILIDAD EN PROYECTOS VIABLES DENTRO DEL CONTEXTO REGIONAL, TRANSFORMANDO SIGNIFICATIVAMENTE LA SOCIEDAD, COMUNIDAD, LOS COLECTIVOS Y LA FAMILIA.;Hector;Sanchez Collazos;RECTOR;ACUERDO C.D.;524;18/05/2016;19/05/2016;18/05/2020;FREDY ALONSO;VIDAL ALEGRIA;REPRESENTANTE LEGAL (E);RESOLUCION C.D.;7;2/10/2015;5/10/2015;;;CAUCA;POPAYAN
3104;COLEGIO MAYOR DEL CAUCA;ACTIVA;NO INFORMA;PRINCIPAL;DEPARTAMENTAL;OFICIAL;INSTITUCION UNIVERSITARIA/ESCUELA TECNOLOGICA;CAUCA;POPAYAN;Cra.5#5-40 (SEDE PPAL), Calle 3#6-42 (CASA OB;8241109;Ministerio de Educacion Nacional.;RESOLUCION;524;15/12/1966;14;www.colmayorcauca.edu.co;NO;;;;GENERAR Y FOMENTAR EL SURGIMIENTO DE NUEVAS Y DIVERSAS FORMAS DE MEJORAMIETO Y SUPERACION SOCIO-CULTURAL MEDIANTE PROCESOS DE EDUCACION INTEGRAL FORMAL E INFORMAL QUE SE EXPRESEN EN PENSAMIENTO CRITICO E INNOVADOR, INTERDICIPLINARIEDAD, E INDISCRIMINACION IDEOLOGICA Y SU APLICABILIDAD EN PROYECTOS VIABLES DENTRO DEL CONTEXTO REGIONAL, TRANSFORMANDO SIGNIFICATIVAMENTE LA SOCIEDAD, COMUNIDAD, LOS COLECTIVOS Y LA FAMILIA.;FREDY ALONSO;VIDAL ALEGRIA;RECTOR(E);RESOLUCION C.D.;524;2/10/2015;5/10/2015;;Hector;Sanchez Collazos;REPRESENTANTE LEGAL;ACUERDO C.D.;12;18/05/2016;19/05/2016;18/05/2020;;CAUCA;POPAYAN
2208;CONSERVATORIO DEL TOLIMA;ACTIVA;890.700.906-0;PRINCIPAL;DEPARTAMENTAL;OFICIAL;INSTITUCION UNIVERSITARIA/ESCUELA TECNOLOGICA;TOLIMA;IBAGUE;Calle 9  1-18;2613118;Asamblea del Tolima.;ORDENANZA;42;10/12/1980;4;www.conservatoriodeltolima.edu.co;NO;;;;"SERVIR A LA COMUNIDAD COMO CENTRO PERMANENTE DE CREACION, DESARROLLO, CONSERVACION Y DIFUSION DE LA CULTURA ARTISTICA, TANTO DE LA REGION, COMO DEL PAIS Y DEL MUNDO; MEDIANTE LA FORMACION DE UN PROFESIONAL INTEGRAL CON AMPLIOS CONOCIMIENTOS MUSICALES, HUMANISTICOS Y DOCENTES, CON ALTO SENTIDO ESTETICO, CAPAZ DE COMPROMETERSE CON EL DESARROLLO CULTURAL Y SOCIAL DE LA REGION Y DEL PAIS.";JAMES ENRIQUE;FERN˘˘NDEZ C˘RDOBA;RECTOR;NO INFORMA;42;6/07/2018;7/07/2018;6/07/2022;JAMES ENRIQUE;FERN˘NDEZ C˘RDOBA;REPRESENTANTE LEGAL;NO INFORMA;4;6/07/2018;7/07/2018;6/07/2022;;TOLIMA;IBAGUE
4801;CORPORACION ACADEMIA SUPERIOR DE ARTES;ACTIVA;890984813-2;PRINCIPAL;CORPORACION;PRIVADA;INSTITUCION TECNOLOGICA;ANTIOQUIA;MEDELLIN;Calle 43 78-40;4112811;MINISTERIO DE EDUCACION NACIONAL.;RESOLUCION;11105;13/07/1983;6;www.corpoasa.edu.co;NO;;;;"OFRECER NUEVAS Y ACERTADAS ALTERNATIVAS DE FORMACI˘N PROFESIONAL RELACIONADAS CON LA INGENIERIA, EL DISE˘O Y LA ADMINISTRACI˘N; QUE PERMITAN CUBRIR LAS NECESIDADES LABORALES DEL MEDIO.

PREPARAR PROFESIONALES ID˘NEOS PARA DESEMPE˘ARSE PERMANENTEMENTE COMO EMPLEADOS, O CREAR SU PROPIA EMPRESA, DESDE LA CUAL PUEDE OFRECER SERVICIOS PROFESIONALES INDEPENDIENTES.

IMPARTIR UNA INFORMACI˘N INTEGRAL, ENMARCADA DENTRO DE LOS LINEAMIENTOS DE LA EDUCACI˘N SUPERIOR DEL DESARROLLO ˘TICO Y MORAL.

PRESTAR SERVICIO A LA COMUNIDAD ATRAV˘S DE LA REALIZACI˘N DE TRABAJOS ACAD˘MICOS.";Santiago;Orjuela Greiffenstein;RECTOR;ACUERDO;11105;5/12/2016;1/02/2017;1/02/2019;Santiago;Orjuela Greiffenstein;REPRESENTANTE LEGAL;ACUERDO;115;5/12/2016;1/02/2017;1/02/2019;;ANTIOQUIA;MEDELLIN
3820;CORPORACION ACADEMIA TECNOLOGICA DE COLOMBIA -ATEC-;ACTIVA;NO INFORMA;PRINCIPAL;CORPORACION;PRIVADA;INSTITUCION TECNOLOGICA;ANTIOQUIA;MEDELLIN;Carrera 42  47-82 Centro;2171005;MINISTERIO DE EDUCACION NACIONAL;RESOLUCION;13298;24/10/1986;3;www.atec.edu.co;NO;;;;"ES MISION DE LA CORPORACION ACADEMIA TECNOLOGICA DE COLOMBIA &quot;ATEC&quot;:

- BUSCA LA FORMACIÖN INTEGRAL DEL HOMBRE Y FOMENTA SU MEJORAMIENTO CONTINUO MEDIANTE EL PERFECCIONAMIENTO DE MêTODOS PEDAGÖGICOS EN DISTINTOS CAMPOS DEL CONOCIMIENTO,APORTANDO ASô ELEMENTOS PARA ELEVAR EL NIVEL DE LA EDUCACIÖN SUPERIOR DINAMIZANDO LO CIENTôFICO PARA DESCUBRIR E INTERPRETAR LA REALIDAD SIEMPRE EN BENEFICIO DE LA SOCIEDAD";NATALIA ANDREA;FORERO GOMEZ;RECTOR;ACTA;13298;4/02/2009;12/02/2009;;NATALIA ANDREA;FORERO GOMEZ;REPRESENTANTE LEGAL;ACTA;1;4/02/2009;12/02/2009;;;ANTIOQUIA;MEDELLIN
4838;CORPORACION BOLIVARIANA DE EDUCACION SUPERIOR - CORBES -;INACTIVA;1;PRINCIPAL;CORPORACION;PRIVADA;INSTITUCION TECNICA PROFESIONAL;NORTE DE SANTANDER;CUCUTA;Avda 1 No. 2 - 63 Barrio Lleras;5740254;MINISTERIO DE EDUCACION NACIONAL;RESOLUCION;1018;18/05/1999;0;www.corbes.edu.co;NO;;;;NO INFORMA;HECTOR JULIO;SANABRIA LANDAZABAL;RECTOR;ACTA;1018;5/05/2010;5/05/2010;4/05/2013;MELVI SENAIDA;ALVAREZ;REPRESENTANTE LEGAL;ACTA;10;30/09/2013;30/09/2013;30/09/2017;;NORTE DE SANTANDER;CUCUTA
4806;CORPORACION CENTRO DE ESTUDIOS ARTISTICOS Y TECNICOS-CEART-;ACTIVA;860.036.444-2;PRINCIPAL;CORPORACION;PRIVADA;INSTITUCION TECNICA PROFESIONAL;BOGOTA D.C;BOGOTA D.C.;Calle 42 No.13-26;3405125;MINISTERIO DE JUSTICIA;NO INFORMA;1727;22/04/1974;3;www.ce-art.edu.co;NO;;;;MISION;Daniel;Durˇn Barrera;RECTOR;ACTA;1727;20/02/2017;1/03/2017;28/02/2020;Daniel;Durˇn  Barrera;REPRESENTANTE LEGAL;ACTA;74;20/02/2017;1/03/2017;28/02/2020;;BOGOTA D.C;BOGOTA D.C.
4809;CORPORACION CENTRO TECNICO ARQUITECTONICO;INACTIVA;891.411.199-3;PRINCIPAL;CORPORACION;PRIVADA;INSTITUCION TECNICA PROFESIONAL;RISARALDA;PEREIRA;Avenida 30 de Agosto 52-236;3293333;MINISTERIO DE EDUCACION NACIONAL;RESOLUCION;18512;4/10/1983;0;www.corporacioncta.edu.co;NO;;;;FORMAR PERSONAS TECNICO PROFESIONALES, HACIENDO USO DEL ESTIMULO DEL ES UNA INSTITUCION DE EDUCACION SUPERIOR DE NIVEL TECNICA PROFESIONAL DEDICADA A LA FORMACION, ENTRENAMIENTO, CONTINUIDAD Y ACTUALIZACION EDUCATIVA, DE PERSONAS CON VOCACION O TRADICION OPERATIVA EN LAS AREAS AUTORIZADAS POR EL MINISTERIO DE EDUCACION NACIONAL, SATISFACIENDO LAS DEMANDAS DE CUALIFICACION DE UN PERFIL OCUPACIONAL TECNICO OPERATIVO EN LOS DISTINTOS SECTORES PRODUCTIVOS;DIANA MILENA;BEDOYA GALINDO;RECTOR(E);ACTA;18512;7/02/2013;7/02/2013;;CRISTOBAL;FRANCO GIL;REPRESENTANTE LEGAL;ACTA;4;17/11/2007;17/11/2007;;;RISARALDA;PEREIRA
2838;CORPORACION COLEGIATURA COLOMBIANA;ACTIVA;811.024.158;PRINCIPAL;CORPORACION;PRIVADA;INSTITUCION UNIVERSITARIA/ESCUELA TECNOLOGICA;ANTIOQUIA;MEDELLIN;Km 7. V≠a Las Palmas;3547120;MINISTERIO DE EDUCACION NACIONAL.;RESOLUCION;1989;11/07/2000;8;www.colegiatura.edu.co;NO;;;;"LA CORPORACIÖN COLEGIATURA COLOMBIANA INSTITUCIÖN UNIVERSITARIA  TIENE COMO FILOSOFôA EDUCATIVA TRES PROPÖSITOS QUE INTEGRAN SU RAZÖN DE SER: 
+	EL RESPETO A LOS SERES HUMANOS Y SU MEDIO AMBIENTE
+	EL LOGRO DE LA EXCELENCIA ACADêMICA
+	LA PROYECCIÖN DE SUS ACCIONES HACIA EL BIENESTAR  COMUNITARIO

SE FUNDAMENTA PARA ELLO EN PROCESOS Y MêTODOS DE FORMACIÖN QUE CONTEMPLAN LABORES EDUCATIVAS, INSTRUCTIVAS Y DE CAPACITACIÖN COMO ESTRATEGIAS PEDAGÖGICAS ORIENTADAS A CREAR PROFESIONALES ôNTEGROS, RACIONALES Y SENSIBLES, GESTORES Y AGENTES DE VALORES ESTêTICOS, êTICOS Y CôVICOS DENTRO DE UN SABERHACER ESPECôFICO.

ASô FORMARÊ SERES HUMANOS CUYA PRINCIPAL FUNCIÖN ACADêMICA Y PROFESIONAL ESTARÊ AL SERVICIO DE LA DIGNIDAD INDIVIDUAL, COLECTIVA  Y DE LA CULTURA.

LA ACADEMIA ADOPTA PARA Sô MISMA, UN SISTEMA DE EDUCACIÖN PROGRESISTA QUE SE COMPROMETE CON LAS SIGUIENTES REALIZACIONES:
+	QUE PERMITA ACCEDER DE MANERA LIBRE Y SIN RESTRICCIONES A CUALQUIER ÊREA DEL CONOCIMIENTO,
+ 	QUE POSEA COMO PRINCIPIO PEDAGÖGICO EL RESPETO Y ACEPTACIÖN DE LOS DERECHOS HUMANOS, LAS DIFERENCIAS INDIVIDUALES Y SOCIALES DE SUS ALUMNOS Y DOCENTES,
+	QUE ELABORE, IMPLEMENTE Y EJECUTE UN SISTEMA DE PLANEACIÖN PROSPECTIVO, FUNDAMENTADO EN LA 	 INVESTIGACIÖN, EN PROCURA DE LA CONSTANTE ACTUALIZACIÖN Y LA SABIA INTERVENCIÖN EN LA CULTURA.

LA INTEGRIDAD Y AUTOREALIZACIÖN DEL SER HUMANO COMO PRINCIPIOS, LA FORMACIÖN EN LA EXCELENCIA ACADêMICA COMO FINALIDAD Y EL DESARROLLO SOCIAL COMO EFECTO, SON LA MISIÖN DE LA CORPORACIÖN COLEGIATURA COLOMBIANA INSTITUCIÖN UNIVERSITARIA.";JULIO ARMANDO;SALLEG TABOADA;RECTOR;ACTA;1989;13/01/2012;1/02/2012;;JULIO ARMANDO;SALLEG TABOADA;REPRESENTANTE LEGAL;ACTA;40;13/01/2012;1/02/2012;;;ANTIOQUIA;MEDELLIN
2835;CORPORACION CRISTIANA UNIVERSITARIA DE SAN ANDRES, PROVIDENCIA Y SANTA CATALINA;INACTIVA;NO INFORMA;PRINCIPAL;CORPORACION;PRIVADA;INSTITUCION UNIVERSITARIA/ESCUELA TECNOLOGICA;SAN ANDRES Y PROVIDENCIA;SAN ANDRES;Km. 14   2-29 South End;5130355;MINISTERIO DE EDUCACION NACIONAL.;RESOLUCION;6278;19/03/2007;0;No disponible;NO;;;;MISION;OAKLEY;FORBES BRYAN;RECTOR;NO INFORMA;6278;;;;OAKLEY;FORBES BRYAN;REPRESENTANTE LEGAL;NO INFORMA;;;;;;SAN ANDRES Y PROVIDENCIA;SAN ANDRES
3811;CORPORACION DE EDUCACION DEL NORTE DEL TOLIMA - COREDUCACION;ACTIVA;890.704.562-9;PRINCIPAL;CORPORACION;PRIVADA;INSTITUCION TECNOLOGICA;TOLIMA;HONDA;Calle 10 #29-93/33 Barrio El Reposo;2513266;MINISTERIO DE EDUCACION NACIONAL;RESOLUCION;9702;8/07/1981;9;www.coreducacion.edu.co;NO;;;;SER UNA INSTITUCIÖN DE EDUCACIÖN SUPERIOR QUE PROPICIA PROGRAMAS ALTA CALIDAD A TRAVêS DE SU TALENTO HUMANO Y SU INFRAESTRUCTURA FôSICA A LA POBLACIÖN DEL MAGDALENA MEDIO Y SU ÊREA DE INFLUENCIA PARA DESARROLLAR LA CUALIFICACION UNIVERSITARIA, CON LA EXCELENCIA REQUERIDA, CON LA VOLUNTAD DE SER COMPETITIVOS Y LIDERES EN SU PROFESION Y PROMOVER EN INTERACTUACIÖN CON EL TERRITORIO, EL SECTOR PUBLICO Y LA EMPRESA PRIVADA, POR MEDIO DE LA DOCENCIA LA INVESTIGACIÖN Y LA EXTENSIÖN, UNA SITUACIÖN DE CAMBIO QUE PERMITA LA TRANSFORMACION DE LA REGION EN LO ECONÖMICO, SOCIAL, CULTURAL Y ECOLÖGICO, BUSCANDO UN DESARROLLO SOSTENIBLE.;DAVID RAMON;CALDAS;RECTOR;ACTA;9702;7/05/2008;7/05/2008;;DAVID RAMON;CALDAS;REPRESENTANTE LEGAL;ACTA;297;7/05/2008;7/05/2008;;;TOLIMA;HONDA
4814;CORPORACION DE EDUCACION SUPERIOR MIGUEL CAMACHO PEREA;INACTIVA;NO INFORMA;PRINCIPAL;CORPORACION;PRIVADA;INSTITUCION TECNICA PROFESIONAL;VALLE DEL CAUCA;CALI;Avenida 3 Norte #44-100 Barrio  La Merced;649989;MINISTERIO DE EDUCACION NACIONAL;RESOLUCION;8533;6/06/1983;0;NO DISPONIBLE;NO;;;;"LA CORPORACION DE EDUCACION SUPERIOR MIGUEL CAMACHO PEREA PROMUEVE LA EDUCACION Y FORMACION DE PERSONAS INTEGRAS, COMPETENTES, DE PRINCIPIOS CLAROS, ETICOS, EFICIENTES, COMPROMETIDOS, PARTICIPES ACTIVOS EN EL MEJORAMIENTO COMUNITARIO Y PERSONAL, QUE RESPONDAN AL DESARROLLO NACIONAL Y DE LA REGION, MEDIANTE EL CONOCIMIENTO TECNICO, CIENTIFICO, HUMANISTICO Y ARTISTICO.
LA CORPORACION DE EDUCACION SUPERIOR MIGUEL CAMACHO PEREA, REALIZA EL SEGUIMIENTO DE SU COMUNIDAD EDUCATIVA EN SU MUNDO Y POSIBILIDADES, AYUDANDOLOS A PERFECCIONARSE EN EL AMBITO PERSONAL Y ACADEMICO, PERMITIENDOLE VIVIR Y DISFRUTAR.";DANIEL HERNAN;CAMACHO BOTERO;RECTOR;RESOLUCION;8533;16/12/1983;9/03/1984;;DANIEL HERNAN;CAMACHO BOTERO;REPRESENTANTE LEGAL;ACTA;.;10/11/2003;10/11/2003;;;VALLE DEL CAUCA;CALI
4812;CORPORACION DE EDUCACION SUPERIOR SURAMERICA;ACTIVA;860.519.585-6;PRINCIPAL;CORPORACION;PRIVADA;INSTITUCION TECNICA PROFESIONAL;BOGOTA D.C;BOGOTA D.C.;Carrera 103D 136 Bis-03;6813193;MINISTERIO DE EDUCACION NACIONAL;RESOLUCION;1311;29/02/1984;8;www.lasmercedes.edu.co;NO;;;;"LA MISION DE LA CORPORACION NUESTRA SE?ORA DE LAS MERCEDES, INSTITUCION TECNICA PROFESIONAL DE EDUCACION SUPERIOR ES PRESTAR UN SERVICIO DE CALIDAD A LA SOCIEDAD COLOMBIANA, EN UN MARCO DE LIBERTAD DE PENSAMIENTO, PLURALISMO IDEOLOGICO E ILUMINADO POR LAS ORIENTACIONES DE LA IGLESIA CATOLICA.

LA CORPORACION OFRECE A SUS ALUMNOS POSIBILIDADES COGNITIVAS, PEDAGOGICAS, CIENTIFICAS, TECNICAS Y DE DESARROLLO HUMANO, BUSCANDO FORMAR ANTE TODO PERSONAS, CON AUTONOMIA, RESPONSABILIDAD, COMPROMISO Y ETICA, CAPACES DE SOLUCIONAR PROBLEMAS Y APORTAR AL DESARROLLO CIENTIFICO, TECNICO, CULTURAL, POLITICO Y ECOLOGICO A NIVEL REGIONAL Y NACIONAL.";ALVARO;HOFFMANN VALDERRAMA;RECTOR;ACTA;1311;16/04/2010;16/04/2010;;ALVARO;HOFFMANN VALDERRAMA;REPRESENTANTE LEGAL;ACTA;145;16/04/2010;16/04/2010;;;BOGOTA D.C;BOGOTA D.C.
9903;CORPORACION DE EDUCACION TECNOLOGICA COLSUBSIDIO- AIRBUS GROUP;ACTIVA;900401526-8;PRINCIPAL;CORPORACION;PRIVADA;INSTITUCION TECNOLOGICA;BOGOTA D.C;BOGOTA D.C.;Calle 52A No. 9-76;2550617;Ministerio de Educaci˘n Nacional;RESOLUCION;9150;21/10/2010;12;www.cetcolsubsidio.edu.co;NO;;;;;WILMAR  ALEXANDER;Chinchilla  Moreno;RECTOR;ACTA C.S.;9150;1/02/2019;1/02/2019;28/02/2019;WILMAR  ALEXANDER;Chinchilla  Moreno;REPRESENTANTE LEGAL;ACTA C.S.;46;1/02/2019;1/02/2019;28/02/2019;;BOGOTA D.C;BOGOTA D.C.
4811;CORPORACION DE ESTUDIOS SUPERIORES SALAMANDRA;ACTIVA;890.324.361;PRINCIPAL;CORPORACION;PRIVADA;INSTITUCION TECNICA PROFESIONAL;VALLE DEL CAUCA;CALI;Calle 17 A 121-399 Casa 75 A  Pance;5552133;MINISTERIO DE EDUCACION NACIONAL;RESOLUCION;11104;13/07/1983;6;www.cenda-cali.edu.co;NO;;;;MISION;LAUREANO RICARDO;QUINTERO BARRERA;RECTOR;ACTA;11104;16/02/2011;10/02/2011;;DIANA MARITZA;OSUNA GUTIERREZ;REPRESENTANTE LEGAL;ACTA;25;4/03/2011;11/03/2011;;;VALLE DEL CAUCA;CALI
3801;CORPORACION DE ESTUDIOS TECNOLOGICOS DEL NORTE DEL VALLE;ACTIVA;891.401.313-4;PRINCIPAL;CORPORACION;PRIVADA;INSTITUCION TECNOLOGICA;VALLE DEL CAUCA;CARTAGO;Calle 10  3-95;2111804;GOBIERNO DEPARTAMENTAL DEL VALLE;RESOLUCION;3712;21/09/1971;14;www.cotecnova.edu.co;NO;;;;"SU POBLACION OBJETIVO ES ESENCIALMENTE LA QUE HABITA EN EL NORTE DEL VALLE, SIN EXCLUSION DE PERSONAS DE CUALQUIER LATITUD GEOGRAFICA Y CUYA FUNCION BASICA Y TRASCEDENTAL ES LA BUSQUEDA DEL DESARROLLO INTEGRAL DEL HOMBRE MEDIANTE SU FORMACION ETICA, CIENTIFICA, TECNICA, TECNOLOGICA, HUMANISTICA Y PEDAGOGICA; DE TAL FORMA QUE PUEDE INFLUIR VITALMENTE EN LA SOCIEDAD.  TAMBIEN ES PARTE DE LA MISION LA ARTICULACION DE LA INSTITUCION AL DESARROLLO SOCIAL MEDIANTE PROGRAMAS DE INVESTIGACION Y EXTENSION.";Leonardo;Villamil Gamba;RECTOR;ACUERDO;3712;19/09/2017;25/09/2017;24/09/2021;LEONARDO;VILLAMIL GAMBA;REPRESENTANTE LEGAL;ACUERDO;010-17;19/09/2017;25/09/2017;24/09/2021;;VALLE DEL CAUCA;CARTAGO
4817;CORPORACION EDUCATIVA DEL LITORAL;ACTIVA;890.104.481-6;PRINCIPAL;CORPORACION;PRIVADA;INSTITUCION TECNICA PROFESIONAL;ATLANTICO;BARRANQUILLA;CL79 # 42F-110;3207450;GOBERNACION DEL ATLANTICO.;RESOLUCION;713;19/06/1972;6;www.corpoedulitoral.edu.co;NO;;;;"LOS  DIRECTIVOS , EL RECTOR, EL DIRECTOR ACADêMICO, LOS DIRECTORES DE PROGRAMAS, LOS PROFESORES Y ADMINISTRATIVOS,  DECLARAMOS:
QUE ESTAMOS VOLUNTARIA Y RESPONSABLEMENTE COMPROMETIDOS, A QUE LA CORPORACIÖN, MEDIANTE NUESTRO ESFUERZO FORMADOR DE ELEMENTOS CAPACES DE IMPULSAR LA TRANSFORMACIÖN EN LA PRODUCCIÖN Y EN LA CULTURA, CREE ESPACIOS DE FORMACIÖN E INSTRUCCIÖN TêCNICA, SOCIAL Y CULTURAL QUE PROPICIEN EN EL FUTURO PROFESIONAL UNA CAPACIDAD DE LIDERAZGO EN EL CONTEXTO DE LA REALIDAD COLOMBIANA PARA QUE PUEDA EMPLEAR A FONDO SU POTENCIAL HUMANO E INTELECTUAL EN LA COMPRENSIÖN DE LA DINÊMICA DE NUESTRO PAôS Y PARTICIPE ACTIVAMENTE EN LA SOLUCIÖN DE LOS PROBLEMAS URBANOS, DEPARTAMENTALES, REGIONALES Y NACIONALES.

PARA LO CUAL, NOSOTROS, ESTIMULAMOS AL ESTUDIANTE EN LA BÇSQUEDA DEL SABER, GRACIAS AL ESTUDIO Y A LA INVESTIGACIÖN, DENTRO DE LOS CRITERIOS DE RESPONSABILIDAD PERSONAL Y PROFESIONAL CONSEGUIDOS EN VIRTUD DE PRINCIPIOS êTICOS Y DE UNA ALTA EXIGENCIA ACADêMICA AUNADAS A UNA EXPERIENCIA LOGRADA DIRECTAMENTE EN PRÊCTICAS VIVIDA EN LUGARES DE TRABAJO.";Alvaro   Jesús;Cotes  Mestre;DIRECTOR;ACUERDO;713;30/05/2015;26/04/2015;25/04/2017;IRENE MARIA;INSIGNARES LOGAN;REPRESENTANTE LEGAL;ACTA;244;7/02/2019;7/02/2019;25/04/2021;;ATLANTICO;BARRANQUILLA
4817;CORPORACION EDUCATIVA DEL LITORAL;ACTIVA;890.104.481-6;PRINCIPAL;CORPORACION;PRIVADA;INSTITUCION TECNICA PROFESIONAL;ATLANTICO;BARRANQUILLA;CL79 # 42F-110;3207450;GOBERNACION DEL ATLANTICO.;RESOLUCION;713;19/06/1972;6;www.corpoedulitoral.edu.co;NO;;;;"LOS  DIRECTIVOS , EL RECTOR, EL DIRECTOR ACADêMICO, LOS DIRECTORES DE PROGRAMAS, LOS PROFESORES Y ADMINISTRATIVOS,  DECLARAMOS:
QUE ESTAMOS VOLUNTARIA Y RESPONSABLEMENTE COMPROMETIDOS, A QUE LA CORPORACIÖN, MEDIANTE NUESTRO ESFUERZO FORMADOR DE ELEMENTOS CAPACES DE IMPULSAR LA TRANSFORMACIÖN EN LA PRODUCCIÖN Y EN LA CULTURA, CREE ESPACIOS DE FORMACIÖN E INSTRUCCIÖN TêCNICA, SOCIAL Y CULTURAL QUE PROPICIEN EN EL FUTURO PROFESIONAL UNA CAPACIDAD DE LIDERAZGO EN EL CONTEXTO DE LA REALIDAD COLOMBIANA PARA QUE PUEDA EMPLEAR A FONDO SU POTENCIAL HUMANO E INTELECTUAL EN LA COMPRENSIÖN DE LA DINÊMICA DE NUESTRO PAôS Y PARTICIPE ACTIVAMENTE EN LA SOLUCIÖN DE LOS PROBLEMAS URBANOS, DEPARTAMENTALES, REGIONALES Y NACIONALES.

PARA LO CUAL, NOSOTROS, ESTIMULAMOS AL ESTUDIANTE EN LA BÇSQUEDA DEL SABER, GRACIAS AL ESTUDIO Y A LA INVESTIGACIÖN, DENTRO DE LOS CRITERIOS DE RESPONSABILIDAD PERSONAL Y PROFESIONAL CONSEGUIDOS EN VIRTUD DE PRINCIPIOS êTICOS Y DE UNA ALTA EXIGENCIA ACADêMICA AUNADAS A UNA EXPERIENCIA LOGRADA DIRECTAMENTE EN PRÊCTICAS VIVIDA EN LUGARES DE TRABAJO.";JOHANN ENRIQUE;GOMEZ PULGA;RECTOR;ACUERDO;713;6/05/2016;27/01/2016;26/01/2018;IRENE MARIA;INSIGNARES LOGAN;REPRESENTANTE LEGAL;ACTA;244;7/02/2019;7/02/2019;25/04/2021;;ATLANTICO;BARRANQUILLA
4804;CORPORACION EDUCATIVA DEL ORIENTE;INACTIVA;NO INFORMA;PRINCIPAL;CORPORACION;PRIVADA;INSTITUCION TECNICA PROFESIONAL;NORTE DE SANTANDER;CUCUTA;Av 4  15-70;5715149;MINISTERIO DE EDUCACION NACIONAL.;RESOLUCION;8532;6/06/1983;0;No disponible;NO;;;;LA CORPORACION EDUCATIVA DEL ORIENTE,  ES UNA INSTITUCION DE EDUCACION SUPERIOR DE CARACTER PRIVADO,  SIN ANIMO DE LUCRO Y SE ENMARCA DENTRO DE LOS PRINCIPIOS QUE DEFINEN LA EDUCACION SUPERIOR,  COMO DE SERVICIO PUBLICO  Y FUNCION SOCIAL, ORIENTADA HACIA LA FORMACION DE UN PROFESIONAL INTEGRO GENERADOR DE CONOCIMIENTOS, DENTRO DE LOS PRINCIPIOS DE  AUTONOMIA  Y LIBERTAD ACADEMICA, CON VALORES PERSONALES, INTELECTUALES, ETICOS, SOCIALES Y HUMANISTICOS QUE HAGAN  DE LA INSTITUCION UN ELEMENTO DINAMIZADOR DEL DESARRROLLO  BIO - PSICOSOCIAL Y ECONOMICO  DE NUESTRA REGION Y DE COLOMBIA.;MARIO ANTONIO;TOLOSA SANDOVAL;RECTOR;NO INFORMA;8532;;;;MARIO ANTONIO;TOLOSA SANDOVAL;REPRESENTANTE LEGAL;NO INFORMA;;;;;;NORTE DE SANTANDER;CUCUTA
4827;CORPORACION EDUCATIVA INSTITUTO TECNICO SUPERIOR DE ARTES, IDEARTES;ACTIVA;NO INFORMA;PRINCIPAL;CORPORACION;PRIVADA;INSTITUCION TECNICA PROFESIONAL;ANTIOQUIA;MEDELLIN;Calle 47  42-39;2175599;MINISTERIO DE EDUCACION NACIONAL.;RESOLUCION;11103;13/07/1983;0;www.institutodeartes.edu.co;NO;;;;LA MISIÖN DE LA CORPORACIÖN INSTITUTO TêCNICO SUPERIOR DE ARTES ES LA DE CONTRIBUôR A LA  FORMACIÖN DE PROFESIONALES TêCNICOS EN LOS CAMPOS DE LAS ARTES APLICADAS,  LA COMUNICACIÖN MASIVA Y LAS  TECNOLOGôAS INFORMÊTICAS, INCORPORANDO EN ELLOS LOS BENEFICIOS DE LOS AVANCES CIENTôFICOS, TECNOLÖGICOS Y TêCNICOS Y DESARROLLANDO LAS DIMENSIONES INTELECTUAL, êTICA, POLôTICA Y ESTêTICA DEL SER HUMANO, A TRAVêS DEL EJERCICIO DE SUS FUNCIONES SUSTANTIVAS DE DOCENCIA, INVESTIGACIÖN, DE PROYECCIÖN SOCIAL Y DE BIENESTAR INSTITUCIONAL, BUSCANDO SIEMPRE EL MEJORAMIENTO DE LA CALIDAD ACADêMICA Y DANDO CUMPLIMIENTO A LOS POSTULADOS ESTABLECIDOS POR LA LEY PARA LA EDUCACIÖN SUPERIOR.;MARIA ROSALBA;PAREJA DE MONTOYA;RECTOR;ACTA;11103;20/05/2013;1/06/2013;31/05/2015;MARIA ROSALBA;PAREJA DE MONTOYA;REPRESENTANTE LEGAL;ACTA;215;20/05/2013;1/06/2013;31/05/2015;;ANTIOQUIA;MEDELLIN
3810;CORPORACION EDUCATIVA -ITAE-;ACTIVA;890.203.706-2;PRINCIPAL;CORPORACION;PRIVADA;INSTITUCION TECNOLOGICA;SANTANDER;BUCARAMANGA;Calle de los Estudiantes  10-20 Ciudadela;6445323;GOBIERNO DEPARTAMENTAL DE SANTANDER.;RESOLUCION;41;8/03/1972;16;www.itae.edu.co;NO;;;;"SU MISIÖN SINTETIZA SU ACCIONAR Y PRETENDE:

FORMAR PROFESIONALES INTELECTUALMENTE COMPETENTES, EN EL ÊMBITO DE PREGRADO COMO TêCNICOS PROFESIONALES O COMO TECNÖLOGOS SEGÇN EL NIVEL DEL PROGRAMA, IMPARTIENDO UNA EDUCACIÖN CON PRINCIPIOS CONSERVADORES, DEMOCRÊTICOS Y CATÖLICOS, RECONOCIENDO A DIOS COMO FUNDAMENTO DE TODAS LAS COSAS Y LA FAMILIA COMO LA ESENCIA DE TODA SOCIEDAD.

BUSCA CREAR UNA CULTURA CIENTôFICA, ANTIDOGMÊTICA Y TOLERANTE QUE ORIENTE LOS PROCESOS DE EDUCACIÖN Y DIVULGACIÖN DE NUEVO CONOCIMIENTO, PROPONIENDO LOS CRITERIOS Y LAS NORMAS FUNDAMENTALES QUE GUôEN LOS PROYECTOS DE APERTURA DE INFORMACIÖN E INVESTIGACIÖN QUE GENEREN LOS DOCENTES Y ESTUDIANTES DE LA CORPORACIÖN EDUCATIVA ITAE BUSCANDO ASô EL CRECIMIENTO DE LA INSTITUCIÖN EN PRO DE LA SOLIDEZ CIENTôFICA QUE NUESTRA REGIÖN DEL ORIENTE DEL PAôS REQUIERE.

LUCHA POR FOMENTAR EL AVANCE DEL CONOCIMIENTO Y EN ESPECIAL SUS APLICACIONES DANDO PRIORIDAD A LAS TECNOLOGôAS DIRIGIDAS A LA SATISFACCIÖN DE LAS NECESIDADES BÊSICAS DE LA POBLACIÖN Y AL AUMENTO DE LA PRODUCTIVIDAD Y CONSECUCIÖN DE LA COMPETITIVIDAD INTERNACIONAL DEL APARATO PRODUCTIVO REGIONAL Y NACIONAL SEGÇN EL CASO, Y DE ESTA FORMA ENRIQUECER EL PERFIL PERSONAL DE LOS QUE EN êL PARTICIPAN, MEJORANDO PRIMORDIALMENTE EL NIVEL DE VIDA DE LOS HABITANTES DE NUESTRA REGIÖN.&quot;

ITAE CONSIDERA LA LABOR INVESTIGATIVA DESARROLLADA EN EL CAMPO DE LA EDUCACIÖN SUPERIOR, NO SOLO NECESARIA SINO PRIORITARIA PARA EL DESARROLLO INSTITUCIONAL Y REGIONAL.  POR CONSIGUIENTE TODA LA COMUNIDAD EDUCATIVA, DESDE SUS CUADROS DIRECTIVOS PASANDO POR SU PERSONAL ADMINISTRATIVO, ACADêMICO Y ESTUDIANTIL SE ENCUENTRA INVOLUCRADO EN ESTE CAMPO.

PROFESIONALES CON ESPôRITU Y DECISIÖN INVESTIGATIVA QUE GENEREN CRECIMIENTO Y DESARROLLO PERSONAL PROYECTADOS AL PROGRESO REGIONAL Y NACIONAL, SON LOS QUE GRADÇA LA CORPORACIÖN EDUCATIVA ITAE.";Ramiro;Serrano Serrano;RECTOR;ACTA;41;8/03/2016;28/05/2016;;Ramiro;Serrano Serrano;REPRESENTANTE LEGAL;ACTA;377-01;8/03/2016;28/05/2016;;;SANTANDER;BUCARAMANGA
4822;CORPORACION ESCUELA DE ARTES Y LETRAS;ACTIVA;860504543-1;PRINCIPAL;CORPORACION;PRIVADA;INSTITUCION UNIVERSITARIA/ESCUELA TECNOLOGICA;BOGOTA D.C;BOGOTA D.C.;Carrera 12  70-44/46;5417173;MINISTERIO DE EDUCACION NACIONAL;RESOLUCION;6272;4/05/1983;19;www.artesyletras.com.co;NO;;;;LA MISION DE LA CORPORACION DE ARTES Y LETRAS ES FORMAR HOMBRES PRAGMATICOS CON FUNDAMENTACION ARTISTICA Y HUMANISTICA, CON CAPACIDAD DE LIDERZGO CRITICO, CONTEXTUALIZADOS CON LA REALIDAD SOCIAL, CON VISI˘N EMPRESARIAL, LO CUAL LES FACILITAR˘ APORTAR SOLUCIONES CREATIVAS, RESPONSABLES Y DISPUESTOS A RESOLVER CONFLICTOS DENTRO DE UN AMBIENTE DE CORDIALIDAD, CUMPLIMIENTO Y RESPETO.;EDGAR IGNACIO;DIAZ SANTOS;RECTOR;RESOLUCION;6272;25/11/1998;24/08/1998;;EDGAR IGNACIO;DIAZ SANTOS;REPRESENTANTE LEGAL;RESOLUCION;1834;25/11/1998;24/08/1998;;;BOGOTA D.C;BOGOTA D.C.
3806;CORPORACION ESCUELA SUPERIOR DE ADMINISTRACION Y ESTUDIOS TECNOLOGICOS- EAE;ACTIVA;890309555-3;PRINCIPAL;CORPORACION;PRIVADA;INSTITUCION TECNOLOGICA;VALLE DEL CAUCA;CALI;Avenida 6N No. 23DN-16 Barrio Versalles;6679911;MINISTERIO DE EDUCACION NACIONAL.;RESOLUCION;4158;9/07/1975;6;www.eae.edu.co;NO;;;;* *;CARLOS ANDRES;VALLEJO PARRA;RECTOR;ACTA;4158;6/02/2015;8/02/2015;;CARLOS ANDRES;VALLEJO PARRA;REPRESENTANTE LEGAL;ACTA;53;6/02/2015;8/02/2015;;;VALLE DEL CAUCA;CALI
5801;CORPORACION ESCUELA TECNOLOGICA DEL ORIENTE;ACTIVA;804006527-3;PRINCIPAL;CORPORACION;PRIVADA;INSTITUCION UNIVERSITARIA/ESCUELA TECNOLOGICA;SANTANDER;BUCARAMANGA;Calle 41 10-30 Barrio Alfonso L˘pez;6349810;MINISTERIO DE EDUCACION NACIONAL;RESOLUCION;2680;5/08/1998;11;www.tecnologicadeloriente.edu.co;NO;;;;;Wilson;Jaimes Martinez;RECTOR SUPLENTE;ACUERDO C.S.;2680;18/11/2016;20/11/2016;19/11/2019;WILSON;Jaimes Martinez;REPRESENTANTE LEGAL;ACUERDO C.S.;10;18/11/2016;20/11/2016;19/11/2019;;SANTANDER;BUCARAMANGA
5801;CORPORACION ESCUELA TECNOLOGICA DEL ORIENTE;ACTIVA;804006527-3;PRINCIPAL;CORPORACION;PRIVADA;INSTITUCION UNIVERSITARIA/ESCUELA TECNOLOGICA;SANTANDER;BUCARAMANGA;Calle 41 10-30 Barrio Alfonso L˘pez;6349810;MINISTERIO DE EDUCACION NACIONAL;RESOLUCION;2680;5/08/1998;11;www.tecnologicadeloriente.edu.co;NO;;;;;Wilson;Jaimes Martinez;RECTOR;ACUERDO C.S.;2680;18/11/2016;20/11/2016;19/11/2019;WILSON;Jaimes Martinez;REPRESENTANTE LEGAL;ACUERDO C.S.;10;18/11/2016;20/11/2016;19/11/2019;;SANTANDER;BUCARAMANGA
4825;CORPORACION INSTITUTO DE ADMINISTRACION Y FINANZAS - CIAF;ACTIVA;891.408.248-5;PRINCIPAL;CORPORACION;PRIVADA;INSTITUCION TECNICA PROFESIONAL;RISARALDA;PEREIRA;Carrera 6 24-56;3400100;MINISTERIO DE EDUCACION NACIONAL.;RESOLUCION;19348;7/12/1985;8;www.ciaf.edu.co;NO;;;;LA CIAF ES UNA INSTITUCION DE EDUCACION SUPERIOR QUE OFRECE FORMACION INTEGRAL EN AREAS EMPRESARIALES ESPECIFICAS, RESPONDIENDO A UNA NECESIDAD SENTIDA EN LA REGION Y ENFOCANDO SU MERCADO AL SECTOR PRODUCTIVO, CON EL OFRECIMIENTO DE PROGRAMAS EN JORNADA NOCTURNA;GUSTAVO ANTONIO;RESTREPO MESA;RECTOR;ACTA;19348;9/04/2012;9/04/2012;;JAIRO;RODRIGUEZ VALDERRAMA;REPRESENTANTE LEGAL;ACTA;6;13/12/2018;15/12/2018;14/12/2021;;RISARALDA;PEREIRA
4832;CORPORACION INSTITUTO SUPERIOR DE EDUCACION SOCIAL-ISES-;ACTIVA;860.066.098-5;PRINCIPAL;CORPORACION;PRIVADA;INSTITUCION TECNICA PROFESIONAL;BOGOTA D.C;BOGOTA D.C.;Carrera 23  63 - 36;5441388;MINISTERIO DE EDUCACION NACIONAL;RESOLUCION;2028;2/03/1982;12;www.ises.edu.co;NO;;;;;MIGUEL ANTONIO;AVILA FIGUEROA;RECTOR;ACTA;2028;5/01/2006;5/01/2006;;MIGUEL ANTONIO;AVILA FIGUEROA;REPRESENTANTE LEGAL;ACTA;14;5/01/2006;5/01/2006;;;BOGOTA D.C;BOGOTA D.C.
4829;CORPORACION INTERAMERICANA DE EDUCACION SUPERIOR-CORPOCIDES;ACTIVA;890.204.702;PRINCIPAL;CORPORACION;PRIVADA;INSTITUCION TECNICA PROFESIONAL;SANTANDER;BUCARAMANGA;Carrera 26  50-73;6473939;GOBIERNO DEPARTAMENTAL DE SANTANDER;RESOLUCION;80;1/08/1974;11;www.interamericana.edu.co;NO;;;;"CORPOCIDES, COMO CONCEPTO FILOSOFICO TIENE UNA CONNOTACION EMINENTEMENTE DE SERVICIO EDUCATIVO A LA COMUNIDAD.  SE PROYECTA, NO SOLAMENTE COMO UN ENTE DOCENTE, PRODUCTOR DE TECNICOS, SINO COMO ENTIDAD EDUCATIVA, HUMANISTA, COMPROMETIDA  SOCIALMENTE CON LA FORMACION INTEGRAL DE PROFESIONALES DE LAS MAS ALTAS  CALIDADES HUMANAS, MIEMBROS DE UNA SOCIEDAD QUE LE VA A EXIGIR, NO SOLO PREPARACION ACADEMICA, SINO TAMBIEN,  UNA SERIE DE CUALIDADES HUMANAS QUE LO ENCUADREN DENTRO DE LA COMUNIDAD EN LA CUAL SE VA A DESEMPE?AR.  POR LO TANTO, SU MISION SERA LA DE SER ORIENTADORA DE PROFESIONALES, QUE SALEN AL MUNDO LABORAL A SATISFACER LAS NECESIDADES DE LA COMUNIDAD EN LOS DIFERENTES RAMOS DEL SABER HUMANO, CON UNA VISION FUTURISTA, CON UN CONOCIMIENTO ANALITICO, FRUTO DEL ESTUDIO INVESTIGATIVO, QUE LOS LLEVE A PRESENTAR SOLUCIONES SABIAS, CIENTIFICAS, ANTE LAS DIFERENTES DISYUNTIVAS DEL DESARROLLO HUMANO Y, TAMBIEN, FORJADORA Y FORMADORA DE CIUDADANOS PROBOS, HONESTOS, CON UN PROFUNDO SENTIDO ETICO DE SU PROFESION; SOCIALMENTE DIGNOS, CON SERIOS PRINCIPIOS MORALES Y SOCIALES QUE LES PERMITAN SER LIDERES DENTRO DE SU COMUNIDAD, RECONOCIDOS COMO CIUDADANOS INTEGROS, PROPULSORES DEL DESARROLLO DE SU COMUNIDAD, EN EL SABER ACADEMICO Y, TAMBIEN, EN EL CAMPO CIVICO, SOCIAL, CULTURAL Y ETICO.";FERNANDO;ARDILA BERNAL;RECTOR;ACTA;80;28/11/2014;28/11/2014;28/11/2018;FERNANDO;ARDILA BERNAL;REPRESENTANTE LEGAL;ACTA;71;28/11/2014;28/11/2014;28/11/2018;"CENTROS TUTORIALES,MAGDALENA,SANTA MARTA;CENTROS TUTORIALES,MAGDALENA,SANTA MARTA;CENTROS TUTORIALES,MAGDALENA,SANTA MARTA;CENTROS TUTORIALES,SANTANDER,SAN GIL;CENTROS TUTORIALES,SANTANDER,SAN GIL;CENTROS TUTORIALES,SANTANDER,SAN GIL;";SANTANDER;BUCARAMANGA
3826;CORPORACION INTERNACIONAL PARA EL DESARROLLO EDUCATIVO -CIDE-;ACTIVA;860.053.914-4;PRINCIPAL;CORPORACION;PRIVADA;INSTITUCION TECNOLOGICA;BOGOTA D.C;BOGOTA D.C.;Calle 41  27A-56 La Soledad;3689618;MINISTERIO DE JUSTICIA;RESOLUCION;1567;25/03/1977;23;www.cide.edu.co;NO;;;;"CIDE SE HA PLANTEADO COMO MISION: LA SATISFACCION PERMANENTE DE NECESIDADES DE EDUCACION SUPERIOR, A PERSONAS INTERESADAS EN APRENDER A APRENDER SABERES Y HACERES CON FORMACION INTEGRAL E INVESTIGACION; PRESERVANDO, ENRIQUECIENDO, RECREANDO, TRANSMITIENDO Y DIFUNDIENDO LA CULTURA, CON ENFASIS EN LAS CIENCIAS APLICADAS SIGNIFICATIVAS PARA CONSTRUIR DESARROLLO HUMANO AUTOSOSTENIDO BAJO LOS PRINCIPIOS Y FUNDAMENTOS DE LA ETICA CRISTIANA, Y SOPORTADA EN EL SERVICIO A LA COMUNIDAD, EN LA CIENCIA, EN LA FILOSOFIA, LAS HUMANIDADES, LAS ARTES Y LAS TECNICAS.";Sandra Teresa;Arcos Mart≠nez;RECTOR;ACTA;1567;27/10/2016;1/11/2016;;EDINSON RAFAEL;CASTRO ALVARADO;REPRESENTANTE LEGAL;ACUERDO;1;28/08/2018;28/08/2018;28/08/2021;;BOGOTA D.C;BOGOTA D.C.
3829;CORPORACION JHON F. KENNEDY;ACTIVA;800.210.541;PRINCIPAL;CORPORACION;PRIVADA;INSTITUCION TECNOLOGICA;BOGOTA D.C;BOGOTA D.C.;Cll 46 #13-43;2451333;MINISTERIO DE EDUCACION NACIONAL;RESOLUCION;5460;1/10/1993;0;www.jfk.edu.co;NO;;;;MISION;LUIS CARLOS;RESTREPO ROJAS;RECTOR;ACTA;5460;16/09/2014;17/09/2014;17/09/2019;LUIS CARLOS;RESTREPO ROJAS;REPRESENTANTE LEGAL;ACTA;4;16/09/2014;17/09/2014;17/09/2019;;BOGOTA D.C;BOGOTA D.C.
4803;CORPORACION POLITECNICO COLOMBO ANDINO;ACTIVA;860.508.517-8;PRINCIPAL;CORPORACION;PRIVADA;INSTITUCION TECNICA PROFESIONAL;BOGOTA D.C;BOGOTA D.C.;Calle 56 14-67;5556969;MINISTERIO DE EDUCACION NACIONAL.;RESOLUCION;2026;2/03/1982;3;www.polcolan.edu.co;NO;;;;MISION;NELSON;LOPEZ MOSQUERA;RECTOR(E);ACTA C.S.;2026;10/11/2016;10/11/2016;9/11/2020;NELSON;LOPEZ MOSQUERA;REPRESENTANTE LEGAL (E);ACTA C.S.;230;10/11/2016;10/11/2016;9/11/2020;;BOGOTA D.C;BOGOTA D.C.
4803;CORPORACION POLITECNICO COLOMBO ANDINO;ACTIVA;860.508.517-8;PRINCIPAL;CORPORACION;PRIVADA;INSTITUCION TECNICA PROFESIONAL;BOGOTA D.C;BOGOTA D.C.;Calle 56 14-67;5556969;MINISTERIO DE EDUCACION NACIONAL.;RESOLUCION;2026;2/03/1982;3;www.polcolan.edu.co;NO;;;;MISION;MARCO FIDEL;MURILLO RODRIGUEZ;RECTOR;ACTA;2026;4/07/2014;4/07/2014;3/07/2018;MARCO FIDEL;MURILLO RODRIGUEZ;REPRESENTANTE LEGAL;ACTA;192;4/07/2014;4/07/2014;3/07/2018;;BOGOTA D.C;BOGOTA D.C.
4803;CORPORACION POLITECNICO COLOMBO ANDINO;ACTIVA;860.508.517-8;PRINCIPAL;CORPORACION;PRIVADA;INSTITUCION TECNICA PROFESIONAL;BOGOTA D.C;BOGOTA D.C.;Calle 56 14-67;5556969;MINISTERIO DE EDUCACION NACIONAL.;RESOLUCION;2026;2/03/1982;3;www.polcolan.edu.co;NO;;;;MISION;MARCO FIDEL;MURILLO RODRIGUEZ;RECTOR;ACTA;2026;4/07/2014;4/07/2014;3/07/2018;NELSON;LOPEZ MOSQUERA;REPRESENTANTE LEGAL (E);ACTA C.S.;230;10/11/2016;10/11/2016;9/11/2020;;BOGOTA D.C;BOGOTA D.C.
4803;CORPORACION POLITECNICO COLOMBO ANDINO;ACTIVA;860.508.517-8;PRINCIPAL;CORPORACION;PRIVADA;INSTITUCION TECNICA PROFESIONAL;BOGOTA D.C;BOGOTA D.C.;Calle 56 14-67;5556969;MINISTERIO DE EDUCACION NACIONAL.;RESOLUCION;2026;2/03/1982;3;www.polcolan.edu.co;NO;;;;MISION;NELSON;LOPEZ MOSQUERA;RECTOR(E);ACTA C.S.;2026;10/11/2016;10/11/2016;9/11/2020;MARCO FIDEL;MURILLO RODRIGUEZ;REPRESENTANTE LEGAL;ACTA;192;4/07/2014;4/07/2014;3/07/2018;;BOGOTA D.C;BOGOTA D.C.
3821;CORPORACION POLITECNICO DE LA COSTA ATLANTICA;ACTIVA;800.036.652-1;PRINCIPAL;CORPORACION;PRIVADA;INSTITUCION TECNOLOGICA;ATLANTICO;BARRANQUILLA;Cra. 38 No. 79A-167 Claustro de Santa Bernardita;3361800;MINISTERIO DE EDUCACION NACIONAL;RESOLUCION;5814;24/05/1988;21;www.pca.edu.co;NO;;;;"CREAR LAS CONDICIONES PROPICIAS PARA EL DESARROLLO DE UNA ACTIVIDAD COGNOSCITIVA, BASICA Y FLEXIBLE QUE PERMITA LA FORMACION DE UNA PERSONA INTEGRAL, CON ESPIRITU CRITICO, REFLEXIVO E INNOVADOR; CON FUNDAMENTOS SOLIDOS EN EL CAMPO DE LA CIENCIA Y LA TECNOLOGIA, A TRAVES DE UN MODELO PEDAGOGICO TEORICO - PRATICO Y MEDIANTE EL SISTEMA DE EDUCACION POR CICLOS; QUE ESTE A TONO CON LAS EXIGENCIAS DE MODERNISMO, PRODUCTIVIDAD, COMPETITIVIDAD Y EFICIENCIA, CONSCIENTE DE SUS DEBERES Y RESPONSABILIDADES SOCIALES Y POR LO TANTO CAPAZ DE PARTICIPAR ACTIVAMENTE EN LA SOLUCION DE PROBLEMAS CONCRETOS DE LA SOCIEDAD; Y APTA PARA COADYUVAR EN EL PROGRESO DE LA REGION CARIBE COLOMBIANA Y DEL PAIS.";HUGO CESAR;SANTANDER GARCIA;RECTOR;ACTA C.S.;5814;27/03/2018;6/04/2018;6/04/2020;HUGO CESAR;SANTANDER GARCIA;REPRESENTANTE LEGAL;ACTA C.S.;1;27/03/2018;6/04/2018;6/04/2020;;ATLANTICO;BARRANQUILLA
4808;CORPORACION REGIONAL DE EDUCACION SUPERIOR-CRES-DE CALI;ACTIVA;890.328.023-8;PRINCIPAL;CORPORACION;PRIVADA;INSTITUCION TECNICA PROFESIONAL;VALLE DEL CAUCA;CALI;Calle 6 No. 30› -23 Av. Roosevel, Barrio El Cedro;6826182;MINISTERIO DE EDUCACION NACIONAL;RESOLUCION;1998;14/02/1983;18;www.corpocres.edu.co;NO;;;;MISION;PABLO FRANCISCO;LOPEZ INSUASTY;RECTOR;ACTA;1998;6/03/2006;8/03/2006;;PABLO FRANCISCO;LOPEZ INSUASTY;REPRESENTANTE LEGAL;ACTA;71;6/03/2006;8/03/2006;;;VALLE DEL CAUCA;CALI
4805;CORPORACION TECNICA DE COLOMBIA -CORPOTEC-;ACTIVA;860.516.740-8;PRINCIPAL;CORPORACION;PRIVADA;INSTITUCION TECNICA PROFESIONAL;BOGOTA D.C;BOGOTA D.C.;Av. Ciudad de Cali 69A - 47;3173707085;Ministerio de Educaci˘n Nacional;RESOLUCION;4023;25/03/1983;1;www.corpotec.edu.co;NO;;;;CONCIENTES DE LOS NUEVOS RETOS IMPUESTOS POR LA EDUCACI˘N EN COLOMBIA, LA CORPORACI˘N TECNICA DE COLOMBIA CORPOTEC, ASUME SU COMPROMISO FORMANDO TECNICOS PROFESIONALES CON MUCHA CALIDAD HUMANA Y SOCIAL, CAPACES DE BRINDAR SUS CONOCIMIENTOS EN FUNCION DE UNA COLOMBIA MEJOR.;LUIS FERNANDO;LETRADO AYALA;RECTOR;ACTA;4023;15/09/2015;15/09/2015;14/09/2016;LUIS FERNANDO;LETRADO AYALA;REPRESENTANTE LEGAL;ACTA;10;15/09/2015;15/09/2015;14/09/2016;;BOGOTA D.C;BOGOTA D.C.
3832;CORPORACION TECNOLOGICA  SUPERIOR SIGLO  XXI;INACTIVA;812.005.728-1;PRINCIPAL;CORPORACION;PRIVADA;INSTITUCION TECNOLOGICA;CORDOBA;CERETE;Calle 9 9B-27 Barrio Santa Clara;7745524;MINISTERIO DE EDUCACION NACIONAL.;RESOLUCION;1027;19/03/2007;0;No disponible;NO;;;;;FAUSTO ALBERTO;ZAPA VELASQUEZ;RECTOR;NO INFORMA;1027;;;;FAUSTO ALBERTO;ZAPA VELASQUEZ;REPRESENTANTE LEGAL;NO INFORMA;;;;;;CORDOBA;CERETE
3834;CORPORACION TECNOLOGICA CATOLICA DE OCCIDENTE - TECOC -;ACTIVA;811.039.347-1;PRINCIPAL;CORPORACION;PRIVADA;INSTITUCION TECNOLOGICA;ANTIOQUIA;SANTA FE DE ANTIOQUIA;Calle 20  5-07  Llano de Bolivar;8533489;MINISTERIO DE EDUCACION NACIONAL.;RESOLUCION;44;17/01/2002;2;No disponible;NO;;;;SIN DEFINIR;Henry Ignacio;Giraldo Pineda;RECTOR;DECRETO;44;6/04/2016;6/04/2016;;Henry Ignacio;Giraldo Pineda;REPRESENTANTE LEGAL;DECRETO;425;6/04/2016;6/04/2016;;;ANTIOQUIA;SANTA FE DE ANTIOQUIA
3808;CORPORACION TECNOLOGICA DE BOGOTA - CTB - ;ACTIVA;860.404.351-5;PRINCIPAL;CORPORACION;PRIVADA;INSTITUCION TECNOLOGICA;BOGOTA D.C;BOGOTA D.C.;Carrera 21 53D-35;3483061;MINISTERIO DE EDUCACION NACIONAL.;RESOLUCION;6271;10/05/1983;7;www.ctb.edu.co;NO;;;;"FORMAR AL HOMBRE PARA EL MUNDO PRESENTE Y FUTURO:EL HOMBRE COMO TAL;LA FORMACION DE SE RAZON Y DE SU LOGICA;EL NIVEL DE CONOCIMIENTO Y DE MORAL QUE TENGA EL HOMBRE;BUSCANDO EL DESARROLO DE RECURSOSHUMANOS PARA LA SOCIEDAD, LA EMPRESA Y LA INDUSTRIAEN GENERAL PREPARANDO TECNOLOGOS, PROFESIONALES Y ESPECIALISTAS DE LA QUIMICA INDUSTRIAL,REGENCIA DE FARMACIA,LOS SISTEMAS Y DEMAS PROFESIONESY DICIPLINAS DEL SABER,IMBUIDOS EN EL HUMANISMO CIENTIFICO,PROPICIANDO EL DESARROLLO DE LA CREATIVIDAD,LA FORMACION INTEGRAL CON COMPROMISO Y REPONSABILIDAD SOCIAL,QUE SEAN CAPACES DE DESENPE?ANSE OPTIMAMENTEEN CUALQUIER SITUACION Y SOBRESALIR EN LAS DIFICILES CONDICIONES ECONOMICAS, LABORALES,SOCIALES Y FAMILIARES EN LAS QUE EL PAIS SE ENCUENTRE; DENTRO DE UNA CONCIENCIA COSMICA EN CONSANANCIA CON LA CONSERVACION DEL MEDIO AMBIENTE Y ECOLOGICO Y EL PODER DE LA INVESTIGACION CIENTIFICA Y TECNOLOGICA.";HERNAN MAURICIO;CHAVES ARDILA;RECTOR;ACUERDO;6271;24/03/2015;24/03/2015;23/03/2019;BENJAMIN;LOPEZ ARCINIEGAS;REPRESENTANTE LEGAL;ACUERDO;12017;30/03/2017;30/03/2017;30/03/2019;;BOGOTA D.C;BOGOTA D.C.
9126;CORPORACION TECNOLOGICA INDOAMERICA;ACTIVA;900243674-1;PRINCIPAL;CORPORACION;PRIVADA;INSTITUCION TECNOLOGICA;ATLANTICO;BARRANQUILLA;Carrera 46 Calle 57 Esquina;3697604;MINISTERIO DE EDUCACION NACIONAL.;RESOLUCION;6173;22/09/2008;9;www.indoamerica.edu.co;NO;;;;;JAIRO AUGUSTO;RODELO SIERRA;RECTOR SUPLENTE;ACUERDO;6173;23/09/2016;23/09/2016;23/09/2018;JAIRO AUGUSTO;RODELO SIERRA;REPRESENTANTE LEGAL;ACUERDO;5;19/09/2018;23/09/2018;23/09/2020;;ATLANTICO;BARRANQUILLA
9126;CORPORACION TECNOLOGICA INDOAMERICA;ACTIVA;900243674-1;PRINCIPAL;CORPORACION;PRIVADA;INSTITUCION TECNOLOGICA;ATLANTICO;BARRANQUILLA;Carrera 46 Calle 57 Esquina;3697604;MINISTERIO DE EDUCACION NACIONAL.;RESOLUCION;6173;22/09/2008;9;www.indoamerica.edu.co;NO;;;;;JAIRO AUGUSTO;RODELO SIERRA;RECTOR;ACUERDO;6173;23/09/2016;23/09/2016;23/09/2018;JAIRO AUGUSTO;RODELO SIERRA;REPRESENTANTE LEGAL;ACUERDO;5;19/09/2018;23/09/2018;23/09/2020;;ATLANTICO;BARRANQUILLA
3819;CORPORACION TECNOLOGICA INDUSTRIAL COLOMBIANA - TEINCO;ACTIVA;800.003.963-5;PRINCIPAL;CORPORACION;PRIVADA;INSTITUCION TECNOLOGICA;BOGOTA D.C;BOGOTA D.C.;Calle 42  16-86;4856565;MINISTERIO DE EDUCACION NACIONAL;RESOLUCION;1048;16/02/1987;19;www.teinco.edu.co;NO;;;;"LA CORPORACION TECNOLOGICA INDUSTRIAL COLOMBIANA, ES UNA INSTITUCION DE EDUCACION SUPERIOR, PRIVADA, SIN ANIMO DE LUCRO, QUE PROPENDE POR LA BUSQUEDA DEL DESARROLLO HUMANO, CON EL APORTE DE DOCENTES Y DIRECTIVOS, CREANDO UNA CULTURA  INSTITUCIONAL AUTOCTONA Y PERSONALIZADA .  
MEDIANTE SUS VALORES DE ARMONIA, CALIDAD Y SERVICIO SE EVALUA EL ENTORNO CAMBIANTE PARA DINAMIZAR EL PROCESO DE ENSEæANZA APRENDIZAJE , INTRODUCIENDO CONOCIMIENTOS Y ESTRATEGIAS ACTUALES, QUE ABORDEN DE MANERA DIRECTA LA FORMACION INTEGRAL DEL TECNOLOGO PARA QUE SATISFAGA SUS ESPECTATIVAS. FORMANDO UN PROFESIONAL CON CAPACIDAD DE ANALISIS, REFLEXION, CRITICA, INGENIO Y CREATIVIDAD COMO CONSTANTES IMPULSORAS DE NUEVAS ACTIVIDADES, DE ADPTACION Y MODIFICACION DEL CONOCIMIENTO TECNOLOGICO Y CIENTIFICO; CONVIRTIENDONOS EN FACTOR DECISIVO EN LA MODERNIZACION , ASESORIAY CAPACITACION PARA LOS SECTORES INDUSTRIAL, COMERCIAL Y DE SERVICIOS.";DIANA PATRICIA;CAMARGO RAMIREZ;RECTOR;ACTA;1048;21/08/2012;23/08/2012;;WILLIAM FERNANDO;SANCHEZ CORREDOR;REPRESENTANTE LEGAL;ACTA;3;23/03/2010;23/03/2010;;;BOGOTA D.C;BOGOTA D.C.
3833;CORPORACION TECNOLOGICO COPACABANA - TECO -;INACTIVA;811029934-2;PRINCIPAL;CORPORACION;PRIVADA;INSTITUCION TECNOLOGICA;ANTIOQUIA;COPACABANA;Calle 50 39-203 Barrio El MojΩn;4534666;MINISTERIO DE EDUCACION NACIONAL.;RESOLUCION;1859;19/03/2007;0;No disponible;NO;;;;;GABRIEL ANTONIO;MONTOYA CORREA;RECTOR;NO INFORMA;1859;;;;GABRIEL ANTONIO;MONTOYA CORREA;REPRESENTANTE LEGAL;NO INFORMA;;;;;;ANTIOQUIA;COPACABANA
4813;CORPORACION UNIFICADA NACIONAL DE EDUCACION SUPERIOR-CUN-;ACTIVA;860401734-9;PRINCIPAL;CORPORACION;PRIVADA;INSTITUCION TECNICA PROFESIONAL;BOGOTA D.C;BOGOTA D.C.;Carrera 5  12-64  La Candelaria;3813222;MINISTERIO DE EDUCACION NACIONAL;RESOLUCION;1379;3/02/1983;140;www.cun.edu.co;NO;;;;"SOMOS LA INSTITUCION DE EDUCACION SUPERIOR MAS DINAMICA, INNOVADORA Y CREATIVA DE COLOMBIA; CREADORES DE LA NUEVA CULTURA HUMANA A TRAVES DE HOMBRES NUEVOS, LIDERES Y EMPRESARIOS, CREADORES DE IMPOSIBLES, CON ESPIRITU DE HISTORICIDAD Y DE GRANDEZA, CON UN PROFUNDO ESPIRITU CIENTIFICO, ETICO Y ESTETICO, CAPACES DE ESCRIBIR CON NUESTRO ESPIRITU LA EPOPEYA LATINOAMERICANA, EN LA EMPRESA, EN LA CIENCIA, EN LA TECNICA, EN LA FILOSOFIA, EN EL ARTE, EN LA POLITICA Y EN LA AVENTURA DE LA REALIZACION HUMANA.";LILIANA MARGARITA;RODRIGUEZ RODRIGUEZ;RECTOR;ACUERDO;1379;25/10/2017;26/10/2017;26/11/2022;Liliana Margarita;Rodr≠guez Rodr≠guez;REPRESENTANTE LEGAL;ACUERDO;11;18/12/2007;18/12/2007;;"CENTROS TUTORIALES,BOGOTA D.C,BOGOTA D.C.;CENTROS TUTORIALES,BOGOTA D.C,BOGOTA D.C.;CENTROS TUTORIALES,BOGOTA D.C,BOGOTA D.C.;CENTROS TUTORIALES,BOGOTA D.C,BOGOTA D.C.;CENTROS TUTORIALES,BOGOTA D.C,BOGOTA D.C.;CENTROS TUTORIALES,BOGOTA D.C,BOGOTA D.C.;CENTROS TUTORIALES,BOGOTA D.C,BOGOTA D.C.;CENTROS TUTORIALES,BOGOTA D.C,BOGOTA D.C.;CENTROS TUTORIALES,BOGOTA D.C,BOGOTA D.C.;CENTROS TUTORIALES,BOGOTA D.C,BOGOTA D.C.;CENTROS TUTORIALES,BOGOTA D.C,BOGOTA D.C.;CENTROS TUTORIALES,BOGOTA D.C,BOGOTA D.C.;CENTROS TUTORIALES,BOGOTA D.C,BOGOTA D.C.;CENTROS TUTORIALES,BOGOTA D.C,BOGOTA D.C.;CENTROS TUTORIALES,BOGOTA D.C,BOGOTA D.C.;CENTROS TUTORIALES,BOGOTA D.C,BOGOTA D.C.;CENTROS TUTORIALES,BOGOTA D.C,BOGOTA D.C.;CENTROS TUTORIALES,BOGOTA D.C,BOGOTA D.C.;CENTROS TUTORIALES,BOGOTA D.C,BOGOTA D.C.;CENTROS TUTORIALES,BOGOTA D.C,BOGOTA D.C.;CENTROS TUTORIALES,BOGOTA D.C,BOGOTA D.C.;CENTROS TUTORIALES,BOGOTA D.C,BOGOTA D.C.;CENTROS TUTORIALES,BOGOTA D.C,BOGOTA D.C.;CENTROS TUTORIALES,BOGOTA D.C,BOGOTA D.C.;CENTROS TUTORIALES,BOLIVAR,CARTAGENA;CENTROS TUTORIALES,BOLIVAR,CARTAGENA;CENTROS TUTORIALES,BOLIVAR,CARTAGENA;CENTROS TUTORIALES,CAQUETA,FLORENCIA;CENTROS TUTORIALES,CAQUETA,FLORENCIA;CENTROS TUTORIALES,CAQUETA,FLORENCIA;CENTROS TUTORIALES,CAQUETA,FLORENCIA;CENTROS TUTORIALES,CAQUETA,FLORENCIA;CENTROS TUTORIALES,CAQUETA,FLORENCIA;CENTROS TUTORIALES,CORDOBA,MONTERIA;CENTROS TUTORIALES,CORDOBA,MONTERIA;CENTROS TUTORIALES,CORDOBA,MONTERIA;CENTROS TUTORIALES,CORDOBA,MONTERIA;CENTROS TUTORIALES,CORDOBA,MONTERIA;CENTROS TUTORIALES,CORDOBA,MONTERIA;CENTROS TUTORIALES,CORDOBA,TIERRALTA;CENTROS TUTORIALES,CORDOBA,TIERRALTA;CENTROS TUTORIALES,CORDOBA,TIERRALTA;CENTROS TUTORIALES,CUNDINAMARCA,CHIA;CENTROS TUTORIALES,CUNDINAMARCA,CHIA;CENTROS TUTORIALES,CUNDINAMARCA,CHIA;CENTROS TUTORIALES,HUILA,NEIVA;CENTROS TUTORIALES,HUILA,NEIVA;CENTROS TUTORIALES,HUILA,NEIVA;CENTROS TUTORIALES,MAGDALENA,SANTA MARTA;CENTROS TUTORIALES,MAGDALENA,SANTA MARTA;CENTROS TUTORIALES,MAGDALENA,SANTA MARTA;CENTROS TUTORIALES,MAGDALENA,SANTA MARTA;CENTROS TUTORIALES,MAGDALENA,SANTA MARTA;CENTROS TUTORIALES,MAGDALENA,SANTA MARTA;CENTROS TUTORIALES,MAGDALENA,SANTA MARTA;CENTROS TUTORIALES,MAGDALENA,SANTA MARTA;CENTROS TUTORIALES,ANTIOQUIA,ARMENIA;CENTROS TUTORIALES,ANTIOQUIA,ARMENIA;CENTROS TUTORIALES,META,VILLAVICENCIO;CENTROS TUTORIALES,META,VILLAVICENCIO;CENTROS TUTORIALES,META,VILLAVICENCIO;CENTROS TUTORIALES,META,VILLAVICENCIO;CENTROS TUTORIALES,META,VILLAVICENCIO;CENTROS TUTORIALES,META,VILLAVICENCIO;CENTROS TUTORIALES,META,VILLAVICENCIO;CENTROS TUTORIALES,META,VILLAVICENCIO;CENTROS TUTORIALES,META,GRANADA;CENTROS TUTORIALES,META,GRANADA;CENTROS TUTORIALES,META,GRANADA;CENTROS TUTORIALES,NARINIO,PASTO;CENTROS TUTORIALES,NARINIO,PASTO;CENTROS TUTORIALES,NARINIO,PASTO;CENTROS TUTORIALES,NARINIO,IPIALES;CENTROS TUTORIALES,NARINIO,IPIALES;CENTROS TUTORIALES,NARINIO,IPIALES;CENTROS TUTORIALES,NORTE DE SANTANDER,CUCUTA;CENTROS TUTORIALES,NORTE DE SANTANDER,CUCUTA;CENTROS TUTORIALES,NORTE DE SANTANDER,CUCUTA;CENTROS TUTORIALES,QUINDIO,ARMENIA;CENTROS TUTORIALES,QUINDIO,ARMENIA;CENTROS TUTORIALES,QUINDIO,ARMENIA;CENTROS TUTORIALES,RISARALDA,PEREIRA;CENTROS TUTORIALES,RISARALDA,PEREIRA;CENTROS TUTORIALES,RISARALDA,PEREIRA;CENTROS TUTORIALES,SUCRE,SINCELEJO;CENTROS TUTORIALES,SUCRE,SINCELEJO;CENTROS TUTORIALES,SUCRE,SINCELEJO;CENTROS TUTORIALES,TOLIMA,IBAGUE;CENTROS TUTORIALES,TOLIMA,IBAGUE;CENTROS TUTORIALES,TOLIMA,IBAGUE;CENTROS TUTORIALES,TOLIMA,IBAGUE;CENTROS TUTORIALES,TOLIMA,IBAGUE;CENTROS TUTORIALES,TOLIMA,IBAGUE;CENTROS TUTORIALES,TOLIMA,IBAGUE;CENTROS TUTORIALES,TOLIMA,IBAGUE;CENTROS TUTORIALES,TOLIMA,ESPINAL (CHICORAL) ;CENTROS TUTORIALES,TOLIMA,ESPINAL (CHICORAL) ;CENTROS TUTORIALES,TOLIMA,ESPINAL (CHICORAL) ;CENTROS TUTORIALES,VALLE DEL CAUCA,CALI;CENTROS TUTORIALES,VALLE DEL CAUCA,CALI;CENTROS TUTORIALES,VALLE DEL CAUCA,BUENAVENTURA;CENTROS TUTORIALES,VALLE DEL CAUCA,BUENAVENTURA;CENTROS TUTORIALES,VALLE DEL CAUCA,BUENAVENTURA;CENTROS TUTORIALES,ATLANTICO,BARRANQUILLA;CENTROS TUTORIALES,ATLANTICO,BARRANQUILLA;CENTROS TUTORIALES,ATLANTICO,BARRANQUILLA;CENTROS TUTORIALES,ATLANTICO,BARRANQUILLA;CENTROS TUTORIALES,ATLANTICO,BARRANQUILLA;CENTROS TUTORIALES,CASANARE,YOPAL;CENTROS TUTORIALES,CASANARE,YOPAL;CENTROS TUTORIALES,CASANARE,YOPAL;";BOGOTA D.C;BOGOTA D.C.
3830;CORPORACION UNIVERSAL DE INVESTIGACION Y TECNOLOGIA -CORUNIVERSITEC-;ACTIVA;860.514.382-5;PRINCIPAL;CORPORACION;PRIVADA;INSTITUCION TECNOLOGICA;BOGOTA D.C;BOGOTA D.C.;Calle 34  15-36;5780330;MINISTERIO DE EDUCACION NACIONAL;RESOLUCION;2286;21/02/1983;12;www.coruniversitec.edu.co;NO;;;;CORUNIVERSITEC COMO INSTITUCION DE EDUCACION TECNOLOGICA SE PROPONE TRABAJAR POR LA FORMACION INTEGRAL E INVESTIGACION APLICADA, BASADA EN LOS EN LOS CURRICULOS PARA FORTALECER SU CONDICION DE INSTITUCION INTERDISCIPLINARIA COMPROMETIDA CON LA CAPACITACION DE LOS PROTAGONISTAS DEL CAMBIO QUE GARANTICEN EL DESARROLLO SOSTENIBLE DEL PAIS.;LUIS ENRIQUE;PARADA PEREZ;RECTOR;ACTA;2286;28/08/2007;28/08/2007;;LUIS ENRIQUE;PARADA PEREZ;REPRESENTANTE LEGAL;ACTA;93;28/08/2007;28/08/2007;;;BOGOTA D.C;BOGOTA D.C.
2847;CORPORACION UNIVERSIDAD DE INVESTIGACION Y DESARROLLO - UDI;ACTIVA;890.212.433-5;PRINCIPAL;CORPORACION;PRIVADA;UNIVERSIDAD;SANTANDER;BUCARAMANGA;Calle 9  23-55;6352525;MINISTERIO DE EDUCACION NACIONAL.;RESOLUCION;22195;20/12/1985;77;www.udi.edu.co;NO;;;;"LA CORPORACION TECNOLOGICA CENTROSISTEMAS ESTA COMPROMETIDA CON LA CALIDAD, CON LOS PRINCIPIOS CONSTITUCIONALES Y LOS OBJETIVOS ESTABLECIDOS POR LA LEY PARA LA EDUCACION SUPERIOR.

LA MISION DE CENTROSISTEMAS ES FORJAR CONOCIMIENTO Y FORMAR PROFESIONALES EN TECNOLOGIA Y OTRAS AREAS ACADEMICAS QUE MEJOR SIRVAN A SANTANDER Y AL PAIS.

LA CORPORACION MEJORA EN FORMA PERMANENTE LA CALIDAD DE SU ACADEMIA, INVESTIGACION Y PROGRAMAS. CENTROSISTEMAS ESTA DEDICADA A BRINDAR A SUS ESTUDIANTES UNA FORMACION INTEGRAL CON EL SOPORTE PEDAGOGICO Y DE BIENESTAR ADECUADO.  BUSCAMOS DESARROLLAR EN CADA MIEMBRO DE CENTROSISTEMAS LA HABILIDAD Y PASION POR EL TRABAJO INTELIGENTE, CREATIVO Y EFICAZ EN UN AMBIENTE DE RESPONSABILIDAD, CUMPLIMIENTO, DE RESPETO A LA PALABRA, A LAS PERSONAS Y A LOS DERECHOS HUMANOS.";JAIRO;CASTRO CASTRO;RECTOR;ACTA;22195;20/05/2014;21/08/2014;20/08/2020;JAIRO;CASTRO CASTRO;REPRESENTANTE LEGAL;ACTA;1;20/05/2014;21/08/2014;20/08/2020;;SANTANDER;BUCARAMANGA
2810;CORPORACION UNIVERSIDAD DE LA COSTA CUC;ACTIVA;NO INFORMA;PRINCIPAL;CORPORACION;PRIVADA;UNIVERSIDAD;ATLANTICO;BARRANQUILLA;Calle 58  55-66;3440983;GOBERNACION DEL ATLANTICO;RESOLUCION;352;23/04/1971;93;www.cuc.edu.co;NO;;;;MISION;TITO JOSE;CRISSIEN BORRERO;RECTOR;ACTA;352;5/12/2014;1/01/2015;31/12/2017;TITO JOSE;CRISSIEN BORRERO;REPRESENTANTE LEGAL;ACTA;29;5/12/2014;1/01/2015;31/12/2017;;ATLANTICO;BARRANQUILLA
1815;CORPORACION UNIVERSIDAD PILOTO DE COLOMBIA;ACTIVA;860.022.382-3;PRINCIPAL;CORPORACION;PRIVADA;UNIVERSIDAD;BOGOTA D.C;BOGOTA D.C.;Carrera  9  45A-44;3322900;MINISTERIO DE JUSTICIA.;RESOLUCION;3681;27/11/1962;34;www.unipiloto.edu.co;NO;;;;LA UNIVERSIDAD PILOTO BUSCA LA EXCELENCIA HUMANA Y ACADEMICA, ESTA COMPROMETIDA CON LA SALVAGUARDIA, INCREMENTO Y DIFUSION DEL SABER, FOMENTA LA INVESTIGACION Y EL INTERCAMBIO CON INSTITUCIONES NACIONALES Y EXTRANJERAS, FORMA PROFESIONALES INNOVADORES EN LA CIENCIA, LAS ARTES Y LA TECNOLOGIA CON COMPETENCIAS FLEXIBLES, CAPACIDAD EMPRENDEDORA Y CREATIVA, ACTITUDES CIENTIFICAS, ANALITICAS Y CRITICAS, MENTALIDAD ABIERTA Y GLOBAL, COMPROMETIDOS CON LOS VALORES ETICOS, CULTURALES, DEMOCRATICOS Y AMBIENTALES QUE QUE GARANTICEN EL DESARROLLO INTEGRAL Y ARMONICO DE LAS INSTITUCIONES DE LA SOCIEDAD, DE LAS REGIONES Y DEL PAIS EN GENERAL. TODO ELLO CON UNA VISION ANTROPOCENTRICA Y LA CONCEPCION DEL DESARROLLO URBANO PARAEL BIENSTAR DEL HOMBRE.;˘˘NGELA GABRIELA;BERNAL MEDINA;RECTOR;ACTA;3681;28/08/2018;12/09/2018;11/09/2019;JOS˘ MAR˘˘A;CIFUENTES P˘EZ;REPRESENTANTE LEGAL;ACTA;32018;14/09/2018;14/09/2018;13/09/2019;;BOGOTA D.C;BOGOTA D.C.
1822;CORPORACION UNIVERSIDAD PILOTO DE COLOMBIA;ACTIVA;860.022.382-3;SECCIONAL;CORPORACION;PRIVADA;UNIVERSIDAD;CUNDINAMARCA;GIRARDOT;Cra. 19  17-33 Barrio Las Quintas;8332845;MINISTERIO DE JUSTICIA.;RESOLUCION;3681;27/11/1962;11;www.unipiloto.edu.co;NO;;;;"LA CORPORACIÖN UNIVERSIDAD PILOTO DE COLOMBIA ES UNA INSTITUCIÖN AUTÖNOMA, DE CARÊCTER PRIVADO Y DE SERVICIO PÇBLICO CON PERSONERôA JURôDICA, FUNDADA POR JÖVENES UNIVERSITARIOS ALTRUISTAS PARA JÖVENES ALTRUISTAS, QUE SE DESEMPEæA EN ÊMBITOS LOCALES E INTERNACIONALES Y PARTICIPA EN LA CONSERVACIÖN, CONSTRUCCIÖN Y TRANSMISIÖN  DE LA CULTURA, PROPENDE POR LA FORMACIÖN INTEGRAL DE SUS ESTUDIANTES Y DOCENTES, Y POR EL CONOCIMIENTO CIENTôFICO Y TECNOLÖGICO; PREPARA DOCENTES EN SUS DISCIPLINAS, PROFESIONALES, INVESTIGADORES Y CIENTôFICOS IDÖNEOS; PROMUEVE LA INVESTIGACIÖN CIENTôFICA Y LA FORMACIÖN DE INVESTIGADORES EN DIFERENTES RAMAS DEL SABER, INSTRUMENTA A SUS PROFESORES EN PEDAGOGôA, FOMENTA EL ESTUDIO Y SOLUCIÖN DE LOS PROBLEMAS NACIONALES CON êNFASIS EN LOS PROBLEMAS URBANOS, SE PREOCUPA EN LA TEORôA Y EN LA PRÊCTICA POR LA FORMACIÖN DE LA CONSCIENCIA êTICA Y LA FIRME VOLUNTAD  DE SERVICIO A LA COMUNIDAD; AUSPICIA LA VINCULACIÖN DEL PENSAMIENTO COLOMBIANO A LA COMUNIDAD CIENTôFICA INTERNACIONAL; FORMA AL COLOMBIANO EN EL RESPETO A LOS DERECHOS HUMANOS, LA PAZ Y LA DEMOCRACIA. SU IDENTIDAD Y MISIÖN SE CONDENSAN EN SU NOMBRE: UNIVERSIDAD PILOTO DE COLOMBIA.";˘˘NGELA GABRIELA;BERNAL MEDINA;RECTOR;ACTA;3681;28/08/2018;12/09/2018;11/09/2019;JOS˘˘ MAR˘˘A;CIFUENTES P˘˘EZ;REPRESENTANTE LEGAL;ACTA;32018;14/09/2018;14/09/2018;13/09/2019;;CUNDINAMARCA;GIRARDOT
2848;CORPORACION UNIVERSITARIA  UNITEC;ACTIVA;860.510.627-6;PRINCIPAL;CORPORACION;PRIVADA;INSTITUCION UNIVERSITARIA/ESCUELA TECNOLOGICA;BOGOTA D.C;BOGOTA D.C.;Calle 76   12-58;5939393;MINISTERIO DE EDUCACION NACIONAL.;RESOLUCION;2012;2/03/1982;36;www.unitec.edu.co;NO;;;;"LA CORPORACION TIENE COMO MISION FORMAR PROFESIONALES INTEGROS, AUTONOMOS Y CON UN ALTO SENTIDO DE PERTENENCIA; CONSCIENTES DE LA NECESIDAD DE UNA CONTINUA PROYECCION E INTERVENCION DINAMICA EN LA SOCIEDAD; QUE SE CONSERVEN Y PROYECTEN LOS CONOCIMIENTOS CIENTIFICOS, TECNOLOGICOS Y ARTISTICOS PARA QUE CON UNA FUNDAMENTACION HUMANISTICA Y EL SANO EJERCICIO DE LA CRITICA, DESARROLLEN UN PENSAMIENTO CREATIVO E INNOVADOR QUE LOS CONSTITUYA EN GESTORES DE CAMBIO INDIVIDUAL Y COLECTIVO MEDIANTE EL TRABAJO SOLIDARIO.  EN DESARROLLO DE SUS PRINCIPIOS ESTARA ABIERTA A TODOS LOS QUE EN EL EJERCICIO DE LA IGUALDAD DE OPORTUNIDADES, DEMUESTREN POSEER LAS CAPACIDADES REQUERIDAS Y CUMPLAN LAS CONDICIONES ACADEMICAS EXIGIDAS Y POR LO TANTO NO HABRA NINGUNA LIMITACION POR CONSIDERACION DE RAZA, CREDO, SEXO O CONDICION ECONOMICA Y SOCIAL.";CARLOS ALFONSO;Aparicio Gomez;RECTOR;ACUERDO C.S.;2012;13/10/2017;2/10/2017;1/10/2019;DIEGO ALBERTO;Parra Ferro;REPRESENTANTE LEGAL;ASAMBLEA GENERAL;70;10/12/2018;10/12/2018;31/03/2019;;BOGOTA D.C;BOGOTA D.C.
2815;CORPORACION UNIVERSITARIA ADVENTISTA - UNAC;ACTIVA;No Informa;PRINCIPAL;CORPORACION;PRIVADA;INSTITUCION UNIVERSITARIA/ESCUELA TECNOLOGICA;ANTIOQUIA;MEDELLIN;Cra 84 No. 33 AA - 01;2508328;MINISTERIO DE EDUCACION NACIONAL.;RESOLUCION;8529;6/06/1983;17;www.unac.edu.co;NO;;;;MISION;ABRAHAM ARTURO;ACOSTA BUSTILLO;RECTOR;ACUERDO;8529;20/10/2014;13/11/2014;12/11/2019;ABRAHAM ARTURO;ACOSTA BUSTILLO;REPRESENTANTE LEGAL;ACUERDO;3;20/10/2014;13/11/2014;12/11/2019;;ANTIOQUIA;MEDELLIN
9119;CORPORACION UNIVERSITARIA AMERICANA;ACTIVA;90011443-9;PRINCIPAL;CORPORACION;PRIVADA;INSTITUCION UNIVERSITARIA/ESCUELA TECNOLOGICA;ATLANTICO;BARRANQUILLA;Calle 71 No. 41C -35, Edificio COSMOS, Bloque D.;3851027;MINISTERIO DE EDUCACION NACIONAL;RESOLUCION;6341;17/10/2006;57;www.niamericana.edu.co;NO;;;;;ALBA LUCIA;CORREDOR GOMEZ;RECTOR;RESOLUCION;6341;16/02/2008;16/02/2008;;ALBA LUCIA;CORREDOR GOMEZ;REPRESENTANTE LEGAL;RESOLUCION;1;16/02/2008;16/02/2008;;;ATLANTICO;BARRANQUILLA
2850;CORPORACION UNIVERSITARIA ANTONIO JOSE DE SUCRE - CORPOSUCRE;ACTIVA;823.004.609 D.V.9;PRINCIPAL;CORPORACION;PRIVADA;INSTITUCION UNIVERSITARIA/ESCUELA TECNOLOGICA;SUCRE;SINCELEJO;Carrera 21 25-59 La Mar≠a;2812282;MINISTERIO DE EDUCACION NACIONAL;RESOLUCION;2302;26/09/2003;33;www.corposucre.edu.co;NO;;;;;AMAURY NICOLAS;VELEZ TRUJILLO;RECTOR;ACTA;2302;28/11/2018;16/12/2018;15/12/2020;AMAURY NICOLAS;VELEZ TRUJILLO;REPRESENTANTE LEGAL;ACTA;004-18;28/11/2018;16/12/2018;15/12/2020;"CENTROS TUTORIALES,BOLIVAR,CARTAGENA;CENTROS TUTORIALES,CORDOBA,MONTERIA;CENTROS TUTORIALES,MAGDALENA,SANTA MARTA;CENTROS TUTORIALES,ATLANTICO,BARRANQUILLA;";SUCRE;SINCELEJO
3817;CORPORACION UNIVERSITARIA AUTONOMA DE NARIæO -AUNAR-;ACTIVA;NO INFORMA;PRINCIPAL;CORPORACION;PRIVADA;INSTITUCION UNIVERSITARIA/ESCUELA TECNOLOGICA;NARINIO;PASTO;Calle 19  27-80;232452;MINISTERIO DE EDUCACION NACIONAL;RESOLUCION;1054;1/02/1983;23;www.aunar.edu.co;NO;;;;"LA AUTONOMA DE NARI?O &quot;AUNAR&quot; ES UNA INSTITUCION DE EDUCACION SUPERIOR COMPROMETIDA CON LA CULTURA, LA CIENCIA Y LA INVESTIGACION, LA EXCELENCIA EN LA FORMACION DE PROFESIONALES INTEGROS Y EL LIDERAZGO EN EL DESARROLLO SOCIAL.";INGRID ELIZABETH;Colunge Ordo˘ez;RECTOR;ACTA;1054;24/08/2017;28/09/2017;28/09/2019;CECILIA ISABEL;Ordo˘ez de Colunge;REPRESENTANTE LEGAL;ACTA;3;24/08/2017;27/09/2017;27/09/2019;"CENTROS TUTORIALES,BOLIVAR,CARTAGENA;";NARINIO;PASTO
2849;CORPORACION UNIVERSITARIA AUTONOMA DEL CAUCA;ACTIVA;891.501.766;PRINCIPAL;CORPORACION;PRIVADA;INSTITUCION UNIVERSITARIA/ESCUELA TECNOLOGICA;CAUCA;POPAYAN;Calle 5  3-85;8213000;MINISTERIO DE EDUCACION NACIONAL;RESOLUCION;13002;30/08/1984;21;www.uniautonoma.edu.co;NO;;;;LA CORPORACION UCICA FUE CREADA PRA EL EJERCICIO DE LA DOCENCIA, LA INVESTIGACION, LA DIVULGACION Y LA EXTENSION DE SERVICIOS UNIVERSITARIOS CO EL PROPOSITO DE CONTRIBUIR A FORMAR CIUDADANOS DE BIEN, RESPETUOSOS DE LA DIGNIDAD HUMANA, DE LA LIBERTAD RESPONSABLE, QUE IDENTIFICADOS CON LOS MAS ALTOS VALORES ETICOS, ESTETICOS, MORALES Y CULTURALES, SE COMPROMETIAN EN LA BUSQUEDA DEL PROGRESO Y LA JUSTICIA SOCIAL;NELSON HERNANDO;PUENTES RODRIGUEZ;RECTOR(E);ACUERDO;13002;12/06/2018;19/06/2018;31/12/2018;DANIEL AUGUSTO;MANTILLA SANDOVAL;REPRESENTANTE LEGAL;ACUERDO;20;1/08/2017;1/08/2017;31/07/2020;;CAUCA;POPAYAN
4810;CORPORACION UNIVERSITARIA CENDA;ACTIVA;NO INFORMA;PRINCIPAL;CORPORACION;PRIVADA;INSTITUCION UNIVERSITARIA/ESCUELA TECNOLOGICA;BOGOTA D.C;BOGOTA D.C.;Av. Caracas 35-18;2329084;MINISTERIO DE EDUCACION NACIONAL.;RESOLUCION;11109;13/07/1983;12;No disponible;NO;;;;MISION;LUIS HERNANDO;BALLESTAS RINCON;RECTOR;ACTA;11109;11/03/2010;15/03/2010;;LUIS HERNANDO;BALLESTAS RINCON;REPRESENTANTE LEGAL;ACTA;35;11/03/2010;15/03/2010;;;BOGOTA D.C;BOGOTA D.C.
3803;CORPORACION UNIVERSITARIA CENTRO SUPERIOR - UNICUCES;ACTIVA;NO INFORMA;PRINCIPAL;CORPORACION;PRIVADA;INSTITUCION UNIVERSITARIA/ESCUELA TECNOLOGICA;VALLE DEL CAUCA;CALI;Calle 14 Norte  8N -35 Barrio Granada;6671111;MINISTERIO DE EDUCACION NACIONAL.;RESOLUCION;7464;12/06/1978;17;wwww.cecs.edu.co;NO;;;;MISION;AUGUSTO;NARVAEZ REYES;RECTOR;RESOLUCION;7464;8/10/1982;4/11/1982;;AUGUSTO;NARVAEZ REYES;REPRESENTANTE LEGAL;RESOLUCION;1510;8/10/1982;4/11/1982;;;VALLE DEL CAUCA;CALI
3831;CORPORACION UNIVERSITARIA COMFACAUCA - UNICOMFACAUCA;ACTIVA;817.004.535;PRINCIPAL;CORPORACION;PRIVADA;INSTITUCION UNIVERSITARIA/ESCUELA TECNOLOGICA;CAUCA;POPAYAN;Calle 4   No. 8 - 30;8220517;MINISTERIO DE EDUCACION NACIONAL;RESOLUCION;597;2/04/2001;13;www.unicomfacauca.edu.co;NO;;;;;Gaby Edith;Tintinago Narvaez;SEGUNDO(A) RECTOR(A) SUPLENTE;RESOLUCION C.S.;597;28/01/2016;29/01/2016;29/01/2018;Isabel;Ram≠rez Mej≠a;REPRESENTANTE LEGAL;RESOLUCION C.S.;1;28/01/2016;29/01/2016;29/01/2018;;CAUCA;POPAYAN
3831;CORPORACION UNIVERSITARIA COMFACAUCA - UNICOMFACAUCA;ACTIVA;817.004.535;PRINCIPAL;CORPORACION;PRIVADA;INSTITUCION UNIVERSITARIA/ESCUELA TECNOLOGICA;CAUCA;POPAYAN;Calle 4   No. 8 - 30;8220517;MINISTERIO DE EDUCACION NACIONAL;RESOLUCION;597;2/04/2001;13;www.unicomfacauca.edu.co;NO;;;;;Isabel;Ram≠rez Mej≠a;RECTOR;RESOLUCION C.S.;597;28/01/2016;29/01/2016;29/01/2018;Isabel;Ram≠rez Mej≠a;REPRESENTANTE LEGAL;RESOLUCION C.S.;1;28/01/2016;29/01/2016;29/01/2018;;CAUCA;POPAYAN
3831;CORPORACION UNIVERSITARIA COMFACAUCA - UNICOMFACAUCA;ACTIVA;817.004.535;PRINCIPAL;CORPORACION;PRIVADA;INSTITUCION UNIVERSITARIA/ESCUELA TECNOLOGICA;CAUCA;POPAYAN;Calle 4   No. 8 - 30;8220517;MINISTERIO DE EDUCACION NACIONAL;RESOLUCION;597;2/04/2001;13;www.unicomfacauca.edu.co;NO;;;;;Victoria Eugenia;Patiœo Arenas;PRIMER(A) RECTOR(A) SUPLENTE;RESOLUCION C.S.;597;28/01/2016;29/01/2016;29/01/2018;Isabel;Ram≠rez Mej≠a;REPRESENTANTE LEGAL;RESOLUCION C.S.;1;28/01/2016;29/01/2016;29/01/2018;;CAUCA;POPAYAN
9913;CORPORACION UNIVERSITARIA DE ASTURIAS;ACTIVA;900509172-1;PRINCIPAL;CORPORACION;PRIVADA;INSTITUCION UNIVERSITARIA/ESCUELA TECNOLOGICA;BOGOTA D.C;BOGOTA D.C.;Carrera 18 No. 79-25;7956999;MINISTERIO DE EDUCACION;RESOLUCION;1110;2/02/2012;6;www.uniasturias.edu.co;NO;;;;;JADER ALEXIS;CASTA˘O RICO;RECTOR;ACTA;1110;23/10/2018;29/10/2018;28/10/2022;GERMAN;VILLEGAS G.;REPRESENTANTE LEGAL SUPLENTE;ACTA;1;16/04/2018;16/04/2018;31/12/2018;;BOGOTA D.C;BOGOTA D.C.
9923;CORPORACION UNIVERSITARIA DE CATALUæA ;ACTIVA;901032802-6;PRINCIPAL;CORPORACION;PRIVADA;INSTITUCION UNIVERSITARIA/ESCUELA TECNOLOGICA;BOGOTA D.C;BOGOTA D.C.;Cra 18B No 106 A-15;6372511;Ministerio de Educaci˘n Nacional;RESOLUCION;21329;15/11/2016;0;www.udecatalunya.edu.co;NO;;;;;RICARDO MAURICIO;COCOMA LOZANO;RECTOR;ACTA;21329;1/06/2017;1/06/2017;1/06/2021;Vilma Rocio;Castaœo Quiroga;REPRESENTANTE LEGAL SUPLENTE;ACTA;6;28/11/2016;28/11/2016;28/11/2019;;BOGOTA D.C;BOGOTA D.C.
9923;CORPORACION UNIVERSITARIA DE CATALUæA ;ACTIVA;901032802-6;PRINCIPAL;CORPORACION;PRIVADA;INSTITUCION UNIVERSITARIA/ESCUELA TECNOLOGICA;BOGOTA D.C;BOGOTA D.C.;Cra 18B No 106 A-15;6372511;Ministerio de Educaci˘n Nacional;RESOLUCION;21329;15/11/2016;0;www.udecatalunya.edu.co;NO;;;;;RICARDO MAURICIO;COCOMA LOZANO;RECTOR;ACTA;21329;1/06/2017;1/06/2017;1/06/2021;Adriana Lucia;Garnica Alvarez;REPRESENTANTE LEGAL;ACTA;6;28/11/2016;28/11/2016;28/11/2019;;BOGOTA D.C;BOGOTA D.C.
2831;CORPORACION UNIVERSITARIA DE CIENCIA Y DESARROLLO - UNICIENCIA;ACTIVA;830018780-7;PRINCIPAL;CORPORACION;PRIVADA;INSTITUCION UNIVERSITARIA/ESCUELA TECNOLOGICA;BOGOTA D.C;BOGOTA D.C.;Calle 74  15-73;3220055;MINISTERIO DE EDUCACION NACIONAL;RESOLUCION;20;5/01/1996;22;www.uniciencia.edu.co;NO;;;;HA SIDO REFORMADO SEGUN ACUERDO NO. 001 DEL 8 DE ENERO DE 1998 Y CUERDO 005  DEL 26 DE JULIO DE 1993 DEL COMITE ACADEMICO.;SARA;GARCIA PADILLA;RECTOR(E);ACUERDO;20;4/11/2016;5/11/2016;31/01/2017;SARA;GARCIA PADILLA;REPRESENTANTE LEGAL (E);ACUERDO;4;6/09/2016;5/09/2016;5/11/2016;;BOGOTA D.C;BOGOTA D.C.
2831;CORPORACION UNIVERSITARIA DE CIENCIA Y DESARROLLO - UNICIENCIA;ACTIVA;830018780-7;PRINCIPAL;CORPORACION;PRIVADA;INSTITUCION UNIVERSITARIA/ESCUELA TECNOLOGICA;BOGOTA D.C;BOGOTA D.C.;Calle 74  15-73;3220055;MINISTERIO DE EDUCACION NACIONAL;RESOLUCION;20;5/01/1996;22;www.uniciencia.edu.co;NO;;;;HA SIDO REFORMADO SEGUN ACUERDO NO. 001 DEL 8 DE ENERO DE 1998 Y CUERDO 005  DEL 26 DE JULIO DE 1993 DEL COMITE ACADEMICO.;DIEGO FERNANDO;OTERO PRADA;RECTOR;ACUERDO;20;12/12/2016;12/12/2016;11/12/2018;DIEGO FERNANDO;OTERO PRADA;REPRESENTANTE LEGAL;ACUERDO;9;12/12/2016;12/12/2016;11/12/2018;;BOGOTA D.C;BOGOTA D.C.
2831;CORPORACION UNIVERSITARIA DE CIENCIA Y DESARROLLO - UNICIENCIA;ACTIVA;830018780-7;PRINCIPAL;CORPORACION;PRIVADA;INSTITUCION UNIVERSITARIA/ESCUELA TECNOLOGICA;BOGOTA D.C;BOGOTA D.C.;Calle 74  15-73;3220055;MINISTERIO DE EDUCACION NACIONAL;RESOLUCION;20;5/01/1996;22;www.uniciencia.edu.co;NO;;;;HA SIDO REFORMADO SEGUN ACUERDO NO. 001 DEL 8 DE ENERO DE 1998 Y CUERDO 005  DEL 26 DE JULIO DE 1993 DEL COMITE ACADEMICO.;DIEGO FERNANDO;OTERO PRADA;RECTOR;ACUERDO;20;12/12/2016;12/12/2016;11/12/2018;SARA;GARCIA PADILLA;REPRESENTANTE LEGAL (E);ACUERDO;4;6/09/2016;5/09/2016;5/11/2016;;BOGOTA D.C;BOGOTA D.C.
2831;CORPORACION UNIVERSITARIA DE CIENCIA Y DESARROLLO - UNICIENCIA;ACTIVA;830018780-7;PRINCIPAL;CORPORACION;PRIVADA;INSTITUCION UNIVERSITARIA/ESCUELA TECNOLOGICA;BOGOTA D.C;BOGOTA D.C.;Calle 74  15-73;3220055;MINISTERIO DE EDUCACION NACIONAL;RESOLUCION;20;5/01/1996;22;www.uniciencia.edu.co;NO;;;;HA SIDO REFORMADO SEGUN ACUERDO NO. 001 DEL 8 DE ENERO DE 1998 Y CUERDO 005  DEL 26 DE JULIO DE 1993 DEL COMITE ACADEMICO.;SARA;GARCIA PADILLA;RECTOR(E);ACUERDO;20;4/11/2016;5/11/2016;31/01/2017;DIEGO FERNANDO;OTERO PRADA;REPRESENTANTE LEGAL;ACUERDO;9;12/12/2016;12/12/2016;11/12/2018;;BOGOTA D.C;BOGOTA D.C.
4837;CORPORACION UNIVERSITARIA DE CIENCIAS EMPRESARIALES, EDUCACION Y SALUD -CORSALUD-;ACTIVA;NO INFORMA;PRINCIPAL;CORPORACION;PRIVADA;INSTITUCION UNIVERSITARIA/ESCUELA TECNOLOGICA;ATLANTICO;BARRANQUILLA;Carrera 53   59-70;3492619;MINISTERIO DE EDUCACION NACIONAL.;RESOLUCION;3514;15/07/1993;12;www.corsalud.cjb.net;NO;;;;LA CORPORACIÖN TêCNICA PROFESIONAL DE EDUCACIÖN Y SALUD - CORSALUD, ES UNA INSTITUCIÖN DE EDUCACIÖN SUPERIOR DE DERECHO PRIVADO QUE EN EJERCICIO DE LA AUTONOMôA UNIVERSITARIA Y LA RESPONSABILIDAD SOCIAL QUE LE CORRESPONDE, POSIBILITA UNA COMUNIDAD EDUCATIVA Y SEæALA SU RAZÖN DE SER Y SENTIDO EN LA FORMACIÖN INTEGRAL DEL HOMBRE COLOMBIANO, COMPRENDIDOS DESDE LA RACIONALIDAD INTEGRADORA DEL CONOCIMIENTO DE LA CIENCIA, LA TêCNICA, LA TECNOLOGôA Y LOS VALORES êTICOS, SOCIALES, ECONÖMICOS, POLôTICOS, CULTURALES Y TRASCENDENTES, A TRAVêS DE LA INVESTIGACIÖN, LA DOCENCIA Y LA PROYECCIÖN SOCIAL PARA QUE EN SU CONDICIÖN DE SER INDIVIDUAL Y SER SOCIAL ACTÇE EN EL DESARROLLO DEL PROGRESO Y BIENESTAR DE LA COMUNIDAD.;LUZ STELLA;GOMEZ LIMA;RECTOR;ACUERDO;3514;30/12/2016;5/01/2017;5/01/2020;ADOLFO FERNANDO;G˘MEZ PADILLA;REPRESENTANTE LEGAL;ACTA;1;13/12/2018;1/01/2019;31/12/2021;;ATLANTICO;BARRANQUILLA
2824;CORPORACION UNIVERSITARIA DE COLOMBIA IDEAS;ACTIVA;860.524.958;PRINCIPAL;CORPORACION;PRIVADA;INSTITUCION UNIVERSITARIA/ESCUELA TECNOLOGICA;BOGOTA D.C;BOGOTA D.C.;Calle 70 10A-75;6061102;MINISTERIO DE EDUCACION NACIONAL.;RESOLUCION;22185;18/12/1984;3;www.ideas.edu.co;NO;;;;MISION;EURIPIDES;GUARIN ANAYA;RECTOR(E);ACTA;22185;18/11/2016;21/11/2016;21/11/2017;EURIPIDES;GUARIN ANAYA;REPRESENTANTE LEGAL (E);ACTA;9;18/11/2016;21/11/2016;21/11/2017;;BOGOTA D.C;BOGOTA D.C.
2824;CORPORACION UNIVERSITARIA DE COLOMBIA IDEAS;ACTIVA;860.524.958;PRINCIPAL;CORPORACION;PRIVADA;INSTITUCION UNIVERSITARIA/ESCUELA TECNOLOGICA;BOGOTA D.C;BOGOTA D.C.;Calle 70 10A-75;6061102;MINISTERIO DE EDUCACION NACIONAL.;RESOLUCION;22185;18/12/1984;3;www.ideas.edu.co;NO;;;;MISION;Ana Cristina;Pedraza Alvarado;RECTOR;ACTA;22185;20/12/2014;25/09/2014;24/09/2018;ANA CRISTINA;PEDRAZA ALVARADO;REPRESENTANTE LEGAL;ACTA C.S.;21;20/12/2014;25/09/2014;24/09/2018;;BOGOTA D.C;BOGOTA D.C.
2824;CORPORACION UNIVERSITARIA DE COLOMBIA IDEAS;ACTIVA;860.524.958;PRINCIPAL;CORPORACION;PRIVADA;INSTITUCION UNIVERSITARIA/ESCUELA TECNOLOGICA;BOGOTA D.C;BOGOTA D.C.;Calle 70 10A-75;6061102;MINISTERIO DE EDUCACION NACIONAL.;RESOLUCION;22185;18/12/1984;3;www.ideas.edu.co;NO;;;;MISION;Ana Cristina;Pedraza Alvarado;RECTOR;ACTA;22185;20/12/2014;25/09/2014;24/09/2018;EURIPIDES;GUARIN ANAYA;REPRESENTANTE LEGAL (E);ACTA;9;18/11/2016;21/11/2016;21/11/2017;;BOGOTA D.C;BOGOTA D.C.
2824;CORPORACION UNIVERSITARIA DE COLOMBIA IDEAS;ACTIVA;860.524.958;PRINCIPAL;CORPORACION;PRIVADA;INSTITUCION UNIVERSITARIA/ESCUELA TECNOLOGICA;BOGOTA D.C;BOGOTA D.C.;Calle 70 10A-75;6061102;MINISTERIO DE EDUCACION NACIONAL.;RESOLUCION;22185;18/12/1984;3;www.ideas.edu.co;NO;;;;MISION;EURIPIDES;GUARIN ANAYA;RECTOR(E);ACTA;22185;18/11/2016;21/11/2016;21/11/2017;ANA CRISTINA;PEDRAZA ALVARADO;REPRESENTANTE LEGAL;ACTA C.S.;21;20/12/2014;25/09/2014;24/09/2018;;BOGOTA D.C;BOGOTA D.C.
9127;CORPORACION UNIVERSITARIA DE SABANETA - UNISABANETA;ACTIVA;900.253.021-5;PRINCIPAL;CORPORACION;PRIVADA;INSTITUCION UNIVERSITARIA/ESCUELA TECNOLOGICA;ANTIOQUIA;SABANETA;Calle 75 sur #34-120;3011818;MINISTERIO DE EDUCACION NACIONAL.;RESOLUCION;7184;24/10/2008;11;www.unisabaneta.edu.co;NO;;;;;JUAN CARLOS;TRUJILLO BARRERA;RECTOR;ACUERDO C.D.;7184;1/04/2016;9/04/2016;8/04/2019;HERNAN ALVEIRO;GOMEZ GARCIA;REPRESENTANTE LEGAL SUPLENTE;ACTA;6;25/07/2018;25/07/2018;;;ANTIOQUIA;SABANETA
2818;CORPORACION UNIVERSITARIA DE SANTA ROSA DE CABAL-UNISARC-;ACTIVA;891.409.768-8;PRINCIPAL;CORPORACION;PRIVADA;INSTITUCION UNIVERSITARIA/ESCUELA TECNOLOGICA;RISARALDA;SANTA ROSA DE CABAL;Cra. 14  27-80 Santa Rosa de Cabal;643000;MINISTERIO DE EDUCACION NACIONAL;RESOLUCION;6387;3/05/1982;20;www.unisarc.edu.co;NO;;;;MISION;ELIZABETH;VILLAMIL CASTAæEDA;RECTOR;RESOLUCION;6387;25/04/2001;9/04/2001;;ELIZABETH;VILLAMIL CASTAæEDA;REPRESENTANTE LEGAL;RESOLUCION;430;25/04/2001;9/04/2001;;;RISARALDA;SANTA ROSA DE CABAL
2823;CORPORACION UNIVERSITARIA DEL CARIBE - CECAR;ACTIVA;892.201.263-1;PRINCIPAL;CORPORACION;PRIVADA;INSTITUCION UNIVERSITARIA/ESCUELA TECNOLOGICA;SUCRE;SINCELEJO;Carretera Troncal Occidente V≠a Corozal;2804011;MINISTERIO DE EDUCACION NACIONAL.;RESOLUCION;7786;5/06/1978;56;www.cecar.edu.co;NO;;;;;NOEL ALFONSO;MORALES TUESCA;RECTOR(E);RESOLUCION;7786;21/07/2017;21/07/2017;;JORGE ELI;Guerrero Trujillo;REPRESENTANTE LEGAL;ACUERDO;2;11/12/2018;21/01/2019;20/01/2022;"CONVENIO,BOLIVAR,CARTAGENA;CONVENIO,BOLIVAR,CARTAGENA;";SUCRE;SINCELEJO
2823;CORPORACION UNIVERSITARIA DEL CARIBE - CECAR;ACTIVA;892.201.263-1;PRINCIPAL;CORPORACION;PRIVADA;INSTITUCION UNIVERSITARIA/ESCUELA TECNOLOGICA;SUCRE;SINCELEJO;Carretera Troncal Occidente V≠a Corozal;2804011;MINISTERIO DE EDUCACION NACIONAL.;RESOLUCION;7786;5/06/1978;56;www.cecar.edu.co;NO;;;;;PIEDAD CRISTINA;MARTINEZ CARAZO;RECTOR;ACTA;7786;28/12/2012;21/01/2013;20/01/2016;JORGE ELI;Guerrero Trujillo;REPRESENTANTE LEGAL;ACUERDO;2;11/12/2018;21/01/2019;20/01/2022;"CONVENIO,BOLIVAR,CARTAGENA;CONVENIO,BOLIVAR,CARTAGENA;";SUCRE;SINCELEJO
2828;CORPORACION UNIVERSITARIA DEL HUILA-CORHUILA-;ACTIVA;800.107.584-2;PRINCIPAL;CORPORACION;PRIVADA;INSTITUCION UNIVERSITARIA/ESCUELA TECNOLOGICA;HUILA;NEIVA;Calle 21  6-01;8754220;MINISTERIO DE EDUCACION NACIONAL.;RESOLUCION;21000;22/12/1989;16;www.corhuila.edu.co;NO;;;;SE ORIENTA A LA OFERTA DE OPORTUNIDADES DE FORMACIÖN DE PROFESIONALES CON ESPôRITU EMPRENDEDOR Y REFLEXIVO DIRIGIDO AL LOGRO DE LA AUTONOMôA PERSONAL DENTRO DEL MARCO DE LA LIBERTAD DE PENSAMIENTO Y PLURALISMO IDEOLÖGICO, AFIANZADOS EN LA UNIVERSIDAD DE LOS SABERES, CONOCEDORES DE LOS PATRONES Y FORMAS CULTURALES DEL PAôS Y CELOSOS DEL CUMPLIMIENTO CABAL DE LOS PRINCIPIOS êTICOS.  LA MISIÖN SE DESARROLLA DENTRO DE LOS MARCOS DE LIBERTAD DE ENSEæANZA, DE APRENDIZAJE, DE INVESTIGACIÖN Y DE CÊTEDRA COMO RESPUESTA A LAS NECESIDADES DE LA REGIÖN Y DEL PAôS EN CUANTO A LA FORMACIÖN DEL RECURSO HUMANO PROFESIONAL CAPAZ DE GENERAR E IMPULSAR EL MEJORAMIENTO SOSTENIDO DE LA CALIDAD DE VIDA DE LA COMUNIDAD, MEDIANTE EL APROVECHAMIENTO DE LOS RECURSOS Y LA PARTICIPACIÖN COLECTIVA.;Ana Lucia;Paque Salazar;RECTOR SUPLENTE;RESOLUCION;21000;3/03/2016;3/03/2016;;JOSE DAVID;RIVERA ESCOBAR;REPRESENTANTE LEGAL (E);ACUERDO C.S.;506;29/10/2018;29/10/2018;28/10/2020;;HUILA;NEIVA
2828;CORPORACION UNIVERSITARIA DEL HUILA-CORHUILA-;ACTIVA;800.107.584-2;PRINCIPAL;CORPORACION;PRIVADA;INSTITUCION UNIVERSITARIA/ESCUELA TECNOLOGICA;HUILA;NEIVA;Calle 21  6-01;8754220;MINISTERIO DE EDUCACION NACIONAL.;RESOLUCION;21000;22/12/1989;16;www.corhuila.edu.co;NO;;;;SE ORIENTA A LA OFERTA DE OPORTUNIDADES DE FORMACIÖN DE PROFESIONALES CON ESPôRITU EMPRENDEDOR Y REFLEXIVO DIRIGIDO AL LOGRO DE LA AUTONOMôA PERSONAL DENTRO DEL MARCO DE LA LIBERTAD DE PENSAMIENTO Y PLURALISMO IDEOLÖGICO, AFIANZADOS EN LA UNIVERSIDAD DE LOS SABERES, CONOCEDORES DE LOS PATRONES Y FORMAS CULTURALES DEL PAôS Y CELOSOS DEL CUMPLIMIENTO CABAL DE LOS PRINCIPIOS êTICOS.  LA MISIÖN SE DESARROLLA DENTRO DE LOS MARCOS DE LIBERTAD DE ENSEæANZA, DE APRENDIZAJE, DE INVESTIGACIÖN Y DE CÊTEDRA COMO RESPUESTA A LAS NECESIDADES DE LA REGIÖN Y DEL PAôS EN CUANTO A LA FORMACIÖN DEL RECURSO HUMANO PROFESIONAL CAPAZ DE GENERAR E IMPULSAR EL MEJORAMIENTO SOSTENIDO DE LA CALIDAD DE VIDA DE LA COMUNIDAD, MEDIANTE EL APROVECHAMIENTO DE LOS RECURSOS Y LA PARTICIPACIÖN COLECTIVA.;FABIO;LOSADA PêREZ;RECTOR;ACUERDO C.S.;21000;27/05/2016;27/05/2016;26/05/2018;JOSE DAVID;RIVERA ESCOBAR;REPRESENTANTE LEGAL (E);ACUERDO C.S.;506;29/10/2018;29/10/2018;28/10/2020;;HUILA;NEIVA
2828;CORPORACION UNIVERSITARIA DEL HUILA-CORHUILA-;ACTIVA;800.107.584-2;PRINCIPAL;CORPORACION;PRIVADA;INSTITUCION UNIVERSITARIA/ESCUELA TECNOLOGICA;HUILA;NEIVA;Calle 21  6-01;8754220;MINISTERIO DE EDUCACION NACIONAL.;RESOLUCION;21000;22/12/1989;16;www.corhuila.edu.co;NO;;;;SE ORIENTA A LA OFERTA DE OPORTUNIDADES DE FORMACIÖN DE PROFESIONALES CON ESPôRITU EMPRENDEDOR Y REFLEXIVO DIRIGIDO AL LOGRO DE LA AUTONOMôA PERSONAL DENTRO DEL MARCO DE LA LIBERTAD DE PENSAMIENTO Y PLURALISMO IDEOLÖGICO, AFIANZADOS EN LA UNIVERSIDAD DE LOS SABERES, CONOCEDORES DE LOS PATRONES Y FORMAS CULTURALES DEL PAôS Y CELOSOS DEL CUMPLIMIENTO CABAL DE LOS PRINCIPIOS êTICOS.  LA MISIÖN SE DESARROLLA DENTRO DE LOS MARCOS DE LIBERTAD DE ENSEæANZA, DE APRENDIZAJE, DE INVESTIGACIÖN Y DE CÊTEDRA COMO RESPUESTA A LAS NECESIDADES DE LA REGIÖN Y DEL PAôS EN CUANTO A LA FORMACIÖN DEL RECURSO HUMANO PROFESIONAL CAPAZ DE GENERAR E IMPULSAR EL MEJORAMIENTO SOSTENIDO DE LA CALIDAD DE VIDA DE LA COMUNIDAD, MEDIANTE EL APROVECHAMIENTO DE LOS RECURSOS Y LA PARTICIPACIÖN COLECTIVA.;Fabio;Losada Per?z;RECTOR(E);ACUERDO C.S.;21000;29/02/2016;2/03/2016;;JOSE DAVID;RIVERA ESCOBAR;REPRESENTANTE LEGAL (E);ACUERDO C.S.;506;29/10/2018;29/10/2018;28/10/2020;;HUILA;NEIVA
2827;CORPORACION UNIVERSITARIA DEL META - UNIMETA;ACTIVA;892.099.267-1;PRINCIPAL;CORPORACION;PRIVADA;INSTITUCION UNIVERSITARIA/ESCUELA TECNOLOGICA;META;VILLAVICENCIO;Carrera 33 No. 34-06 Edificio H˘roes del Pantano de Vargas;6624080;MINISTERIO DE EDUCACION NACIONAL.;RESOLUCION;12249;5/08/1985;31;www.unimeta.edu.co;NO;;;;"LA CORPORACI˘N UNIVERSITARIA DEL META COMO INSTITUCI˘N QUE CREA, PRESERVA, TRANSMITE Y DIFUNDE EL CONOCIMIENTO UNIVERSAL DE LAS CIENCIAS, LAS ARTES Y LAS HUMANIDADES DENTRO DE UN MARCO DE PENSAMIENTO Y PLURALISMO IDEOL˘GICO, TIENE COMO MISI˘N EDUCAR Y FORMAR PROFESIONALES PARA EL DESARROLLO CIENT˘FICO, CULTURAL, POL˘TICO, ECON˘MICO Y SOCIAL DE LA REGI˘N Y LA NACI˘N, COMPETENTES EN SU CAMPO Y CON CARACTER˘STICAS DE VOCACI˘N DE SERVICIO A LA COMUNIDAD, CONCIENCIA PARA LA PRESERVACI˘N DEL MEDIO AMBIENTE, ALTO GRADO DE FORMACI˘N SOCIAL Y HUMAN˘STICA; A TRAV˘S DE ELEMENTOS ACAD˘MICOS DE CALIDAD, RELACIONES ACAD˘MICAS INTERNACIONALES, PRESERVANDO LOS PRINCIPIOS ˘TICOS, MORALES Y PROPICIANDO LOS SENTIDOS DE LA PERTENENCIA Y LA HERMANDAD.";LEONOR CRISTINA;MOJICA SANCHEZ;RECTOR;ACTA;12249;14/01/2016;14/01/2016;;LEONOR CRISTINA;MOJICA SANCHEZ;REPRESENTANTE LEGAL;ACTA;1;14/01/2016;14/01/2016;;;META;VILLAVICENCIO
2840;CORPORACION UNIVERSITARIA EMPRESARIAL ALEXANDER VON HUMBOLDT - CUE;ACTIVA;no disponible;PRINCIPAL;CORPORACION;PRIVADA;INSTITUCION UNIVERSITARIA/ESCUELA TECNOLOGICA;QUINDIO;ARMENIA;Avenida Bolivar #1-189;7450025;MINISTERIO DE EDUCACION NACIONAL;RESOLUCION;439;14/03/2001;6;www.uempresarial@cue.edu.co;NO;;;;;DIEGO FERNANDO;JARAMILLO LOPEZ;RECTOR;ACUERDO;439;26/09/2016;1/10/2016;30/09/2019;DIEGO FERNANDO;JARAMILLO LOPEZ;REPRESENTANTE LEGAL;ACUERDO;005-16;26/09/2016;1/10/2016;30/09/2019;;QUINDIO;ARMENIA
2836;CORPORACION UNIVERSITARIA EMPRESARIAL DE SALAMANCA;ACTIVA;819003405;PRINCIPAL;CORPORACION;PRIVADA;INSTITUCION UNIVERSITARIA/ESCUELA TECNOLOGICA;ATLANTICO;BARRANQUILLA;Carrera 50  79 - 155;4242226;MINISTERIO DE EDUCACION NACIONAL.;RESOLUCION;3062;2/12/1999;9;www.cunivemsa.edu.co;NO;;;;;DILIA;CERVANTES PEREZ;RECTOR(E);ACTA FUNDA;3062;31/10/2016;16/12/2016;16/12/2017;JAIRO ENRIQUE;ARANGO VAN HOUTEN;REPRESENTANTE LEGAL;ACTA FUNDA;4;12/10/2017;28/10/2017;28/10/2019;;ATLANTICO;BARRANQUILLA
2836;CORPORACION UNIVERSITARIA EMPRESARIAL DE SALAMANCA;ACTIVA;819003405;PRINCIPAL;CORPORACION;PRIVADA;INSTITUCION UNIVERSITARIA/ESCUELA TECNOLOGICA;ATLANTICO;BARRANQUILLA;Carrera 50  79 - 155;4242226;MINISTERIO DE EDUCACION NACIONAL.;RESOLUCION;3062;2/12/1999;9;www.cunivemsa.edu.co;NO;;;;;MARIA CAROLINA;Arango Esquivia;RECTOR;ACTA;3062;16/09/2015;10/10/2015;10/10/2017;JAIRO ENRIQUE;ARANGO VAN HOUTEN;REPRESENTANTE LEGAL;ACTA FUNDA;4;12/10/2017;28/10/2017;28/10/2019;;ATLANTICO;BARRANQUILLA
2830;CORPORACION UNIVERSITARIA IBEROAMERICANA;ACTIVA;860.530.837-7;PRINCIPAL;CORPORACION;PRIVADA;INSTITUCION UNIVERSITARIA/ESCUELA TECNOLOGICA;BOGOTA D.C;BOGOTA D.C.;Calle 67   5-27;3489292;MINISTERIO DE EDUCACION NACIONAL;RESOLUCION;428;28/01/1982;32;www.iberoamericana.edu.co;NO;;;;"LEGAL:
CONTRIBUIR AL LOGRO DE LOS OBJETIVOS DE LA EDUCACIÖN SUPERIOR PREVISTOS EN LA CONSTITUCIÖN POLôTICA Y EN LA LEY 030/92 Y PRESTAR EL SERVICIO PÇBLICO DE LA EDUCACIÖN CON LOS MÊS ALTOS ESTÊNDARES DE CALIDAD ESTABLECIDOS POR LA COMUNIDAD ACADêMICA MEDIANTE EL SISTEMA NACIONAL DE ACREDITACIÖN.

CIENTIFICA:
DESARROLLAR INVESTIGACIÖN BÊSICA Y APLICADA EN LOS CAMPOS DISCIPLINARES Y PROFESIONALES DE SUS PROGRAMAS ACADêMICOS DE PRE Y POST-GRADO, TANTO PARA LA RETROALIMENTACIÖN PERMANENTE DE LOS CURRôCULOS DE FORMACIÖN DE LOS ESTUDIANTES, COMO PARA LA PRODUCCIÖN DE INNOVACIONES CIENTôFICAS Y TECNOLÖGICAS QUE FORTALEZCAN EL DESARROLLO Y DIVULGACIÖN DEL CONOCIMIENTO Y SUS APLICACIONES AL MEJORAMIENTO DE LA CALIDAD DE VIDA DEL HOMBRE.

FORMATIVA:
FORTALECER EL TALENTO INTELECTUAL Y POTENCIAR LA CAPACIDAD DE APRENDIZAJE DE LOS ESTUDIANTES PARA SU PERMANENTE DESARROLLO PERSONAL, SOCIAL Y PROFESIONAL, MEDIANTE LA ACCIÖN DOCENTE DE CONTACTO E INTERCAMBIO CON LAS FUENTES DE CONOCIMIENTO Y LA CULTURA Y DE HABILITACIÖN EN EL MANEJO DE LAS METODOLOGôAS APROPIADAS PARA SU PRODUCCIÖN, RENOVACIÖN, TRANSFORMACIÖN Y APLICACIÖN, FUNDAMENTADO EN LA APROPIACIÖN DE LOS PRINCIPIOS DE LA êTICA Y EN LA CONVIVENCIA DEMOCRÊTICA.

SOCIAL:
CONTRIBUIR AL MEJORAMIENTO DE LA COBERTURA DEL SERVICIO PÇBLICO DE LA EDUCACIÖN SUPERIOR, MEDIANTE EL OFRECIMIENTO DE OPORTUNIDADES DE ACCESO A LA POBLACIÖN DE TODOS LOS NIVELES , A PROGRAMAS UNIVERSITARIOS Y BENEFICIAR LOS SECTORES DE LA COMUNIDAD MÊS NECESITADOS A TRAVêS DE LA EXTENSIÖN DE LAS PRÊCTICAS PROFESIONALES DE LOS ESTUDIANTES DE LOS PROGRAMAS DE SALUD, EDUCACIÖN Y LA PRESTACIÖN DE LOS SERVICIOS PROPIOS DE SU QUEHACER EN BENEFICIO PRIMORDIALMENTE DE LAS CLASES MENOS FAVORECIDAS.";Raúl Mauricio;Acosta Lema;RECTOR(E);ACUERDO;428;1/09/2017;1/09/2017;30/11/2017;Raúl Mauricio;Acosta Lema;REPRESENTANTE LEGAL SUPLENTE;ACUERDO;102;1/09/2017;1/09/2017;30/11/2017;"CENTROS TUTORIALES,HUILA,NEIVA;CENTROS TUTORIALES,HUILA,NEIVA;CENTROS TUTORIALES,HUILA,NEIVA;";BOGOTA D.C;BOGOTA D.C.
2830;CORPORACION UNIVERSITARIA IBEROAMERICANA;ACTIVA;860.530.837-7;PRINCIPAL;CORPORACION;PRIVADA;INSTITUCION UNIVERSITARIA/ESCUELA TECNOLOGICA;BOGOTA D.C;BOGOTA D.C.;Calle 67   5-27;3489292;MINISTERIO DE EDUCACION NACIONAL;RESOLUCION;428;28/01/1982;32;www.iberoamericana.edu.co;NO;;;;"LEGAL:
CONTRIBUIR AL LOGRO DE LOS OBJETIVOS DE LA EDUCACIÖN SUPERIOR PREVISTOS EN LA CONSTITUCIÖN POLôTICA Y EN LA LEY 030/92 Y PRESTAR EL SERVICIO PÇBLICO DE LA EDUCACIÖN CON LOS MÊS ALTOS ESTÊNDARES DE CALIDAD ESTABLECIDOS POR LA COMUNIDAD ACADêMICA MEDIANTE EL SISTEMA NACIONAL DE ACREDITACIÖN.

CIENTIFICA:
DESARROLLAR INVESTIGACIÖN BÊSICA Y APLICADA EN LOS CAMPOS DISCIPLINARES Y PROFESIONALES DE SUS PROGRAMAS ACADêMICOS DE PRE Y POST-GRADO, TANTO PARA LA RETROALIMENTACIÖN PERMANENTE DE LOS CURRôCULOS DE FORMACIÖN DE LOS ESTUDIANTES, COMO PARA LA PRODUCCIÖN DE INNOVACIONES CIENTôFICAS Y TECNOLÖGICAS QUE FORTALEZCAN EL DESARROLLO Y DIVULGACIÖN DEL CONOCIMIENTO Y SUS APLICACIONES AL MEJORAMIENTO DE LA CALIDAD DE VIDA DEL HOMBRE.

FORMATIVA:
FORTALECER EL TALENTO INTELECTUAL Y POTENCIAR LA CAPACIDAD DE APRENDIZAJE DE LOS ESTUDIANTES PARA SU PERMANENTE DESARROLLO PERSONAL, SOCIAL Y PROFESIONAL, MEDIANTE LA ACCIÖN DOCENTE DE CONTACTO E INTERCAMBIO CON LAS FUENTES DE CONOCIMIENTO Y LA CULTURA Y DE HABILITACIÖN EN EL MANEJO DE LAS METODOLOGôAS APROPIADAS PARA SU PRODUCCIÖN, RENOVACIÖN, TRANSFORMACIÖN Y APLICACIÖN, FUNDAMENTADO EN LA APROPIACIÖN DE LOS PRINCIPIOS DE LA êTICA Y EN LA CONVIVENCIA DEMOCRÊTICA.

SOCIAL:
CONTRIBUIR AL MEJORAMIENTO DE LA COBERTURA DEL SERVICIO PÇBLICO DE LA EDUCACIÖN SUPERIOR, MEDIANTE EL OFRECIMIENTO DE OPORTUNIDADES DE ACCESO A LA POBLACIÖN DE TODOS LOS NIVELES , A PROGRAMAS UNIVERSITARIOS Y BENEFICIAR LOS SECTORES DE LA COMUNIDAD MÊS NECESITADOS A TRAVêS DE LA EXTENSIÖN DE LAS PRÊCTICAS PROFESIONALES DE LOS ESTUDIANTES DE LOS PROGRAMAS DE SALUD, EDUCACIÖN Y LA PRESTACIÖN DE LOS SERVICIOS PROPIOS DE SU QUEHACER EN BENEFICIO PRIMORDIALMENTE DE LAS CLASES MENOS FAVORECIDAS.";JAVIER ALFREDO;BARRERA PARDO;RECTOR;ACUERDO;428;26/02/2015;7/04/2015;;JAVIER ALFREDO;BARRERA PARDO;REPRESENTANTE LEGAL;ACUERDO;80;26/02/2015;7/04/2015;;"CENTROS TUTORIALES,HUILA,NEIVA;CENTROS TUTORIALES,HUILA,NEIVA;CENTROS TUTORIALES,HUILA,NEIVA;";BOGOTA D.C;BOGOTA D.C.
2830;CORPORACION UNIVERSITARIA IBEROAMERICANA;ACTIVA;860.530.837-7;PRINCIPAL;CORPORACION;PRIVADA;INSTITUCION UNIVERSITARIA/ESCUELA TECNOLOGICA;BOGOTA D.C;BOGOTA D.C.;Calle 67   5-27;3489292;MINISTERIO DE EDUCACION NACIONAL;RESOLUCION;428;28/01/1982;32;www.iberoamericana.edu.co;NO;;;;"LEGAL:
CONTRIBUIR AL LOGRO DE LOS OBJETIVOS DE LA EDUCACIÖN SUPERIOR PREVISTOS EN LA CONSTITUCIÖN POLôTICA Y EN LA LEY 030/92 Y PRESTAR EL SERVICIO PÇBLICO DE LA EDUCACIÖN CON LOS MÊS ALTOS ESTÊNDARES DE CALIDAD ESTABLECIDOS POR LA COMUNIDAD ACADêMICA MEDIANTE EL SISTEMA NACIONAL DE ACREDITACIÖN.

CIENTIFICA:
DESARROLLAR INVESTIGACIÖN BÊSICA Y APLICADA EN LOS CAMPOS DISCIPLINARES Y PROFESIONALES DE SUS PROGRAMAS ACADêMICOS DE PRE Y POST-GRADO, TANTO PARA LA RETROALIMENTACIÖN PERMANENTE DE LOS CURRôCULOS DE FORMACIÖN DE LOS ESTUDIANTES, COMO PARA LA PRODUCCIÖN DE INNOVACIONES CIENTôFICAS Y TECNOLÖGICAS QUE FORTALEZCAN EL DESARROLLO Y DIVULGACIÖN DEL CONOCIMIENTO Y SUS APLICACIONES AL MEJORAMIENTO DE LA CALIDAD DE VIDA DEL HOMBRE.

FORMATIVA:
FORTALECER EL TALENTO INTELECTUAL Y POTENCIAR LA CAPACIDAD DE APRENDIZAJE DE LOS ESTUDIANTES PARA SU PERMANENTE DESARROLLO PERSONAL, SOCIAL Y PROFESIONAL, MEDIANTE LA ACCIÖN DOCENTE DE CONTACTO E INTERCAMBIO CON LAS FUENTES DE CONOCIMIENTO Y LA CULTURA Y DE HABILITACIÖN EN EL MANEJO DE LAS METODOLOGôAS APROPIADAS PARA SU PRODUCCIÖN, RENOVACIÖN, TRANSFORMACIÖN Y APLICACIÖN, FUNDAMENTADO EN LA APROPIACIÖN DE LOS PRINCIPIOS DE LA êTICA Y EN LA CONVIVENCIA DEMOCRÊTICA.

SOCIAL:
CONTRIBUIR AL MEJORAMIENTO DE LA COBERTURA DEL SERVICIO PÇBLICO DE LA EDUCACIÖN SUPERIOR, MEDIANTE EL OFRECIMIENTO DE OPORTUNIDADES DE ACCESO A LA POBLACIÖN DE TODOS LOS NIVELES , A PROGRAMAS UNIVERSITARIOS Y BENEFICIAR LOS SECTORES DE LA COMUNIDAD MÊS NECESITADOS A TRAVêS DE LA EXTENSIÖN DE LAS PRÊCTICAS PROFESIONALES DE LOS ESTUDIANTES DE LOS PROGRAMAS DE SALUD, EDUCACIÖN Y LA PRESTACIÖN DE LOS SERVICIOS PROPIOS DE SU QUEHACER EN BENEFICIO PRIMORDIALMENTE DE LAS CLASES MENOS FAVORECIDAS.";JAVIER ALFREDO;BARRERA PARDO;RECTOR;ACUERDO;428;26/02/2015;7/04/2015;;Raúl Mauricio;Acosta Lema;REPRESENTANTE LEGAL SUPLENTE;ACUERDO;102;1/09/2017;1/09/2017;30/11/2017;"CENTROS TUTORIALES,HUILA,NEIVA;CENTROS TUTORIALES,HUILA,NEIVA;CENTROS TUTORIALES,HUILA,NEIVA;";BOGOTA D.C;BOGOTA D.C.
2830;CORPORACION UNIVERSITARIA IBEROAMERICANA;ACTIVA;860.530.837-7;PRINCIPAL;CORPORACION;PRIVADA;INSTITUCION UNIVERSITARIA/ESCUELA TECNOLOGICA;BOGOTA D.C;BOGOTA D.C.;Calle 67   5-27;3489292;MINISTERIO DE EDUCACION NACIONAL;RESOLUCION;428;28/01/1982;32;www.iberoamericana.edu.co;NO;;;;"LEGAL:
CONTRIBUIR AL LOGRO DE LOS OBJETIVOS DE LA EDUCACIÖN SUPERIOR PREVISTOS EN LA CONSTITUCIÖN POLôTICA Y EN LA LEY 030/92 Y PRESTAR EL SERVICIO PÇBLICO DE LA EDUCACIÖN CON LOS MÊS ALTOS ESTÊNDARES DE CALIDAD ESTABLECIDOS POR LA COMUNIDAD ACADêMICA MEDIANTE EL SISTEMA NACIONAL DE ACREDITACIÖN.

CIENTIFICA:
DESARROLLAR INVESTIGACIÖN BÊSICA Y APLICADA EN LOS CAMPOS DISCIPLINARES Y PROFESIONALES DE SUS PROGRAMAS ACADêMICOS DE PRE Y POST-GRADO, TANTO PARA LA RETROALIMENTACIÖN PERMANENTE DE LOS CURRôCULOS DE FORMACIÖN DE LOS ESTUDIANTES, COMO PARA LA PRODUCCIÖN DE INNOVACIONES CIENTôFICAS Y TECNOLÖGICAS QUE FORTALEZCAN EL DESARROLLO Y DIVULGACIÖN DEL CONOCIMIENTO Y SUS APLICACIONES AL MEJORAMIENTO DE LA CALIDAD DE VIDA DEL HOMBRE.

FORMATIVA:
FORTALECER EL TALENTO INTELECTUAL Y POTENCIAR LA CAPACIDAD DE APRENDIZAJE DE LOS ESTUDIANTES PARA SU PERMANENTE DESARROLLO PERSONAL, SOCIAL Y PROFESIONAL, MEDIANTE LA ACCIÖN DOCENTE DE CONTACTO E INTERCAMBIO CON LAS FUENTES DE CONOCIMIENTO Y LA CULTURA Y DE HABILITACIÖN EN EL MANEJO DE LAS METODOLOGôAS APROPIADAS PARA SU PRODUCCIÖN, RENOVACIÖN, TRANSFORMACIÖN Y APLICACIÖN, FUNDAMENTADO EN LA APROPIACIÖN DE LOS PRINCIPIOS DE LA êTICA Y EN LA CONVIVENCIA DEMOCRÊTICA.

SOCIAL:
CONTRIBUIR AL MEJORAMIENTO DE LA COBERTURA DEL SERVICIO PÇBLICO DE LA EDUCACIÖN SUPERIOR, MEDIANTE EL OFRECIMIENTO DE OPORTUNIDADES DE ACCESO A LA POBLACIÖN DE TODOS LOS NIVELES , A PROGRAMAS UNIVERSITARIOS Y BENEFICIAR LOS SECTORES DE LA COMUNIDAD MÊS NECESITADOS A TRAVêS DE LA EXTENSIÖN DE LAS PRÊCTICAS PROFESIONALES DE LOS ESTUDIANTES DE LOS PROGRAMAS DE SALUD, EDUCACIÖN Y LA PRESTACIÖN DE LOS SERVICIOS PROPIOS DE SU QUEHACER EN BENEFICIO PRIMORDIALMENTE DE LAS CLASES MENOS FAVORECIDAS.";Raúl Mauricio;Acosta Lema;RECTOR(E);ACUERDO;428;1/09/2017;1/09/2017;30/11/2017;JAVIER ALFREDO;BARRERA PARDO;REPRESENTANTE LEGAL;ACUERDO;80;26/02/2015;7/04/2015;;"CENTROS TUTORIALES,HUILA,NEIVA;CENTROS TUTORIALES,HUILA,NEIVA;CENTROS TUTORIALES,HUILA,NEIVA;";BOGOTA D.C;BOGOTA D.C.
2820;CORPORACION UNIVERSITARIA LASALLISTA;ACTIVA;890.984.812-5;PRINCIPAL;CORPORACION;PRIVADA;INSTITUCION UNIVERSITARIA/ESCUELA TECNOLOGICA;ANTIOQUIA;CALDAS;Carrera  51  118 Sur-57;3000200;MINISTERIO DE EDUCACION NACIONAL;RESOLUCION;9887;22/06/1983;23;www.lasallista.edu.co;NO;;;;MISION;JOSE EDUARDO;MURILLO BOCANEGRA;RECTOR;ACUERDO;9887;13/11/2010;1/12/2010;;JOSE EDUARDO;MURILLO BOCANEGRA;REPRESENTANTE LEGAL;ACUERDO;44;13/11/2010;1/12/2010;;"CONVENIO,ANTIOQUIA,MEDELLIN;";ANTIOQUIA;CALDAS
4818;CORPORACION UNIVERSITARIA LATINOAMERICANA - CUL;ACTIVA;890.103.657-0;PRINCIPAL;CORPORACION;PRIVADA;INSTITUCION UNIVERSITARIA/ESCUELA TECNOLOGICA;ATLANTICO;BARRANQUILLA;Calle  58  55-24A;3444868;MINISTERIO DE EDUCACION NACIONAL;RESOLUCION;273;23/03/1971;21;www.ul.edu.co;NO;;;;"BUSCAR EL DESARROLLO INTEGRAL DE LAS POTENCIALIDADES DEL SER HUMANO, DESPERTANDO EN SUS EDUCANDOS UN ESPIRITU REFLEXIVO, ORIENTADO AL LOGRO DE LA LIBERTAD DE PENSAMIENTO Y PLURALISMO IDEOLOGICO QUE TENGA EN CUENTA LA UNIVERSIDAD DEL SABER Y LA PARTICULARIDAD DE LAS FORMAS CULTURALES DE LA REGION CARIBE Y DEL PAIS.
LA ESENCIA DE LA DOCENCIA EN LA CORPORACION INSTITUTO DE ARTES Y CIENCIAS ES PROMOVER EL DESARROLLO INTEGRAL Y ARMONICO DEL ALUMNO EN RALACION CON LOS DEMAS, CONSIGO MISMO Y CON SU ENTORNO, MEDIANTE UNA FORMACION INTELECTUAL QUE LO CAPACITE EN EL MANEJO DE LOS METODOS Y LENGUAJES CIENTIFICOS.";JOSE EDUARDO;CRISSIEN ORELLANO;RECTOR;ACUERDO;273;20/06/2015;21/06/2015;21/06/2018;JOSE EDUARDO;CRISSIEN ORELLANO;REPRESENTANTE LEGAL;ACUERDO;022-18;19/06/2018;19/06/2018;19/06/2021;;ATLANTICO;BARRANQUILLA
2829;CORPORACION UNIVERSITARIA MINUTO DE DIOS -UNIMINUTO-;ACTIVA;800.116.217-2;PRINCIPAL;CORPORACION;PRIVADA;INSTITUCION UNIVERSITARIA/ESCUELA TECNOLOGICA;BOGOTA D.C;BOGOTA D.C.;Diagonal 83 No. 72-55;2916520;MINISTERIO DE EDUCACION NACIONAL;RESOLUCION;10345;1/08/1990;154;www.uniminuto.edu;NO;;;;"LA CORPORACION UNIVERSITARIA MINUTO DE DIOS, ES UNA INSTITUCIÖN UNIVERSITARIA DE EDUCACUÖN SUPERIOR, INSERTA EN EL SISTEMA EDUCATIVO COLOMBIANO, CON UN MODELO DE EDUCACIÖN ARTERNATIVO QUE DESDE LA PERSPECTIVA DEL EVANGELIO Y DEL PENSAMIENTO SOCIAL DE LA IGLESIA, DE LA ESPIRITUALIDAD EUDISTA, DE LA RENOVACIÖN Y DE LA FILOSOFIA DE LA ORGANIZACIÖN MINUTO DE DIOS. 

FORMA PROFESIONALES RESPONSABLES, TECNICAMENTE COMPETITIVOS, êTICAMENTE ORIENTADOS Y SOCIALMENTE COMPROMETIDOS

PROMUEVE EL DESARROLLO INTEGRAL DE LAS PERSONAS, LAS COMUNIDADES Y LAS ORGANIZACIONES, FOMENTANDO EN ELLAS SUS POTENCIALIDADES, EN TERMINOS DE ACTITUDES HUMANAS, CRISTIANAS, CIUDADANAS Y DE SERVICIO A LA SOCIEDAD.

CONTRIBUYEN EN LA CONSTRUCCIÖN DE UNA NACIÖN MÊS JUSTA, DEMOCRATICA, PARTICIPATIVA Y SOLIDARIA, QUE RESPETE LOS VALORES CULTURALES PROPIOS Y AJENOS.";HAROLD DE JESUS;CASTILLA DEVOZ;RECTOR GENERAL;ACUERDO;10345;27/01/2017;5/04/2017;4/04/2020;NOE RAFAEL;RIVERA LEIVA;REPRESENTANTE LEGAL SUPLENTE;ACUERDO;263;29/06/2018;3/07/2018;4/04/2020;"CENTROS TUTORIALES,BOGOTA D.C,BOGOTA D.C.;CENTROS TUTORIALES,BOLIVAR,CARTAGENA;CENTROS TUTORIALES,BOLIVAR,CARTAGENA;CENTROS TUTORIALES,CALDAS,CHINCHINA;CENTROS TUTORIALES,CALDAS,CHINCHINA;CENTROS TUTORIALES,CALDAS,CHINCHINA;CENTROS TUTORIALES,CALDAS,CHINCHINA;CENTROS TUTORIALES,CAQUETA,FLORENCIA;CENTROS TUTORIALES,CAQUETA,FLORENCIA;CENTROS TUTORIALES,CUNDINAMARCA,FACATATIVA;CENTROS TUTORIALES,CUNDINAMARCA,FACATATIVA;CENTROS TUTORIALES,CUNDINAMARCA,FUNZA;CENTROS TUTORIALES,CUNDINAMARCA,GIRARDOT;CENTROS TUTORIALES,CUNDINAMARCA,GIRARDOT;CENTROS TUTORIALES,CUNDINAMARCA,GIRARDOT;CENTROS TUTORIALES,CUNDINAMARCA,GIRARDOT;CENTROS TUTORIALES,CUNDINAMARCA,LA MESA;CENTROS TUTORIALES,CUNDINAMARCA,LA MESA;CENTROS TUTORIALES,CUNDINAMARCA,LA MESA;CENTROS TUTORIALES,CUNDINAMARCA,MADRID;CENTROS TUTORIALES,CUNDINAMARCA,MADRID;CENTROS TUTORIALES,CUNDINAMARCA,MADRID;CENTROS TUTORIALES,CUNDINAMARCA,SOACHA;CENTROS TUTORIALES,CUNDINAMARCA,SOACHA;CENTROS TUTORIALES,CUNDINAMARCA,SOACHA;CENTROS TUTORIALES,CUNDINAMARCA,SOACHA;CENTROS TUTORIALES,CUNDINAMARCA,SOACHA;CENTROS TUTORIALES,CUNDINAMARCA,UBATE;CENTROS TUTORIALES,CUNDINAMARCA,UBATE;CENTROS TUTORIALES,CUNDINAMARCA,UBATE;CENTROS TUTORIALES,CUNDINAMARCA,VILLETA;CENTROS TUTORIALES,CUNDINAMARCA,VILLETA;CENTROS TUTORIALES,CUNDINAMARCA,ZIPAQUIRA;CENTROS TUTORIALES,CUNDINAMARCA,ZIPAQUIRA;CENTROS TUTORIALES,CUNDINAMARCA,ZIPAQUIRA;CENTROS TUTORIALES,CUNDINAMARCA,ZIPAQUIRA;CENTROS TUTORIALES,CUNDINAMARCA,ZIPAQUIRA;CENTROS TUTORIALES,HUILA,NEIVA;CENTROS TUTORIALES,HUILA,NEIVA;CENTROS TUTORIALES,HUILA,NEIVA;CENTROS TUTORIALES,HUILA,NEIVA;CENTROS TUTORIALES,HUILA,NEIVA;CENTROS TUTORIALES,HUILA,NEIVA;CENTROS TUTORIALES,HUILA,GARZON;CENTROS TUTORIALES,HUILA,GARZON;CENTROS TUTORIALES,HUILA,GARZON;CENTROS TUTORIALES,HUILA,GARZON;CENTROS TUTORIALES,HUILA,GARZON;CENTROS TUTORIALES,HUILA,PITALITO;CENTROS TUTORIALES,HUILA,PITALITO;CENTROS TUTORIALES,HUILA,PITALITO;CENTROS TUTORIALES,HUILA,PITALITO;CENTROS TUTORIALES,HUILA,PITALITO;CENTROS TUTORIALES,MAGDALENA,SANTA MARTA;CENTROS TUTORIALES,MAGDALENA,SANTA MARTA;CENTROS TUTORIALES,ANTIOQUIA,MEDELLIN;CENTROS TUTORIALES,ANTIOQUIA,APARTADO;CENTROS TUTORIALES,ANTIOQUIA,APARTADO;CENTROS TUTORIALES,ANTIOQUIA,APARTADO;CENTROS TUTORIALES,ANTIOQUIA,BELLO;CENTROS TUTORIALES,ANTIOQUIA,BELLO;CENTROS TUTORIALES,ANTIOQUIA,BELLO;CENTROS TUTORIALES,ANTIOQUIA,BELLO;CENTROS TUTORIALES,ANTIOQUIA,BELLO;CENTROS TUTORIALES,ANTIOQUIA,BELLO;CENTROS TUTORIALES,META,VILLAVICENCIO;CENTROS TUTORIALES,META,VILLAVICENCIO;CENTROS TUTORIALES,META,VILLAVICENCIO;CENTROS TUTORIALES,META,VILLAVICENCIO;CENTROS TUTORIALES,META,VILLAVICENCIO;CENTROS TUTORIALES,META,VILLAVICENCIO;CENTROS TUTORIALES,NARINIO,PASTO;CENTROS TUTORIALES,NARINIO,PASTO;CENTROS TUTORIALES,NARINIO,PASTO;CENTROS TUTORIALES,NARINIO,PASTO;CENTROS TUTORIALES,NORTE DE SANTANDER,CUCUTA;CENTROS TUTORIALES,NORTE DE SANTANDER,CUCUTA;CENTROS TUTORIALES,NORTE DE SANTANDER,CUCUTA;CENTROS TUTORIALES,NORTE DE SANTANDER,CUCUTA;CENTROS TUTORIALES,NORTE DE SANTANDER,OCA?A;CENTROS TUTORIALES,NORTE DE SANTANDER,OCA?A;CENTROS TUTORIALES,RISARALDA,PEREIRA;CENTROS TUTORIALES,RISARALDA,PEREIRA;CENTROS TUTORIALES,RISARALDA,PEREIRA;CENTROS TUTORIALES,RISARALDA,PEREIRA;CENTROS TUTORIALES,SANTANDER,BUCARAMANGA;CENTROS TUTORIALES,SANTANDER,BUCARAMANGA;CENTROS TUTORIALES,SANTANDER,BUCARAMANGA;CENTROS TUTORIALES,SANTANDER,BUCARAMANGA;CENTROS TUTORIALES,SANTANDER,BUCARAMANGA;CENTROS TUTORIALES,TOLIMA,IBAGUE;CENTROS TUTORIALES,TOLIMA,IBAGUE;CENTROS TUTORIALES,TOLIMA,IBAGUE;CENTROS TUTORIALES,TOLIMA,IBAGUE;CENTROS TUTORIALES,TOLIMA,IBAGUE;CENTROS TUTORIALES,TOLIMA,LERIDA;CENTROS TUTORIALES,VALLE DEL CAUCA,CALI;CENTROS TUTORIALES,VALLE DEL CAUCA,CALI;CENTROS TUTORIALES,VALLE DEL CAUCA,CALI;CENTROS TUTORIALES,VALLE DEL CAUCA,CALI;CENTROS TUTORIALES,VALLE DEL CAUCA,CALI;CENTROS TUTORIALES,VALLE DEL CAUCA,BUENAVENTURA;CENTROS TUTORIALES,VALLE DEL CAUCA,GUADALAJARA DE BUGA ;CENTROS TUTORIALES,VALLE DEL CAUCA,GUADALAJARA DE BUGA ;CENTROS TUTORIALES,VALLE DEL CAUCA,GUADALAJARA DE BUGA ;CENTROS TUTORIALES,ATLANTICO,BARRANQUILLA;CENTROS TUTORIALES,ATLANTICO,BARRANQUILLA;CENTROS TUTORIALES,ATLANTICO,BARRANQUILLA;CENTROS TUTORIALES,ATLANTICO,BARRANQUILLA;CENTROS TUTORIALES,ATLANTICO,BARRANQUILLA;CENTROS TUTORIALES,PUTUMAYO,MOCOA;CENTROS TUTORIALES,VAUPES,MITU;CENTROS TUTORIALES,VAUPES,MITU;CENTROS TUTORIALES,VAUPES,MITU;";BOGOTA D.C;BOGOTA D.C.
2829;CORPORACION UNIVERSITARIA MINUTO DE DIOS -UNIMINUTO-;ACTIVA;800.116.217-2;PRINCIPAL;CORPORACION;PRIVADA;INSTITUCION UNIVERSITARIA/ESCUELA TECNOLOGICA;BOGOTA D.C;BOGOTA D.C.;Diagonal 83 No. 72-55;2916520;MINISTERIO DE EDUCACION NACIONAL;RESOLUCION;10345;1/08/1990;154;www.uniminuto.edu;NO;;;;"LA CORPORACION UNIVERSITARIA MINUTO DE DIOS, ES UNA INSTITUCIÖN UNIVERSITARIA DE EDUCACUÖN SUPERIOR, INSERTA EN EL SISTEMA EDUCATIVO COLOMBIANO, CON UN MODELO DE EDUCACIÖN ARTERNATIVO QUE DESDE LA PERSPECTIVA DEL EVANGELIO Y DEL PENSAMIENTO SOCIAL DE LA IGLESIA, DE LA ESPIRITUALIDAD EUDISTA, DE LA RENOVACIÖN Y DE LA FILOSOFIA DE LA ORGANIZACIÖN MINUTO DE DIOS. 

FORMA PROFESIONALES RESPONSABLES, TECNICAMENTE COMPETITIVOS, êTICAMENTE ORIENTADOS Y SOCIALMENTE COMPROMETIDOS

PROMUEVE EL DESARROLLO INTEGRAL DE LAS PERSONAS, LAS COMUNIDADES Y LAS ORGANIZACIONES, FOMENTANDO EN ELLAS SUS POTENCIALIDADES, EN TERMINOS DE ACTITUDES HUMANAS, CRISTIANAS, CIUDADANAS Y DE SERVICIO A LA SOCIEDAD.

CONTRIBUYEN EN LA CONSTRUCCIÖN DE UNA NACIÖN MÊS JUSTA, DEMOCRATICA, PARTICIPATIVA Y SOLIDARIA, QUE RESPETE LOS VALORES CULTURALES PROPIOS Y AJENOS.";LEONIDAS;LOPEZ HERRAN;RECTOR;ACTA;10345;24/01/2014;31/01/2014;30/01/2017;NOE RAFAEL;RIVERA LEIVA;REPRESENTANTE LEGAL SUPLENTE;ACUERDO;263;29/06/2018;3/07/2018;4/04/2020;"CENTROS TUTORIALES,BOGOTA D.C,BOGOTA D.C.;CENTROS TUTORIALES,BOLIVAR,CARTAGENA;CENTROS TUTORIALES,BOLIVAR,CARTAGENA;CENTROS TUTORIALES,CALDAS,CHINCHINA;CENTROS TUTORIALES,CALDAS,CHINCHINA;CENTROS TUTORIALES,CALDAS,CHINCHINA;CENTROS TUTORIALES,CALDAS,CHINCHINA;CENTROS TUTORIALES,CAQUETA,FLORENCIA;CENTROS TUTORIALES,CAQUETA,FLORENCIA;CENTROS TUTORIALES,CUNDINAMARCA,FACATATIVA;CENTROS TUTORIALES,CUNDINAMARCA,FACATATIVA;CENTROS TUTORIALES,CUNDINAMARCA,FUNZA;CENTROS TUTORIALES,CUNDINAMARCA,GIRARDOT;CENTROS TUTORIALES,CUNDINAMARCA,GIRARDOT;CENTROS TUTORIALES,CUNDINAMARCA,GIRARDOT;CENTROS TUTORIALES,CUNDINAMARCA,GIRARDOT;CENTROS TUTORIALES,CUNDINAMARCA,LA MESA;CENTROS TUTORIALES,CUNDINAMARCA,LA MESA;CENTROS TUTORIALES,CUNDINAMARCA,LA MESA;CENTROS TUTORIALES,CUNDINAMARCA,MADRID;CENTROS TUTORIALES,CUNDINAMARCA,MADRID;CENTROS TUTORIALES,CUNDINAMARCA,MADRID;CENTROS TUTORIALES,CUNDINAMARCA,SOACHA;CENTROS TUTORIALES,CUNDINAMARCA,SOACHA;CENTROS TUTORIALES,CUNDINAMARCA,SOACHA;CENTROS TUTORIALES,CUNDINAMARCA,SOACHA;CENTROS TUTORIALES,CUNDINAMARCA,SOACHA;CENTROS TUTORIALES,CUNDINAMARCA,UBATE;CENTROS TUTORIALES,CUNDINAMARCA,UBATE;CENTROS TUTORIALES,CUNDINAMARCA,UBATE;CENTROS TUTORIALES,CUNDINAMARCA,VILLETA;CENTROS TUTORIALES,CUNDINAMARCA,VILLETA;CENTROS TUTORIALES,CUNDINAMARCA,ZIPAQUIRA;CENTROS TUTORIALES,CUNDINAMARCA,ZIPAQUIRA;CENTROS TUTORIALES,CUNDINAMARCA,ZIPAQUIRA;CENTROS TUTORIALES,CUNDINAMARCA,ZIPAQUIRA;CENTROS TUTORIALES,CUNDINAMARCA,ZIPAQUIRA;CENTROS TUTORIALES,HUILA,NEIVA;CENTROS TUTORIALES,HUILA,NEIVA;CENTROS TUTORIALES,HUILA,NEIVA;CENTROS TUTORIALES,HUILA,NEIVA;CENTROS TUTORIALES,HUILA,NEIVA;CENTROS TUTORIALES,HUILA,NEIVA;CENTROS TUTORIALES,HUILA,GARZON;CENTROS TUTORIALES,HUILA,GARZON;CENTROS TUTORIALES,HUILA,GARZON;CENTROS TUTORIALES,HUILA,GARZON;CENTROS TUTORIALES,HUILA,GARZON;CENTROS TUTORIALES,HUILA,PITALITO;CENTROS TUTORIALES,HUILA,PITALITO;CENTROS TUTORIALES,HUILA,PITALITO;CENTROS TUTORIALES,HUILA,PITALITO;CENTROS TUTORIALES,HUILA,PITALITO;CENTROS TUTORIALES,MAGDALENA,SANTA MARTA;CENTROS TUTORIALES,MAGDALENA,SANTA MARTA;CENTROS TUTORIALES,ANTIOQUIA,MEDELLIN;CENTROS TUTORIALES,ANTIOQUIA,APARTADO;CENTROS TUTORIALES,ANTIOQUIA,APARTADO;CENTROS TUTORIALES,ANTIOQUIA,APARTADO;CENTROS TUTORIALES,ANTIOQUIA,BELLO;CENTROS TUTORIALES,ANTIOQUIA,BELLO;CENTROS TUTORIALES,ANTIOQUIA,BELLO;CENTROS TUTORIALES,ANTIOQUIA,BELLO;CENTROS TUTORIALES,ANTIOQUIA,BELLO;CENTROS TUTORIALES,ANTIOQUIA,BELLO;CENTROS TUTORIALES,META,VILLAVICENCIO;CENTROS TUTORIALES,META,VILLAVICENCIO;CENTROS TUTORIALES,META,VILLAVICENCIO;CENTROS TUTORIALES,META,VILLAVICENCIO;CENTROS TUTORIALES,META,VILLAVICENCIO;CENTROS TUTORIALES,META,VILLAVICENCIO;CENTROS TUTORIALES,NARINIO,PASTO;CENTROS TUTORIALES,NARINIO,PASTO;CENTROS TUTORIALES,NARINIO,PASTO;CENTROS TUTORIALES,NARINIO,PASTO;CENTROS TUTORIALES,NORTE DE SANTANDER,CUCUTA;CENTROS TUTORIALES,NORTE DE SANTANDER,CUCUTA;CENTROS TUTORIALES,NORTE DE SANTANDER,CUCUTA;CENTROS TUTORIALES,NORTE DE SANTANDER,CUCUTA;CENTROS TUTORIALES,NORTE DE SANTANDER,OCA?A;CENTROS TUTORIALES,NORTE DE SANTANDER,OCA?A;CENTROS TUTORIALES,RISARALDA,PEREIRA;CENTROS TUTORIALES,RISARALDA,PEREIRA;CENTROS TUTORIALES,RISARALDA,PEREIRA;CENTROS TUTORIALES,RISARALDA,PEREIRA;CENTROS TUTORIALES,SANTANDER,BUCARAMANGA;CENTROS TUTORIALES,SANTANDER,BUCARAMANGA;CENTROS TUTORIALES,SANTANDER,BUCARAMANGA;CENTROS TUTORIALES,SANTANDER,BUCARAMANGA;CENTROS TUTORIALES,SANTANDER,BUCARAMANGA;CENTROS TUTORIALES,TOLIMA,IBAGUE;CENTROS TUTORIALES,TOLIMA,IBAGUE;CENTROS TUTORIALES,TOLIMA,IBAGUE;CENTROS TUTORIALES,TOLIMA,IBAGUE;CENTROS TUTORIALES,TOLIMA,IBAGUE;CENTROS TUTORIALES,TOLIMA,LERIDA;CENTROS TUTORIALES,VALLE DEL CAUCA,CALI;CENTROS TUTORIALES,VALLE DEL CAUCA,CALI;CENTROS TUTORIALES,VALLE DEL CAUCA,CALI;CENTROS TUTORIALES,VALLE DEL CAUCA,CALI;CENTROS TUTORIALES,VALLE DEL CAUCA,CALI;CENTROS TUTORIALES,VALLE DEL CAUCA,BUENAVENTURA;CENTROS TUTORIALES,VALLE DEL CAUCA,GUADALAJARA DE BUGA ;CENTROS TUTORIALES,VALLE DEL CAUCA,GUADALAJARA DE BUGA ;CENTROS TUTORIALES,VALLE DEL CAUCA,GUADALAJARA DE BUGA ;CENTROS TUTORIALES,ATLANTICO,BARRANQUILLA;CENTROS TUTORIALES,ATLANTICO,BARRANQUILLA;CENTROS TUTORIALES,ATLANTICO,BARRANQUILLA;CENTROS TUTORIALES,ATLANTICO,BARRANQUILLA;CENTROS TUTORIALES,ATLANTICO,BARRANQUILLA;CENTROS TUTORIALES,PUTUMAYO,MOCOA;CENTROS TUTORIALES,VAUPES,MITU;CENTROS TUTORIALES,VAUPES,MITU;CENTROS TUTORIALES,VAUPES,MITU;";BOGOTA D.C;BOGOTA D.C.
2841;CORPORACION UNIVERSITARIA MINUTO DE DIOS -UNIMINUTO-;ACTIVA;800.116.217 - 2;SECCIONAL;CORPORACION;PRIVADA;INSTITUCION UNIVERSITARIA/ESCUELA TECNOLOGICA;ANTIOQUIA;BELLO;Carrera 45   22 D - 25;4623131;MINISTERIO DE EDUCACION NACIONAL.;RESOLUCION;1634;17/07/2002;12;www.uniminuto.edu;NO;;;;;HAROLD DE JESUS;CASTILLA DEVOZ;RECTOR GENERAL;ACUERDO;1634;27/01/2017;5/04/2017;4/04/2020;NOE RAFAEL;RIVERA LEIVA;REPRESENTANTE LEGAL SUPLENTE;ACUERDO;263;29/06/2018;3/07/2018;4/04/2020;;ANTIOQUIA;BELLO
2841;CORPORACION UNIVERSITARIA MINUTO DE DIOS -UNIMINUTO-;ACTIVA;800.116.217 - 2;SECCIONAL;CORPORACION;PRIVADA;INSTITUCION UNIVERSITARIA/ESCUELA TECNOLOGICA;ANTIOQUIA;BELLO;Carrera 45   22 D - 25;4623131;MINISTERIO DE EDUCACION NACIONAL.;RESOLUCION;1634;17/07/2002;12;www.uniminuto.edu;NO;;;;;Huberto;Obando Gil;RECTOR;ACUERDO;1634;2/10/2015;2/10/2015;2/10/2018;NOE RAFAEL;RIVERA LEIVA;REPRESENTANTE LEGAL SUPLENTE;ACUERDO;263;29/06/2018;3/07/2018;4/04/2020;;ANTIOQUIA;BELLO
2841;CORPORACION UNIVERSITARIA MINUTO DE DIOS -UNIMINUTO-;ACTIVA;800.116.217 - 2;SECCIONAL;CORPORACION;PRIVADA;INSTITUCION UNIVERSITARIA/ESCUELA TECNOLOGICA;ANTIOQUIA;BELLO;Carrera 45   22 D - 25;4623131;MINISTERIO DE EDUCACION NACIONAL.;RESOLUCION;1634;17/07/2002;12;www.uniminuto.edu;NO;;;;;JORGE ARBEY;TORO OCAMPO;RECTOR(E);ACUERDO;1634;22/05/2015;2/06/2015;28/08/2015;NOE RAFAEL;RIVERA LEIVA;REPRESENTANTE LEGAL SUPLENTE;ACUERDO;263;29/06/2018;3/07/2018;4/04/2020;;ANTIOQUIA;BELLO
9906;CORPORACION UNIVERSITARIA PARA EL DESARROLLO EMPRESARIAL Y SOCIAL- CUDES;ACTIVA;_;PRINCIPAL;CORPORACION;PRIVADA;INSTITUCION UNIVERSITARIA/ESCUELA TECNOLOGICA;VALLE DEL CAUCA;CALI;Av. 6N No. 47-197;6518200;Ministerio de Educaci˘n Nacional;RESOLUCION;1051;15/02/2011;5;NO DISPONIBLE;NO;;;;;JOSE RICARDO;LLANO VALENCIA;RECTOR;ACTA;1051;1/04/2015;1/04/2015;31/03/2019;JOSE RICARDO;LLANO VALENCIA;REPRESENTANTE LEGAL;ACTA;32;1/04/2015;1/04/2015;31/03/2019;;VALLE DEL CAUCA;CALI
2825;CORPORACION UNIVERSITARIA RAFAEL NUæEZ;ACTIVA;890.481.276-8;PRINCIPAL;CORPORACION;PRIVADA;INSTITUCION UNIVERSITARIA/ESCUELA TECNOLOGICA;BOLIVAR;CARTAGENA;Edificio Rafael Nuœez, Centro Calle de la Soledad No. 5-70;6607777;MINISTERIO DE EDUCACION NACIONAL;RESOLUCION;6644;5/06/1985;23;www.curn.edu.co;NO;;;;LA MISION ES FORMAR  INTEGRALMENTE  A LOS ESTUDIANTES Y DEMAS SUJETOS  QUE CONFORMAN LA COMUNIDAD EDUCATIVA, BAJO LOS PRINCIPIOS Y VALORES CIENTIFICOS, HUMANISTICO Y ETICOS DE LA MAS ALTA SIGNIFICACION  SOCIAL Y CULTURAL.;MIGUEL ANGEL;HENRIQUEZ LOPEZ;RECTOR;ACTA;6644;28/09/2009;3/11/2009;;MIGUEL ANGEL;HENRIQUEZ LOPEZ;REPRESENTANTE LEGAL;ACTA;.;28/09/2009;3/11/2009;;;BOLIVAR;CARTAGENA
2842;CORPORACION UNIVERSITARIA REFORMADA - CUR -;ACTIVA;802017254-8;PRINCIPAL;CORPORACION;PRIVADA;INSTITUCION UNIVERSITARIA/ESCUELA TECNOLOGICA;ATLANTICO;BARRANQUILLA;Carrera 38 74-179;3680130;MINISTERIO DE EDUCACION NACIONAL;RESOLUCION;1021;14/05/2002;18;www.unireformada.edu.co;NO;;;;;HELIS HERNAN;BARRAZA DIAZ;RECTOR SUPLENTE;ACUERDO;1021;8/11/2016;8/11/2016;;WILLIAM EVERSE;SCHUTMAAT LOEW;REPRESENTANTE LEGAL;ACUERDO;1;16/01/2015;16/01/2015;;;ATLANTICO;BARRANQUILLA
2842;CORPORACION UNIVERSITARIA REFORMADA - CUR -;ACTIVA;802017254-8;PRINCIPAL;CORPORACION;PRIVADA;INSTITUCION UNIVERSITARIA/ESCUELA TECNOLOGICA;ATLANTICO;BARRANQUILLA;Carrera 38 74-179;3680130;MINISTERIO DE EDUCACION NACIONAL;RESOLUCION;1021;14/05/2002;18;www.unireformada.edu.co;NO;;;;;HELIS HERNAN;BARRAZA DIAZ;RECTOR;ACUERDO;1021;8/11/2016;8/11/2016;;WILLIAM EVERSE;SCHUTMAAT LOEW;REPRESENTANTE LEGAL;ACUERDO;1;16/01/2015;16/01/2015;;;ATLANTICO;BARRANQUILLA
4826;CORPORACION UNIVERSITARIA REGIONAL DEL CARIBE -IAFIC-;ACTIVA;890.481.341-9;PRINCIPAL;CORPORACION;PRIVADA;INSTITUCION UNIVERSITARIA/ESCUELA TECNOLOGICA;BOLIVAR;CARTAGENA;Pie del Cerro, Av.Pedro Heredia 18B-17;6665832;MINISTERIO DE EDUCACION NACIONAL.;RESOLUCION;8992;21/06/1985;13;www.iafic.edu.co;NO;;;;"IAFIC ES UNA EMPRESA DE CONOCIMIENTOS QUE OFRECE CARRERAS DE EDUCACION SUPERIOR, CON UNA VISION HUMANISTICA, CRITERIO DE INVESTIGACION Y SENTIDO ETICO, MEDIANTE LA UTILIZACION RACIONAL DE SUS RECURSOS, CON EL FIN DE ALCANZAR MAYOR COMPETITIVIDAD Y DESARROLLO INSTITUCIONAL, PARA ADAPTARSE A LAS NUEVAS EXIGENCIAS DEL MERCADO.

PROPENDE FORMAR PROFESIONALES EMPRESARIOS, CON ESPIRITU DE LIDERAZGO, CAPACES DE AFRONTAR EFECTIVAMENTE EL CAMBIANTE ENTORNO SOCIAL, CON ADECUADOS NIVELES DE CALIDAD QUE PARTICIPEN ACTIVAMENTE EN EL DESARROLLO SOCIOECONOMICO, TECNOLOGICO Y CULTURAL DE LA NACION.";FERNANDO CARLOS;TINOCO TAMARA;RECTOR;ACTA C.D.;8992;24/02/2017;25/02/2017;24/02/2021;FERNANDO CARLOS;TINOCO TAMARA;REPRESENTANTE LEGAL;ACTA;3;20/06/2016;21/06/2016;20/06/2020;;BOLIVAR;CARTAGENA
2833;CORPORACION UNIVERSITARIA REMINGTON;ACTIVA;811005425-1;PRINCIPAL;CORPORACION;PRIVADA;INSTITUCION UNIVERSITARIA/ESCUELA TECNOLOGICA;ANTIOQUIA;MEDELLIN;Calle 51  51-27, Edificio Coltabaco, Torre 1;5111000;MINISTERIO DE EDUCACION NACIONAL;RESOLUCION;2661;21/06/1996;89;www.remington.edu.co;NO;;;;"LA CORPORACION UNIVERSITARIA REMINGTON ES UNA INSTITUCION DE EDUCACION SUPERIOR DE CARACTER PRIVADO, QUE PRESTA SUS SERVICIOS A NIVEL REGIONAL Y NACIONAL, ORIENTADA POR PRINCIPIOS DE INTERACCION ACADEMICA INSTITUCIONAL CON EL MEDIO.
 
CUMPLE CON LAS FUNCIONES DE DOCENCIA, INVESTIGACION Y EXTENCION, PARA LA FORMACION INTEGRAL DE UNA PERSONA PLENA EN VALORES ETICOS, MORALES, POLITICOS, ECONOMICOS, AMBIENTALES, CULTURALES Y TRASCENDENTES, A TRAVES DE SUS PROGRAMAS ACADEMICOS DE PREGRADO Y POSTGRADO, EN UN CONTEXTO DE ALTO NIVEL DE EXCELENCIA CIENTIFICA Y TECNOLOGICA, DE INVESTIGACION APLICADA Y ORIENTADA AL SECTOR PRODUCTIVO, INTERACTUANDO CON LA COMUNIDAD A TRAVES DE SUS SERVICIOS DE EXTENSION.

BUSCAMOS, DE MANERA PERMANENTE, AMPLIAR ESPACIOS PARA QUE LA COMUNIDAD TENGA OPORTUNIDAD DE PARTICIPAR EN NUESTRO PROYECTO EDUCATIVO, FORMANDO PROFESIONALES INTEGRALES PARA EL CAMBIO Y EL LIDERAZGO, COMPROMETIDOS COMPLETAMENTE CON EL DESARROLLO DEL PAIS, CONTRIBUYENDO A LA GENERACION DE UNA MEJOR CALIDAD DE VIDA.";ARCADIO;MAYA  ELEJALDE;RECTOR;ACTA;2661;10/12/2015;1/01/2016;;JORGE EDUARDO;VASQUEZ POSADA;REPRESENTANTE LEGAL;ACTA;127;10/12/2015;1/01/2016;;"CENTROS TUTORIALES,BOGOTA D.C,BOGOTA D.C.;CENTROS TUTORIALES,BOGOTA D.C,BOGOTA D.C.;CENTROS TUTORIALES,BOGOTA D.C,BOGOTA D.C.;CENTROS TUTORIALES,BOGOTA D.C,BOGOTA D.C.;CENTROS TUTORIALES,BOGOTA D.C,BOGOTA D.C.;CENTROS TUTORIALES,BOGOTA D.C,BOGOTA D.C.;CENTROS TUTORIALES,BOGOTA D.C,BOGOTA D.C.;CENTROS TUTORIALES,BOGOTA D.C,BOGOTA D.C.;CENTROS TUTORIALES,BOGOTA D.C,BOGOTA D.C.;CENTROS TUTORIALES,BOGOTA D.C,BOGOTA D.C.;CENTROS TUTORIALES,BOGOTA D.C,BOGOTA D.C.;CENTROS TUTORIALES,BOGOTA D.C,BOGOTA D.C.;CENTROS TUTORIALES,BOGOTA D.C,BOGOTA D.C.;CENTROS TUTORIALES,BOGOTA D.C,BOGOTA D.C.;CENTROS TUTORIALES,BOGOTA D.C,BOGOTA D.C.;CENTROS TUTORIALES,BOGOTA D.C,BOGOTA D.C.;CENTROS TUTORIALES,BOGOTA D.C,BOGOTA D.C.;CENTROS TUTORIALES,BOGOTA D.C,BOGOTA D.C.;CENTROS TUTORIALES,BOGOTA D.C,BOGOTA D.C.;CENTROS TUTORIALES,BOGOTA D.C,BOGOTA D.C.;CENTROS TUTORIALES,BOGOTA D.C,BOGOTA D.C.;CENTROS TUTORIALES,BOGOTA D.C,BOGOTA D.C.;CENTROS TUTORIALES,BOGOTA D.C,BOGOTA D.C.;CENTROS TUTORIALES,BOGOTA D.C,BOGOTA D.C.;CENTROS TUTORIALES,BOLIVAR,CARTAGENA;CENTROS TUTORIALES,BOLIVAR,CARTAGENA;CENTROS TUTORIALES,BOLIVAR,CARTAGENA;CENTROS TUTORIALES,BOLIVAR,CARTAGENA;CENTROS TUTORIALES,BOLIVAR,CARTAGENA;CENTROS TUTORIALES,BOLIVAR,CARTAGENA;CENTROS TUTORIALES,BOLIVAR,CARTAGENA;CENTROS TUTORIALES,BOLIVAR,CARTAGENA;CENTROS TUTORIALES,BOYACA,TUNJA;CENTROS TUTORIALES,BOYACA,TUNJA;CENTROS TUTORIALES,BOYACA,TUNJA;CENTROS TUTORIALES,BOYACA,TUNJA;CENTROS TUTORIALES,BOYACA,TUNJA;CENTROS TUTORIALES,BOYACA,TUNJA;CENTROS TUTORIALES,BOYACA,TUNJA;CENTROS TUTORIALES,BOYACA,CHIQUINQUIRA;CENTROS TUTORIALES,BOYACA,CHIQUINQUIRA;CENTROS TUTORIALES,BOYACA,CHIQUINQUIRA;CENTROS TUTORIALES,BOYACA,DUITAMA;CENTROS TUTORIALES,BOYACA,DUITAMA;CENTROS TUTORIALES,BOYACA,DUITAMA;CENTROS TUTORIALES,BOYACA,DUITAMA;CENTROS TUTORIALES,BOYACA,DUITAMA;CENTROS TUTORIALES,BOYACA,DUITAMA;CENTROS TUTORIALES,BOYACA,DUITAMA;CENTROS TUTORIALES,BOYACA,GUATEQUE;CENTROS TUTORIALES,BOYACA,GUATEQUE;CENTROS TUTORIALES,BOYACA,GUATEQUE;CENTROS TUTORIALES,BOYACA,MONIQUIRA;CENTROS TUTORIALES,BOYACA,MONIQUIRA;CENTROS TUTORIALES,BOYACA,MONIQUIRA;CENTROS TUTORIALES,BOYACA,SOGAMOSO;CENTROS TUTORIALES,BOYACA,SOGAMOSO;CENTROS TUTORIALES,BOYACA,SOGAMOSO;CENTROS TUTORIALES,BOYACA,SOGAMOSO;CENTROS TUTORIALES,BOYACA,SOGAMOSO;CENTROS TUTORIALES,BOYACA,SOGAMOSO;CENTROS TUTORIALES,BOYACA,SOGAMOSO;CENTROS TUTORIALES,BOYACA,SOGAMOSO;CENTROS TUTORIALES,CALDAS,MANIZALES;CENTROS TUTORIALES,CALDAS,MANIZALES;CENTROS TUTORIALES,CALDAS,MANIZALES;CENTROS TUTORIALES,CALDAS,MANIZALES;CENTROS TUTORIALES,CALDAS,MANIZALES;CENTROS TUTORIALES,CALDAS,MANIZALES;CENTROS TUTORIALES,CALDAS,MANIZALES;CENTROS TUTORIALES,CALDAS,MANIZALES;CENTROS TUTORIALES,CAQUETA,FLORENCIA;CENTROS TUTORIALES,CAQUETA,FLORENCIA;CENTROS TUTORIALES,CAQUETA,FLORENCIA;CENTROS TUTORIALES,CAUCA,POPAYAN;CENTROS TUTORIALES,CAUCA,POPAYAN;CENTROS TUTORIALES,CAUCA,POPAYAN;CENTROS TUTORIALES,CAUCA,POPAYAN;CENTROS TUTORIALES,CESAR,VALLEDUPAR;CENTROS TUTORIALES,CESAR,VALLEDUPAR;CENTROS TUTORIALES,CESAR,VALLEDUPAR;CENTROS TUTORIALES,CESAR,VALLEDUPAR;CENTROS TUTORIALES,CESAR,PAILITAS;CENTROS TUTORIALES,CESAR,PAILITAS;CENTROS TUTORIALES,CORDOBA,MONTERIA;CENTROS TUTORIALES,CORDOBA,MONTERIA;CENTROS TUTORIALES,CORDOBA,MONTERIA;CENTROS TUTORIALES,CORDOBA,MONTERIA;CENTROS TUTORIALES,CORDOBA,MONTERIA;CENTROS TUTORIALES,CORDOBA,MONTERIA;CENTROS TUTORIALES,CORDOBA,MONTERIA;CENTROS TUTORIALES,CORDOBA,MONTERIA;CENTROS TUTORIALES,CORDOBA,MONTERIA;CENTROS TUTORIALES,CORDOBA,MONTERIA;CENTROS TUTORIALES,CORDOBA,MONTERIA;CENTROS TUTORIALES,CORDOBA,SAHAGUN;CENTROS TUTORIALES,CUNDINAMARCA,FACATATIVA;CENTROS TUTORIALES,CUNDINAMARCA,FACATATIVA;CENTROS TUTORIALES,CUNDINAMARCA,FUSAGASUGA;CENTROS TUTORIALES,CUNDINAMARCA,FUSAGASUGA;CENTROS TUTORIALES,CUNDINAMARCA,FUSAGASUGA;CENTROS TUTORIALES,CUNDINAMARCA,GIRARDOT;CENTROS TUTORIALES,CUNDINAMARCA,GIRARDOT;CENTROS TUTORIALES,CUNDINAMARCA,GIRARDOT;CENTROS TUTORIALES,CHOCO,QUIBDO;CENTROS TUTORIALES,CHOCO,QUIBDO;CENTROS TUTORIALES,CHOCO,QUIBDO;CENTROS TUTORIALES,HUILA,NEIVA;CENTROS TUTORIALES,HUILA,NEIVA;CENTROS TUTORIALES,HUILA,GARZON;CENTROS TUTORIALES,HUILA,GARZON;CENTROS TUTORIALES,HUILA,GARZON;CENTROS TUTORIALES,HUILA,PITALITO;CENTROS TUTORIALES,HUILA,PITALITO;CENTROS TUTORIALES,GUAJIRA,RIOHACHA;CENTROS TUTORIALES,GUAJIRA,RIOHACHA;CENTROS TUTORIALES,MAGDALENA,SANTA MARTA;CENTROS TUTORIALES,MAGDALENA,SANTA MARTA;CENTROS TUTORIALES,MAGDALENA,SANTA MARTA;CENTROS TUTORIALES,ANTIOQUIA,MEDELLIN;CENTROS TUTORIALES,ANTIOQUIA,MEDELLIN;CENTROS TUTORIALES,ANTIOQUIA,MEDELLIN;CENTROS TUTORIALES,ANTIOQUIA,MEDELLIN;CENTROS TUTORIALES,ANTIOQUIA,MEDELLIN;CENTROS TUTORIALES,ANTIOQUIA,MEDELLIN;CENTROS TUTORIALES,ANTIOQUIA,MEDELLIN;CENTROS TUTORIALES,ANTIOQUIA,MEDELLIN;CENTROS TUTORIALES,ANTIOQUIA,MEDELLIN;CENTROS TUTORIALES,ANTIOQUIA,SANTA FE DE ANTIOQUIA;CENTROS TUTORIALES,ANTIOQUIA,SANTA FE DE ANTIOQUIA;CENTROS TUTORIALES,ANTIOQUIA,SANTA FE DE ANTIOQUIA;CENTROS TUTORIALES,ANTIOQUIA,APARTADO;CENTROS TUTORIALES,ANTIOQUIA,APARTADO;CENTROS TUTORIALES,ANTIOQUIA,APARTADO;CENTROS TUTORIALES,ANTIOQUIA,APARTADO;CENTROS TUTORIALES,ANTIOQUIA,BARBOSA;CENTROS TUTORIALES,ANTIOQUIA,BARBOSA;CENTROS TUTORIALES,ANTIOQUIA,BARBOSA;CENTROS TUTORIALES,ANTIOQUIA,BELLO;CENTROS TUTORIALES,ANTIOQUIA,BELLO;CENTROS TUTORIALES,ANTIOQUIA,BELLO;CENTROS TUTORIALES,ANTIOQUIA,CIUDAD BOLIVAR;CENTROS TUTORIALES,ANTIOQUIA,CAUCASIA;CENTROS TUTORIALES,ANTIOQUIA,CAUCASIA;CENTROS TUTORIALES,ANTIOQUIA,PUERTO BERRIO;CENTROS TUTORIALES,ANTIOQUIA,PUERTO BERRIO;CENTROS TUTORIALES,ANTIOQUIA,PUERTO BERRIO;CENTROS TUTORIALES,ANTIOQUIA,PUERTO BERRIO;CENTROS TUTORIALES,ANTIOQUIA,RIONEGRO;CENTROS TUTORIALES,ANTIOQUIA,RIONEGRO;CENTROS TUTORIALES,ANTIOQUIA,RIONEGRO;CENTROS TUTORIALES,ANTIOQUIA,RIONEGRO;CENTROS TUTORIALES,ANTIOQUIA,RIONEGRO;CENTROS TUTORIALES,ANTIOQUIA,SAN JUAN DE URABA;CENTROS TUTORIALES,ANTIOQUIA,SAN JUAN DE URABA;CENTROS TUTORIALES,ANTIOQUIA,SAN JUAN DE URABA;CENTROS TUTORIALES,ANTIOQUIA,SAN JUAN DE URABA;CENTROS TUTORIALES,ANTIOQUIA,YARUMAL;CENTROS TUTORIALES,META,VILLAVICENCIO;CENTROS TUTORIALES,META,VILLAVICENCIO;CENTROS TUTORIALES,META,VILLAVICENCIO;CENTROS TUTORIALES,META,VILLAVICENCIO;CENTROS TUTORIALES,META,VILLAVICENCIO;CENTROS TUTORIALES,META,GRANADA;CENTROS TUTORIALES,META,GRANADA;CENTROS TUTORIALES,NARINIO,PASTO;CENTROS TUTORIALES,NARINIO,PASTO;CENTROS TUTORIALES,NARINIO,PASTO;CENTROS TUTORIALES,NARINIO,PASTO;CENTROS TUTORIALES,NARINIO,IPIALES;CENTROS TUTORIALES,NARINIO,IPIALES;CENTROS TUTORIALES,NARINIO,IPIALES;CENTROS TUTORIALES,NARINIO,TUMACO;CENTROS TUTORIALES,NARINIO,TUMACO;CENTROS TUTORIALES,NARINIO,TUMACO;CENTROS TUTORIALES,NARINIO,TUQUERRES;CENTROS TUTORIALES,NARINIO,TUQUERRES;CENTROS TUTORIALES,NORTE DE SANTANDER,CUCUTA;CENTROS TUTORIALES,NORTE DE SANTANDER,CUCUTA;CENTROS TUTORIALES,NORTE DE SANTANDER,CUCUTA;CENTROS TUTORIALES,NORTE DE SANTANDER,CUCUTA;CENTROS TUTORIALES,QUINDIO,ARMENIA;CENTROS TUTORIALES,QUINDIO,ARMENIA;CENTROS TUTORIALES,QUINDIO,ARMENIA;CENTROS TUTORIALES,QUINDIO,ARMENIA;CENTROS TUTORIALES,QUINDIO,ARMENIA;CENTROS TUTORIALES,QUINDIO,ARMENIA;CENTROS TUTORIALES,QUINDIO,ARMENIA;CENTROS TUTORIALES,QUINDIO,ARMENIA;CENTROS TUTORIALES,QUINDIO,ARMENIA;CENTROS TUTORIALES,RISARALDA,PEREIRA;CENTROS TUTORIALES,RISARALDA,PEREIRA;CENTROS TUTORIALES,RISARALDA,PEREIRA;CENTROS TUTORIALES,RISARALDA,PEREIRA;CENTROS TUTORIALES,RISARALDA,PEREIRA;CENTROS TUTORIALES,RISARALDA,PEREIRA;CENTROS TUTORIALES,RISARALDA,PEREIRA;CENTROS TUTORIALES,RISARALDA,PEREIRA;CENTROS TUTORIALES,RISARALDA,PEREIRA;CENTROS TUTORIALES,SANTANDER,BUCARAMANGA;CENTROS TUTORIALES,SANTANDER,BUCARAMANGA;CENTROS TUTORIALES,SANTANDER,BUCARAMANGA;CENTROS TUTORIALES,SANTANDER,BUCARAMANGA;CENTROS TUTORIALES,SANTANDER,BUCARAMANGA;CENTROS TUTORIALES,SANTANDER,BUCARAMANGA;CENTROS TUTORIALES,SANTANDER,BUCARAMANGA;CENTROS TUTORIALES,SANTANDER,BUCARAMANGA;CENTROS TUTORIALES,SANTANDER,BUCARAMANGA;CENTROS TUTORIALES,SANTANDER,SAN GIL;CENTROS TUTORIALES,SANTANDER,SAN GIL;CENTROS TUTORIALES,SANTANDER,SAN GIL;CENTROS TUTORIALES,SANTANDER,SAN GIL;CENTROS TUTORIALES,SANTANDER,SAN GIL;CENTROS TUTORIALES,SANTANDER,SAN GIL;CENTROS TUTORIALES,SUCRE,SINCELEJO;CENTROS TUTORIALES,SUCRE,SINCELEJO;CENTROS TUTORIALES,SUCRE,SINCELEJO;CENTROS TUTORIALES,SUCRE,SINCELEJO;CENTROS TUTORIALES,SUCRE,SINCELEJO;CENTROS TUTORIALES,TOLIMA,IBAGUE;CENTROS TUTORIALES,TOLIMA,IBAGUE;CENTROS TUTORIALES,TOLIMA,IBAGUE;CENTROS TUTORIALES,VALLE DEL CAUCA,CALI;CENTROS TUTORIALES,VALLE DEL CAUCA,CALI;CENTROS TUTORIALES,VALLE DEL CAUCA,CALI;CENTROS TUTORIALES,VALLE DEL CAUCA,CALI;CENTROS TUTORIALES,VALLE DEL CAUCA,GUADALAJARA DE BUGA ;CENTROS TUTORIALES,VALLE DEL CAUCA,GUADALAJARA DE BUGA ;CENTROS TUTORIALES,VALLE DEL CAUCA,GUADALAJARA DE BUGA ;CENTROS TUTORIALES,VALLE DEL CAUCA,CARTAGO;CENTROS TUTORIALES,VALLE DEL CAUCA,CARTAGO;CENTROS TUTORIALES,VALLE DEL CAUCA,CARTAGO;CENTROS TUTORIALES,VALLE DEL CAUCA,CARTAGO;CENTROS TUTORIALES,VALLE DEL CAUCA,JAMUNDI;CENTROS TUTORIALES,VALLE DEL CAUCA,JAMUNDI;CENTROS TUTORIALES,VALLE DEL CAUCA,JAMUNDI;CENTROS TUTORIALES,VALLE DEL CAUCA,LA UNION;CENTROS TUTORIALES,VALLE DEL CAUCA,LA UNION;CENTROS TUTORIALES,VALLE DEL CAUCA,PALMIRA;CENTROS TUTORIALES,VALLE DEL CAUCA,PALMIRA;CENTROS TUTORIALES,VALLE DEL CAUCA,PALMIRA;CENTROS TUTORIALES,VALLE DEL CAUCA,TULUA;CENTROS TUTORIALES,VALLE DEL CAUCA,TULUA;CENTROS TUTORIALES,VALLE DEL CAUCA,TULUA;CENTROS TUTORIALES,ATLANTICO,BARRANQUILLA;CENTROS TUTORIALES,ATLANTICO,BARRANQUILLA;CENTROS TUTORIALES,ATLANTICO,BARRANQUILLA;CENTROS TUTORIALES,ATLANTICO,BARRANQUILLA;CENTROS TUTORIALES,ATLANTICO,BARRANQUILLA;CENTROS TUTORIALES,ATLANTICO,BARRANQUILLA;CENTROS TUTORIALES,ATLANTICO,BARRANQUILLA;CENTROS TUTORIALES,ATLANTICO,BARRANQUILLA;CENTROS TUTORIALES,ATLANTICO,BARRANQUILLA;CENTROS TUTORIALES,ARAUCA,ARAUCA;CENTROS TUTORIALES,ARAUCA,ARAUCA;CENTROS TUTORIALES,ARAUCA,ARAUCA;CENTROS TUTORIALES,ARAUCA,ARAUCA;CENTROS TUTORIALES,ARAUCA,ARAUQUITA;CENTROS TUTORIALES,ARAUCA,SARAVENA;CENTROS TUTORIALES,ARAUCA,SARAVENA;CENTROS TUTORIALES,ARAUCA,SARAVENA;CENTROS TUTORIALES,ARAUCA,SARAVENA;CENTROS TUTORIALES,ARAUCA,TAME;CENTROS TUTORIALES,ARAUCA,TAME;CENTROS TUTORIALES,ARAUCA,TAME;CENTROS TUTORIALES,CASANARE,YOPAL;CENTROS TUTORIALES,CASANARE,YOPAL;CENTROS TUTORIALES,CASANARE,YOPAL;CENTROS TUTORIALES,CASANARE,YOPAL;CENTROS TUTORIALES,CASANARE,AGUAZUL;CENTROS TUTORIALES,CASANARE,PAZ DE ARIPORO;CENTROS TUTORIALES,CASANARE,PAZ DE ARIPORO;CENTROS TUTORIALES,CASANARE,TAURAMENA;CENTROS TUTORIALES,CASANARE,TAURAMENA;CENTROS TUTORIALES,CASANARE,TAURAMENA;CENTROS TUTORIALES,CASANARE,TRINIDAD;CENTROS TUTORIALES,CASANARE,TRINIDAD;CENTROS TUTORIALES,CASANARE,TRINIDAD;CENTROS TUTORIALES,CASANARE,VILLANUEVA;CENTROS TUTORIALES,CASANARE,VILLANUEVA;CENTROS TUTORIALES,CASANARE,VILLANUEVA;CENTROS TUTORIALES,CASANARE,VILLANUEVA;CENTROS TUTORIALES,PUTUMAYO,MOCOA;CENTROS TUTORIALES,PUTUMAYO,MOCOA;CENTROS TUTORIALES,PUTUMAYO,MOCOA;CENTROS TUTORIALES,PUTUMAYO,MOCOA;CENTROS TUTORIALES,SAN ANDRES Y PROVIDENCIA,SAN ANDRES;CENTROS TUTORIALES,SAN ANDRES Y PROVIDENCIA,SAN ANDRES;CENTROS TUTORIALES,SAN ANDRES Y PROVIDENCIA,SAN ANDRES;CENTROS TUTORIALES,AMAZONAS,LETICIA;CENTROS TUTORIALES,AMAZONAS,LETICIA;CENTROS TUTORIALES,AMAZONAS,LETICIA;CENTROS TUTORIALES,AMAZONAS,LETICIA;CENTROS TUTORIALES,GUAVIARE,SAN JOSE DEL GUAVIARE;CENTROS TUTORIALES,GUAVIARE,SAN JOSE DEL GUAVIARE;CENTROS TUTORIALES,GUAVIARE,SAN JOSE DEL GUAVIARE;CENTROS TUTORIALES,VICHADA,PUERTO CARRE?O;CENTROS TUTORIALES,VICHADA,PUERTO CARRE?O;CENTROS TUTORIALES,VICHADA,PUERTO CARRE?O;";ANTIOQUIA;MEDELLIN
2837;CORPORACION UNIVERSITARIA REPUBLICANA;ACTIVA;830.065.186-1;PRINCIPAL;CORPORACION;PRIVADA;INSTITUCION UNIVERSITARIA/ESCUELA TECNOLOGICA;BOGOTA D.C;BOGOTA D.C.;Carrera 7  19-38;2862384;MINISTERIO DE EDUCACION NACIONAL.;RESOLUCION;3061;2/12/1999;16;www.urepublicana.edu.co;NO;;;;;GUSTAVO ADOLFO;TELLEZ FANDIæO;RECTOR;ACTA;3061;13/03/2008;21/04/2008;;DIANA JOSEFINA;TELLEZ FANDIæO;REPRESENTANTE LEGAL;ACTA;46;22/07/2014;9/12/2014;8/12/2017;;BOGOTA D.C;BOGOTA D.C.
4835;CORPORACION UNIVERSITARIA TALLER CINCO;ACTIVA;860078430-1;PRINCIPAL;CORPORACION;PRIVADA;INSTITUCION UNIVERSITARIA/ESCUELA TECNOLOGICA;BOGOTA D.C;BOGOTA D.C.;Autopista Norte Km. 19 (Via a Chia);6760448;MINISTERIO DE EDUCACION NACIONAL;RESOLUCION;11108;13/07/1983;12;www taller5.edu.co;NO;;;;LA CORPORACION EDUCATIVA TALLER CINCO,CENTRO DE  DISE?O, BUSCA FUNDAMENTALMENTE, MEJORAR LA CALIDAD DE LOS PROCESOS CREATIVOS EN EL AREA DE DISE?OS: PEDAGOGICOS, INVESTIGATIVOS, ADMINISTRATIVOS Y DE PROYECCION SOCIAL, RESPONDIENDO A LAS SITUACIONES Y NECESIDADES DEL ESTUDIANTE, SEGUN EL ENTORNO SOCIOCULTURAL, LAS MODIFICACIONES QUE EXIGE LA VIVENCIA DIARIA, LA CONCERTACION Y EL CONCENSO ENTRE LOS INTEGRANTES DE LA COMUNIDAD EDUCATIVA. PARA ALCANZAR LA MISION DE FORMA COMPARTIDA SE TIENE EN CUENTA LA HISTORIA, EL DESARROLLO, LOS RECURSOS LOS SUE?OS Y LAS PROYECCIONES, BUSCANDO LA EXCELENCIA Y SIGUIENDO UN PROCESO DE MEJORAMIENTO INTEGRAL Y CONTINUO EN EL PLANEAR, HACER, VERIFICAR, AJUSTAR, ACTUAR Y SER. LA CALIDAD SE OBTIENE ENTONCES, COMO RESULTADO DE LA AUTONOMIA CUANDO LA INSTITUCION MISMA DEFINE UNA MISION QUE COMPARTE CON TODOS SUS ESTAMENTOS, ADMINISTRA EFECTIVAMENTE SUS RECURSOS, LOGRA QUE SUS DOCENTES SEAN LIDERES QUE DESARROLLAN AL MAXIMO SU POTENCAIL Y EL DE SUS ESTUDIANTES, INCORPORANDOLOS CON ACTIVIDADES INVESTIGATIVAS  EN EQUIPO Y ELABORANDO  A PARTIR DE SU RIQUEZA INTERNA, PROPUESTAS DE SOLUCION A LOS PROBLEMAS Y NECESIDADES DEL PAIS Y DE LA REGION, QUE INCLUSO SEAN MAS COMO PROSPECTIVA QUE COMO ALGO DE COYUNTURA U OCASIONAL.;JOHNY JOSE;GARCIA TIRADO;RECTOR;ACTA;11108;16/08/2018;16/08/2018;15/08/2020;VIVIANA ALEJANDRA;ALVAREZ RESTREPO;REPRESENTANTE LEGAL;ACTA;7;16/08/2018;16/08/2018;15/08/2020;;BOGOTA D.C;BOGOTA D.C.
9900;CORPORACION UNIVERSITARIA U DE COLOMBIA;ACTIVA;900378694-9;PRINCIPAL;CORPORACION;PRIVADA;INSTITUCION UNIVERSITARIA/ESCUELA TECNOLOGICA;ANTIOQUIA;MEDELLIN;Calle 56 #41-147;2398080;Ministerio de EducaciΩn Nacional;NO INFORMA;6731;5/08/2010;5;www.udecolombia.edu.co;NO;;;;;Sergio de Jesús;Betancur Franco;RECTOR;ACTA C.S.;6731;26/10/2016;1/02/2017;;LINA MARIA;LONDO˘O GAVIRIA;REPRESENTANTE LEGAL (E);ACUERDO C.S.;CS089;21/12/2018;2/01/2019;30/06/2019;;ANTIOQUIA;MEDELLIN
2106;DIRECCION NACIONAL DE ESCUELAS;ACTIVA;900373379-0;PRINCIPAL;NACIONAL;OFICIAL;INSTITUCION UNIVERSITARIA/ESCUELA TECNOLOGICA;BOGOTA D.C;BOGOTA D.C.;Transversal 33 47A-35 Sur Barrio F˘tima;3159136;Congreso de Colombia;LEY;14;8/09/1919;63;www.policia.edu.co;SI;29/12/2017;29498;4;LA MISION DE LA ESCUELA NACIONAL DE POLICIA COMO INSTITUCION DE EDUCACION SUPERIOR, ES LA DE ADMITIR, FORMAR, CAPACITAR Y ESPECIALIZAR INTEGRALMENTE A LOS PROFESIONALES DE POLICIA QUE REQUIERE EL PAIS, PARA SATISFACER LAS NECESIDADES DE SEGURIDAD Y DINAMIZAR A TRAVES DEL PROYECTO EDUCATIVO INSTITUCIONAL, EL PLAN DE TRANSFORMACION CULTURAL DE LA POLICIA NACIONAL.;CARLOS ENRIQUE;RODRôGUEZ GONZÊLEZ;DIRECTOR;DECRETO;14;22/02/2017;22/02/2017;;RAFAEL;RESTREPO LONDOæO;REPRESENTANTE LEGAL (E);O. ADMON DE P.;1-124;5/07/2016;4/07/2016;4/08/2016;;BOGOTA D.C;BOGOTA D.C.
2106;DIRECCION NACIONAL DE ESCUELAS;ACTIVA;900373379-0;PRINCIPAL;NACIONAL;OFICIAL;INSTITUCION UNIVERSITARIA/ESCUELA TECNOLOGICA;BOGOTA D.C;BOGOTA D.C.;Transversal 33 47A-35 Sur Barrio F˘tima;3159136;Congreso de Colombia;LEY;14;8/09/1919;63;www.policia.edu.co;SI;29/12/2017;29498;4;LA MISION DE LA ESCUELA NACIONAL DE POLICIA COMO INSTITUCION DE EDUCACION SUPERIOR, ES LA DE ADMITIR, FORMAR, CAPACITAR Y ESPECIALIZAR INTEGRALMENTE A LOS PROFESIONALES DE POLICIA QUE REQUIERE EL PAIS, PARA SATISFACER LAS NECESIDADES DE SEGURIDAD Y DINAMIZAR A TRAVES DEL PROYECTO EDUCATIVO INSTITUCIONAL, EL PLAN DE TRANSFORMACION CULTURAL DE LA POLICIA NACIONAL.;RAFAEL;RESTREPO LONDOæO;RECTOR(E);O. ADMON DE P.;14;5/07/2016;4/07/2016;4/08/2016;CARLOS ENRIQUE;RODRôGUEZ GONZÊLEZ;REPRESENTANTE LEGAL;DECRETO;282;22/02/2017;22/02/2017;;;BOGOTA D.C;BOGOTA D.C.
2106;DIRECCION NACIONAL DE ESCUELAS;ACTIVA;900373379-0;PRINCIPAL;NACIONAL;OFICIAL;INSTITUCION UNIVERSITARIA/ESCUELA TECNOLOGICA;BOGOTA D.C;BOGOTA D.C.;Transversal 33 47A-35 Sur Barrio F˘tima;3159136;Congreso de Colombia;LEY;14;8/09/1919;63;www.policia.edu.co;SI;29/12/2017;29498;4;LA MISION DE LA ESCUELA NACIONAL DE POLICIA COMO INSTITUCION DE EDUCACION SUPERIOR, ES LA DE ADMITIR, FORMAR, CAPACITAR Y ESPECIALIZAR INTEGRALMENTE A LOS PROFESIONALES DE POLICIA QUE REQUIERE EL PAIS, PARA SATISFACER LAS NECESIDADES DE SEGURIDAD Y DINAMIZAR A TRAVES DEL PROYECTO EDUCATIVO INSTITUCIONAL, EL PLAN DE TRANSFORMACION CULTURAL DE LA POLICIA NACIONAL.;RAFAEL;RESTREPO LONDOæO;RECTOR(E);O. ADMON DE P.;14;5/07/2016;4/07/2016;4/08/2016;RAFAEL;RESTREPO LONDOæO;REPRESENTANTE LEGAL (E);O. ADMON DE P.;1-124;5/07/2016;4/07/2016;4/08/2016;;BOGOTA D.C;BOGOTA D.C.
2106;DIRECCION NACIONAL DE ESCUELAS;ACTIVA;900373379-0;PRINCIPAL;NACIONAL;OFICIAL;INSTITUCION UNIVERSITARIA/ESCUELA TECNOLOGICA;BOGOTA D.C;BOGOTA D.C.;Transversal 33 47A-35 Sur Barrio F˘tima;3159136;Congreso de Colombia;LEY;14;8/09/1919;63;www.policia.edu.co;SI;29/12/2017;29498;4;LA MISION DE LA ESCUELA NACIONAL DE POLICIA COMO INSTITUCION DE EDUCACION SUPERIOR, ES LA DE ADMITIR, FORMAR, CAPACITAR Y ESPECIALIZAR INTEGRALMENTE A LOS PROFESIONALES DE POLICIA QUE REQUIERE EL PAIS, PARA SATISFACER LAS NECESIDADES DE SEGURIDAD Y DINAMIZAR A TRAVES DEL PROYECTO EDUCATIVO INSTITUCIONAL, EL PLAN DE TRANSFORMACION CULTURAL DE LA POLICIA NACIONAL.;CARLOS ENRIQUE;RODRôGUEZ GONZÊLEZ;DIRECTOR;DECRETO;14;22/02/2017;22/02/2017;;CARLOS ENRIQUE;RODRôGUEZ GONZÊLEZ;REPRESENTANTE LEGAL;DECRETO;282;22/02/2017;22/02/2017;;;BOGOTA D.C;BOGOTA D.C.
9914;ELITE- ESCUELA LATINOAMERICANA DE INGENIEROS, TECNOLOGOS Y EMPRESARIOS;ACTIVA;9005345244;PRINCIPAL;CORPORACION;PRIVADA;INSTITUCION UNIVERSITARIA/ESCUELA TECNOLOGICA;BOGOTA D.C;BOGOTA D.C.;Calle 140  18-23;7456435;Ministerio de EducaciΩn Nacional;NO INFORMA;4787;8/05/2012;11;www.elite.edu.co;NO;;;;;JENNY ANDREA;DIAZ HERNANDEZ;RECTOR SUPLENTE;ACTA;4787;27/08/2014;28/08/2014;;JENNY ANDREA;DIAZ HERNANDEZ;REPRESENTANTE LEGAL SUPLENTE;ACTA;20;27/08/2014;28/08/2014;;;BOGOTA D.C;BOGOTA D.C.
3902;ESCUELA  MILITAR DE SUBOFICIALES SARGENTO INOCENCIO CHINCA;ACTIVA;808000211;PRINCIPAL;NACIONAL;OFICIAL;INSTITUCION TECNOLOGICA;CUNDINAMARCA;NILO;Fuerte Militar de Tolemaida;8383002;SIN DATO;NO INFORMA;SIN DATO;19/03/2007;5;www.emsub.edu.co;NO;;;;FORMAR UN LôDER CON PRINCIPIOS Y VALORES QUE COMO FUTURO SUBOFICIAL DEL EJêRCITO, ESTê EN CAPACIDAD DE COMANDAR, CONDUCIR, INSTRUIR Y ADMINISTRAR CON EFICIENCIA Y EFICACIA UNA ESCUADRA DE COMBATE.;Nestor Alexander;Duque Londoœo;DIRECTOR;O. ADMON DE P.;SIN DATO;17/11/2016;16/12/2016;;Nestor Alexander;Duque Londoœo;REPRESENTANTE LEGAL;O. ADMON DE P.;201631;17/11/2016;16/12/2016;;;CUNDINAMARCA;NILO
2811;ESCUELA COLOMBIANA DE INGENIERIA JULIO GARAVITO;ACTIVA;860.034.811;PRINCIPAL;CORPORACION;PRIVADA;INSTITUCION UNIVERSITARIA/ESCUELA TECNOLOGICA;BOGOTA D.C;BOGOTA D.C.;AK 45  205-59 (Autopista Norte - Km.13);6683600;MINISTERIO DE JUSTICIA.;RESOLUCION;86;19/01/1973;27;www.escuelaing.edu.co;SI;27/11/2014;20273;4;LA ESCUELA COLOMBIANA DE INGENIERIA ES UNA INSTITUCION UNIVERSITARIA, CONSTITUIDA DE ACUERDO CON LA LEY COLOMBIANA, QUE TIENE COMO MISION LA FORMACION DE PERSONAS ALTAMENTE COMPETENTES EN SU CAMPO DE CONOCIMIENTO Y QUE ESTEN COMPROMETIDAS CON EL DESARROLLO ECONOMICO Y SOCIAL DE LA COMUNIDAD. DENTRO DE SU MISION LA ESCUELA INCLUYE EL DESARROLLO DE LOS CENTROS DE ESTUDIO QUE TENGAN EN LA INVESTIGACION EL NUCLEO DE SU ACTIVIDAD Y MANTENDRA UN PLAN PERMANENTE DE SERVICIOS A LA COMUNIDAD EN LOS CAMPOS DE SU COMPETENCIA.;MYRIAM ASTRID;ANGARITA GOMEZ;RECTOR SUPLENTE;ACTA C.D.;86;6/12/2016;7/12/2016;6/12/2018;MAURICIO;VELA PRIETO;REPRESENTANTE LEGAL SUPLENTE;ACTA C.D.;402;17/01/2017;17/01/2017;31/12/2018;"CONVENIO,BOGOTA D.C,BOGOTA D.C.;";BOGOTA D.C;BOGOTA D.C.
2811;ESCUELA COLOMBIANA DE INGENIERIA JULIO GARAVITO;ACTIVA;860.034.811;PRINCIPAL;CORPORACION;PRIVADA;INSTITUCION UNIVERSITARIA/ESCUELA TECNOLOGICA;BOGOTA D.C;BOGOTA D.C.;AK 45  205-59 (Autopista Norte - Km.13);6683600;MINISTERIO DE JUSTICIA.;RESOLUCION;86;19/01/1973;27;www.escuelaing.edu.co;SI;27/11/2014;20273;4;LA ESCUELA COLOMBIANA DE INGENIERIA ES UNA INSTITUCION UNIVERSITARIA, CONSTITUIDA DE ACUERDO CON LA LEY COLOMBIANA, QUE TIENE COMO MISION LA FORMACION DE PERSONAS ALTAMENTE COMPETENTES EN SU CAMPO DE CONOCIMIENTO Y QUE ESTEN COMPROMETIDAS CON EL DESARROLLO ECONOMICO Y SOCIAL DE LA COMUNIDAD. DENTRO DE SU MISION LA ESCUELA INCLUYE EL DESARROLLO DE LOS CENTROS DE ESTUDIO QUE TENGAN EN LA INVESTIGACION EL NUCLEO DE SU ACTIVIDAD Y MANTENDRA UN PLAN PERMANENTE DE SERVICIOS A LA COMUNIDAD EN LOS CAMPOS DE SU COMPETENCIA.;MYRIAM ASTRID;ANGARITA GOMEZ;RECTOR;ACTA C.D.;86;6/12/2016;7/12/2016;6/12/2018;GERMAN EDUARDO;ACERO RIVEROS;REPRESENTANTE LEGAL;ACTA;376;11/11/2014;11/11/2014;10/11/2016;"CONVENIO,BOGOTA D.C,BOGOTA D.C.;";BOGOTA D.C;BOGOTA D.C.
2811;ESCUELA COLOMBIANA DE INGENIERIA JULIO GARAVITO;ACTIVA;860.034.811;PRINCIPAL;CORPORACION;PRIVADA;INSTITUCION UNIVERSITARIA/ESCUELA TECNOLOGICA;BOGOTA D.C;BOGOTA D.C.;AK 45  205-59 (Autopista Norte - Km.13);6683600;MINISTERIO DE JUSTICIA.;RESOLUCION;86;19/01/1973;27;www.escuelaing.edu.co;SI;27/11/2014;20273;4;LA ESCUELA COLOMBIANA DE INGENIERIA ES UNA INSTITUCION UNIVERSITARIA, CONSTITUIDA DE ACUERDO CON LA LEY COLOMBIANA, QUE TIENE COMO MISION LA FORMACION DE PERSONAS ALTAMENTE COMPETENTES EN SU CAMPO DE CONOCIMIENTO Y QUE ESTEN COMPROMETIDAS CON EL DESARROLLO ECONOMICO Y SOCIAL DE LA COMUNIDAD. DENTRO DE SU MISION LA ESCUELA INCLUYE EL DESARROLLO DE LOS CENTROS DE ESTUDIO QUE TENGAN EN LA INVESTIGACION EL NUCLEO DE SU ACTIVIDAD Y MANTENDRA UN PLAN PERMANENTE DE SERVICIOS A LA COMUNIDAD EN LOS CAMPOS DE SU COMPETENCIA.;MYRIAM ASTRID;ANGARITA GOMEZ;RECTOR;ACTA C.D.;86;6/12/2016;7/12/2016;6/12/2018;MAURICIO;VELA PRIETO;REPRESENTANTE LEGAL SUPLENTE;ACTA C.D.;402;17/01/2017;17/01/2017;31/12/2018;"CONVENIO,BOGOTA D.C,BOGOTA D.C.;";BOGOTA D.C;BOGOTA D.C.
2811;ESCUELA COLOMBIANA DE INGENIERIA JULIO GARAVITO;ACTIVA;860.034.811;PRINCIPAL;CORPORACION;PRIVADA;INSTITUCION UNIVERSITARIA/ESCUELA TECNOLOGICA;BOGOTA D.C;BOGOTA D.C.;AK 45  205-59 (Autopista Norte - Km.13);6683600;MINISTERIO DE JUSTICIA.;RESOLUCION;86;19/01/1973;27;www.escuelaing.edu.co;SI;27/11/2014;20273;4;LA ESCUELA COLOMBIANA DE INGENIERIA ES UNA INSTITUCION UNIVERSITARIA, CONSTITUIDA DE ACUERDO CON LA LEY COLOMBIANA, QUE TIENE COMO MISION LA FORMACION DE PERSONAS ALTAMENTE COMPETENTES EN SU CAMPO DE CONOCIMIENTO Y QUE ESTEN COMPROMETIDAS CON EL DESARROLLO ECONOMICO Y SOCIAL DE LA COMUNIDAD. DENTRO DE SU MISION LA ESCUELA INCLUYE EL DESARROLLO DE LOS CENTROS DE ESTUDIO QUE TENGAN EN LA INVESTIGACION EL NUCLEO DE SU ACTIVIDAD Y MANTENDRA UN PLAN PERMANENTE DE SERVICIOS A LA COMUNIDAD EN LOS CAMPOS DE SU COMPETENCIA.;MYRIAM ASTRID;ANGARITA GOMEZ;RECTOR SUPLENTE;ACTA C.D.;86;6/12/2016;7/12/2016;6/12/2018;GERMAN EDUARDO;ACERO RIVEROS;REPRESENTANTE LEGAL;ACTA;376;11/11/2014;11/11/2014;10/11/2016;"CONVENIO,BOGOTA D.C,BOGOTA D.C.;";BOGOTA D.C;BOGOTA D.C.
2903;ESCUELA DE COMUNICACIONES;ACTIVA;800131179;PRINCIPAL;NACIONAL;OFICIAL;INSTITUCION UNIVERSITARIA/ESCUELA TECNOLOGICA;CUNDINAMARCA;FACATATIVA;Barrio  Dos  Caminos;8422655;Congreso de Colombia;LEY;30;28/12/1992;5;www.escom.mil.co;NO;;;;;WILLIAM;OSTOS ZUæIGA;DIRECTOR;ACTA;30;3/08/2016;3/08/2016;2/08/2018;WILLIAM;OSTOS ZUæIGA;REPRESENTANTE LEGAL;ACTA;1129/7;3/08/2016;3/08/2016;2/08/2018;;CUNDINAMARCA;FACATATIVA
3901;ESCUELA DE FORMACION DE INFANTERIA DE MARINA;ACTIVA;800141688;PRINCIPAL;NACIONAL;OFICIAL;INSTITUCION TECNOLOGICA;SUCRE;COVEAS (SUCRE);Carretera Troncal v≠a Lorica, Coveœas - Sucre;2880265;SIN DATO;NO INFORMA;SIN DATO;19/03/2007;3;www.armada.mil.co;NO;;;;NO INFORMA;ORLANDO ANTONIO;ALARC˘N L˘PEZ;DIRECTOR;NO INFORMA;SIN DATO;5/09/2018;5/09/2018;;ORLANDO ANTONIO;ALARC˘N L˘PEZ;REPRESENTANTE LEGAL;NO INFORMA;806;5/09/2018;5/09/2018;;;SUCRE;COVEAS (SUCRE)
9107;ESCUELA DE INGENIEROS MILITARES;ACTIVA;* *;PRINCIPAL;NACIONAL;OFICIAL;INSTITUCION UNIVERSITARIA/ESCUELA TECNOLOGICA;BOGOTA D.C;BOGOTA D.C.;Carrera  50 #18-06 Puente Aranda;4468011;Comando del Ej?rcito Nacional;NO INFORMA;15;9/08/1983;7;www.esing.mil.co;NO;;;;* *;RODRIGO ANDRêS;GAMBA ROJAS;DIRECTOR;PLAN DE RELEVOS;15;7/11/2015;4/01/2016;;JOSE FERNEDY;CAMERO MENZA;REPRESENTANTE LEGAL;PLAN DE RELEVOS;206863;28/10/2017;19/12/2017;;;BOGOTA D.C;BOGOTA D.C.
9107;ESCUELA DE INGENIEROS MILITARES;ACTIVA;* *;PRINCIPAL;NACIONAL;OFICIAL;INSTITUCION UNIVERSITARIA/ESCUELA TECNOLOGICA;BOGOTA D.C;BOGOTA D.C.;Carrera  50 #18-06 Puente Aranda;4468011;Comando del Ej?rcito Nacional;NO INFORMA;15;9/08/1983;7;www.esing.mil.co;NO;;;;* *;RICARDO HERIBERTO;ROQUE SALCEDO;RECTOR;ACUERDO;15;23/12/2013;23/12/2013;;JOSE FERNEDY;CAMERO MENZA;REPRESENTANTE LEGAL;PLAN DE RELEVOS;206863;28/10/2017;19/12/2017;;;BOGOTA D.C;BOGOTA D.C.
2901;ESCUELA DE INTELIGENCIA Y CONTRAINTELIGENCIA BRIGADIER GENERAL RICARDO CHARRY SOLANO;ACTIVA;800131292;PRINCIPAL;NACIONAL;OFICIAL;INSTITUCION UNIVERSITARIA/ESCUELA TECNOLOGICA;BOGOTA D.C;BOGOTA D.C.;Carrera 8a No. 101-33;6017515;Ministerio de Defensa;NO INFORMA;20;2/11/1964;8;www.esici.edu.co;NO;;;;;MAURICIO;SOLANO BAUTISTA;DIRECTOR;NO INFORMA;20;3/01/2014;3/01/2014;;LUIS ALEXANDER;Porras Plata;REPRESENTANTE LEGAL;O. ADMON DE P.;201831;17/11/2018;11/01/2019;;;BOGOTA D.C;BOGOTA D.C.
2901;ESCUELA DE INTELIGENCIA Y CONTRAINTELIGENCIA BRIGADIER GENERAL RICARDO CHARRY SOLANO;ACTIVA;800131292;PRINCIPAL;NACIONAL;OFICIAL;INSTITUCION UNIVERSITARIA/ESCUELA TECNOLOGICA;BOGOTA D.C;BOGOTA D.C.;Carrera 8a No. 101-33;6017515;Ministerio de Defensa;NO INFORMA;20;2/11/1964;8;www.esici.edu.co;NO;;;;;JUAN PABLO;MANRIQUE GÖMEZ;RECTOR;ACUERDO;20;6/01/2016;6/01/2016;;LUIS ALEXANDER;Porras Plata;REPRESENTANTE LEGAL;O. ADMON DE P.;201831;17/11/2018;11/01/2019;;;BOGOTA D.C;BOGOTA D.C.
9101;ESCUELA DE INVESTIGACION CRIMINAL;INACTIVA;800.141.335-9;PRINCIPAL;NACIONAL;OFICIAL;INSTITUCION TECNICA PROFESIONAL;BOGOTA D.C;BOGOTA D.C.;Av. Caracas   2 - 65 Sur;;Ministerio de Defensa.;RESOLUCION;2045;19/03/2007;0;www.policia.gov.co;NO;;;;CAPACITAR AL ESTUDIANTE  COMO TECNICO PROFESIONAL EN POLICIA JUDICIAL, INTELIGENCIA Y EN LAS DIFERENTES AREAS DE LA CRIMINALISTICA PARA LA INVESTIGACION DE DELITOS Y CONTRAVENCIONES, APORTANDO SUS CONOCIMIENTOS EN ARAS DEL CUMPLIMIENTO DE LA FUNCION POLICIAL EN BENEFICIO DE LA COMUNIDAD.;;;;;2045;;;;;;;;;;;;;BOGOTA D.C;BOGOTA D.C.
2902;ESCUELA DE LOGISTICA;ACTIVA;800131180;PRINCIPAL;NACIONAL;OFICIAL;INSTITUCION UNIVERSITARIA/ESCUELA TECNOLOGICA;BOGOTA D.C;BOGOTA D.C.;Calle 11 Sur  10-50 Este, San CristΩbal;3370207;Ministerio de Defensa;NO INFORMA;15;28/12/1995;3;No disponible;NO;;;;;Ivan Mauricio;Gonzˇlez Zapata;DIRECTOR;PLAN DE RELEVOS;15;17/11/2016;13/01/2017;28/12/2018;Ivˇn Mauricio;Gonzˇlez Zapata;REPRESENTANTE LEGAL;PLAN DE RELEVOS;201631;17/11/2016;13/01/2017;28/12/2018;;BOGOTA D.C;BOGOTA D.C.
2906;ESCUELA DE POSTGRADOS DE LA FUERZA AEREA COLOMBIANA CAPITAN JOSE EDMUNDO SANDOVAL - EPFAC;ACTIVA;830.030.378 - 8;PRINCIPAL;NACIONAL;OFICIAL;INSTITUCION UNIVERSITARIA/ESCUELA TECNOLOGICA;BOGOTA D.C;BOGOTA D.C.;Carrera 11 102 - 50 Edificio ESDEGUE, Of.412;6204066;Ministerio de Educacion Nacional;RESOLUCION;1906;5/08/2002;4;www.ima.edu.co;NO;;;;;GERBER JOHAN;ALZATE GUTIERREZ;DIRECTOR;RESOLUCION;1906;10/10/2013;11/10/2013;;JAVIER;NEIRA PERAZA;REPRESENTANTE LEGAL;NO INFORMA;7770;20/10/2017;2/11/2017;;;BOGOTA D.C;BOGOTA D.C.
2906;ESCUELA DE POSTGRADOS DE LA FUERZA AEREA COLOMBIANA CAPITAN JOSE EDMUNDO SANDOVAL - EPFAC;ACTIVA;830.030.378 - 8;PRINCIPAL;NACIONAL;OFICIAL;INSTITUCION UNIVERSITARIA/ESCUELA TECNOLOGICA;BOGOTA D.C;BOGOTA D.C.;Carrera 11 102 - 50 Edificio ESDEGUE, Of.412;6204066;Ministerio de Educacion Nacional;RESOLUCION;1906;5/08/2002;4;www.ima.edu.co;NO;;;;;Eliot Gerardo;Benavides Gonzˇlez;RECTOR;RESOLUCION;1906;3/10/2016;5/10/2016;;JAVIER;NEIRA PERAZA;REPRESENTANTE LEGAL;NO INFORMA;7770;20/10/2017;2/11/2017;;;BOGOTA D.C;BOGOTA D.C.
9102;ESCUELA DE SUBOFICIALES DE LA FUERZA AEREA COLOMBIANA ANDRES M. DIAZ;ACTIVA;80.014.164;PRINCIPAL;NACIONAL;OFICIAL;INSTITUCION TECNOLOGICA;CUNDINAMARCA;MADRID;Madrid (Cundinamarca);;ICFES.;ACUERDO;275;19/03/2007;8;www.esufa.edu.com;SI;11/12/2015;20147;4;FORMAR Y CAPACITAR INTEGRALMENTE AL PERSONAL DE SUBOFICIALES DE LA FUERZA AEREA COLOMBIANA.;FEDERICO;BOCANEGRA BERNAL;DIRECTOR;NO INFORMA;275;11/04/2018;11/04/2018;;Efrain Mauricio;Reyes Diaz;REPRESENTANTE LEGAL;ACTA;393;15/01/2016;15/01/2016;;;CUNDINAMARCA;MADRID
3807;ESCUELA DE TECNOLOGIAS DE ANTIOQUIA -ETA-;ACTIVA;890.981.721-1;PRINCIPAL;CORPORACION;PRIVADA;INSTITUCION TECNOLOGICA;ANTIOQUIA;MEDELLIN;Carrera 80B No. 32EE-61;4445016;MINISTERIO DE EDUCACION NACIONAL.;RESOLUCION;3745;25/06/1975;5;www.etdea.edu.co;NO;;;;PREPARAR Y FORMAR PROFESIONALES ˘NTEGROS, ID˘NEOS Y CON ESP˘RITU CR˘TICO, CON CONOCIMIENTOS INTEGRALES, PR˘CTICOS Y DE CALIDAD EN ˘REAS ESPEC˘FICAS DEL SABER, INCULCANDO VALORES ˘TICOS QUE ESTIMULEN Y POTENCIALICEN SU DESARROLLO PERSONAL Y PROFESIONAL COMO APORTE AL MEJORAMIENTO DE LAS CONDICIONES DE VIDA Y AL PROGRESO ECON˘MICO Y SOCIAL DEL PA˘S;PROSPERO JOSE;POSADA MYER;RECTOR;ACTA;3745;1/06/2018;1/06/2018;1/06/2020;PROSPERO JOSE;POSADA MYER;REPRESENTANTE LEGAL;ACTA;1;1/06/2018;1/06/2018;1/06/2020;;ANTIOQUIA;MEDELLIN
9103;ESCUELA MILITAR DE AVIACION MARCO FIDEL SUAREZ;ACTIVA;800.141.621;PRINCIPAL;NACIONAL;OFICIAL;INSTITUCION UNIVERSITARIA/ESCUELA TECNOLOGICA;VALLE DEL CAUCA;CALI;Carrera  8  58-67;4881000;Presidencia de la República;DECRETO;2247;23/12/1920;4;www.emavi.edu.co;SI;21/03/2018;4600;6;"FORMAR A LOS FUTUROS OFICIALES DE LA FUERZA AEREA COLOMBIANA CON OPTIMAS CUALIDADES HUMANAS, CAPACITANDOLOS EN LAS ESPECIALIDADES QUE REQUIERA LA FUERZA AEREA.    

EFECTUAR OPERACIONES AEREAS EN APOYO AL CONTROL Y MANTENIMIENTO DEL ORDEN PUBLICO.";SERGIO ANDRES;GARZON VELEZ;DIRECTOR;RESOLUCION;2247;9/12/2015;21/12/2015;;JUAN CARLOS;RUEDA CARTAGENA;REPRESENTANTE LEGAL (E);ORDEN ADMINISTRATIVA;44;30/10/2015;30/10/2015;6/12/2015;;VALLE DEL CAUCA;CALI
9103;ESCUELA MILITAR DE AVIACION MARCO FIDEL SUAREZ;ACTIVA;800.141.621;PRINCIPAL;NACIONAL;OFICIAL;INSTITUCION UNIVERSITARIA/ESCUELA TECNOLOGICA;VALLE DEL CAUCA;CALI;Carrera  8  58-67;4881000;Presidencia de la República;DECRETO;2247;23/12/1920;4;www.emavi.edu.co;SI;21/03/2018;4600;6;"FORMAR A LOS FUTUROS OFICIALES DE LA FUERZA AEREA COLOMBIANA CON OPTIMAS CUALIDADES HUMANAS, CAPACITANDOLOS EN LAS ESPECIALIDADES QUE REQUIERA LA FUERZA AEREA.    

EFECTUAR OPERACIONES AEREAS EN APOYO AL CONTROL Y MANTENIMIENTO DEL ORDEN PUBLICO.";JUAN CARLOS;RUEDA CARTAGENA;RECTOR(E);ORDEN ADMINISTRATIVA;2247;30/10/2015;30/10/2015;6/12/2015;SERGIO ANDRES;GARZON VELEZ;REPRESENTANTE LEGAL;RESOLUCION;11216;9/12/2015;21/12/2015;;;VALLE DEL CAUCA;CALI
9103;ESCUELA MILITAR DE AVIACION MARCO FIDEL SUAREZ;ACTIVA;800.141.621;PRINCIPAL;NACIONAL;OFICIAL;INSTITUCION UNIVERSITARIA/ESCUELA TECNOLOGICA;VALLE DEL CAUCA;CALI;Carrera  8  58-67;4881000;Presidencia de la República;DECRETO;2247;23/12/1920;4;www.emavi.edu.co;SI;21/03/2018;4600;6;"FORMAR A LOS FUTUROS OFICIALES DE LA FUERZA AEREA COLOMBIANA CON OPTIMAS CUALIDADES HUMANAS, CAPACITANDOLOS EN LAS ESPECIALIDADES QUE REQUIERA LA FUERZA AEREA.    

EFECTUAR OPERACIONES AEREAS EN APOYO AL CONTROL Y MANTENIMIENTO DEL ORDEN PUBLICO.";JUAN CARLOS;RUEDA CARTAGENA;RECTOR(E);ORDEN ADMINISTRATIVA;2247;30/10/2015;30/10/2015;6/12/2015;JUAN CARLOS;RUEDA CARTAGENA;REPRESENTANTE LEGAL (E);ORDEN ADMINISTRATIVA;44;30/10/2015;30/10/2015;6/12/2015;;VALLE DEL CAUCA;CALI
9103;ESCUELA MILITAR DE AVIACION MARCO FIDEL SUAREZ;ACTIVA;800.141.621;PRINCIPAL;NACIONAL;OFICIAL;INSTITUCION UNIVERSITARIA/ESCUELA TECNOLOGICA;VALLE DEL CAUCA;CALI;Carrera  8  58-67;4881000;Presidencia de la República;DECRETO;2247;23/12/1920;4;www.emavi.edu.co;SI;21/03/2018;4600;6;"FORMAR A LOS FUTUROS OFICIALES DE LA FUERZA AEREA COLOMBIANA CON OPTIMAS CUALIDADES HUMANAS, CAPACITANDOLOS EN LAS ESPECIALIDADES QUE REQUIERA LA FUERZA AEREA.    

EFECTUAR OPERACIONES AEREAS EN APOYO AL CONTROL Y MANTENIMIENTO DEL ORDEN PUBLICO.";SERGIO ANDRES;GARZON VELEZ;DIRECTOR;RESOLUCION;2247;9/12/2015;21/12/2015;;SERGIO ANDRES;GARZON VELEZ;REPRESENTANTE LEGAL;RESOLUCION;11216;9/12/2015;21/12/2015;;;VALLE DEL CAUCA;CALI
9104;ESCUELA MILITAR DE CADETES GENERAL JOSE MARIA CORDOVA;ACTIVA;NO INFORMA;PRINCIPAL;NACIONAL;OFICIAL;INSTITUCION UNIVERSITARIA/ESCUELA TECNOLOGICA;BOGOTA D.C;BOGOTA D.C.;Calle  80  38-00 (Avenida Suba);3770850;CONGRESO;NO INFORMA;30;28/12/1992;8;www.esmic.edu.co;SI;15/11/2016;21340;4;FORMAR INTEGRALMENTE AL CADETE COMO PROFESIONAL EN CIENCIAS MILITARES Y ESTUDIOS COMPLEMENTARIOS EN OTRAS CIENCIAS, PARA QUE ESTE EN CAPACIDAD DE LIDERAR, CONDUCIR, INSTRUIR A LOS HOMBRES EN LA PAZ ,ADMINISTRAR EFICIENTEMENTE  LOS RECURSOS TENIENDO COMO VALORES FUNDAMENTALES DE SU PROFESIÖN EL HONOR MILITAR, LA HONESTIDAD, LA DISCIPLINA, EL VALOR, LA êTICA, LA PROTECCIÖN DEL MEDIO AMBIENTE Y EL RESPETO POR LOS DERECHOS HUMANOS PARA QUE COMO OFICIAL DEL EJêRCITO SEA UN LôDER MILITAR.;ALVARO VICENTE;PEREZ DURAN;DIRECTOR;DECRETO;30;17/01/2019;12/02/2019;;ALVARO VICENTE;PEREZ DURAN;REPRESENTANTE LEGAL;DECRETO;51;17/01/2019;12/02/2019;;;BOGOTA D.C;BOGOTA D.C.
2114;ESCUELA NACIONAL DEL DEPORTE;ACTIVA;805.001.868;PRINCIPAL;NACIONAL;OFICIAL;INSTITUCION UNIVERSITARIA/ESCUELA TECNOLOGICA;VALLE DEL CAUCA;CALI;Calle  9  34-01;566411;Gobierno Nacional.;DECRETO;3115;21/12/1984;13;www.endeporte.edu.co;NO;;;;MISION;JOSê FERNANDO;ARROYO VALENCIA;RECTOR;ACUERDO C.D.;3115;1/09/2015;23/12/2015;22/12/2019;JOSê FERNANDO;ARROYO VALENCIA;REPRESENTANTE LEGAL;ACUERDO C.D.;01-218;1/09/2015;23/12/2015;22/12/2019;"CENTROS TUTORIALES,CAUCA,GUACHENE;CENTROS TUTORIALES,SUCRE,SINCELEJO;";VALLE DEL CAUCA;CALI
9105;ESCUELA NAVAL DE CADETES ALMIRANTE PADILLA;ACTIVA;NO INFORMA;PRINCIPAL;NACIONAL;OFICIAL;UNIVERSIDAD;BOLIVAR;CARTAGENA;Barrio Manzanillo, Avenida El Bosque;6694295;Gobierno Nacional;DECRETO;793;6/07/1907;13;www.escuelanaval.edu.co;SI;10/11/2017;24403;6;FORMAR INTEGRALMENTE A LOS CADETES Y CAPACITAR A LOS OFICIALES DE LA ARMADA NACIONALY DE LA MARINA MERCANTE, CON EL PROPOSITO DE GARANTIZAR EL CUMPLIMIENTO DE LA MISION INSTITUCIONAL.;prueba;prueba;PRIMER SUPLENTE DEL RECTOR;ACTA DE SECUESTRO;793;2/08/2017;1/08/2017;2/08/2017;prueba final 2_2;prueba final 2_2;PRIMER REPRESENTANTE LEGAL SUPLENTE;ACTA C.S.;344354;5/07/2017;11/07/2017;;;BOLIVAR;CARTAGENA
9105;ESCUELA NAVAL DE CADETES ALMIRANTE PADILLA;ACTIVA;NO INFORMA;PRINCIPAL;NACIONAL;OFICIAL;UNIVERSIDAD;BOLIVAR;CARTAGENA;Barrio Manzanillo, Avenida El Bosque;6694295;Gobierno Nacional;DECRETO;793;6/07/1907;13;www.escuelanaval.edu.co;SI;10/11/2017;24403;6;FORMAR INTEGRALMENTE A LOS CADETES Y CAPACITAR A LOS OFICIALES DE LA ARMADA NACIONALY DE LA MARINA MERCANTE, CON EL PROPOSITO DE GARANTIZAR EL CUMPLIMIENTO DE LA MISION INSTITUCIONAL.;FRANCISCO HERNANDO;CUBIDES GRANADOS;DIRECTOR;DECRETO;793;11/07/2017;11/07/2017;;gabriel;sanchez;REPRESENTANTE LEGAL;ACTA DE SECUESTRO;434435;2/09/2017;3/09/2017;12/09/2017;;BOLIVAR;CARTAGENA
9105;ESCUELA NAVAL DE CADETES ALMIRANTE PADILLA;ACTIVA;NO INFORMA;PRINCIPAL;NACIONAL;OFICIAL;UNIVERSIDAD;BOLIVAR;CARTAGENA;Barrio Manzanillo, Avenida El Bosque;6694295;Gobierno Nacional;DECRETO;793;6/07/1907;13;www.escuelanaval.edu.co;SI;10/11/2017;24403;6;FORMAR INTEGRALMENTE A LOS CADETES Y CAPACITAR A LOS OFICIALES DE LA ARMADA NACIONALY DE LA MARINA MERCANTE, CON EL PROPOSITO DE GARANTIZAR EL CUMPLIMIENTO DE LA MISION INSTITUCIONAL.;FRANCISCO HERNANDO;CUBIDES GRANADOS;DIRECTOR;DECRETO;793;11/07/2017;11/07/2017;;prueba final 2_2;prueba final 2_2;PRIMER REPRESENTANTE LEGAL SUPLENTE;ACTA C.S.;344354;5/07/2017;11/07/2017;;;BOLIVAR;CARTAGENA
9105;ESCUELA NAVAL DE CADETES ALMIRANTE PADILLA;ACTIVA;NO INFORMA;PRINCIPAL;NACIONAL;OFICIAL;UNIVERSIDAD;BOLIVAR;CARTAGENA;Barrio Manzanillo, Avenida El Bosque;6694295;Gobierno Nacional;DECRETO;793;6/07/1907;13;www.escuelanaval.edu.co;SI;10/11/2017;24403;6;FORMAR INTEGRALMENTE A LOS CADETES Y CAPACITAR A LOS OFICIALES DE LA ARMADA NACIONALY DE LA MARINA MERCANTE, CON EL PROPOSITO DE GARANTIZAR EL CUMPLIMIENTO DE LA MISION INSTITUCIONAL.;prueba;prueba;PRIMER SUPLENTE DEL RECTOR;ACTA DE SECUESTRO;793;2/08/2017;1/08/2017;2/08/2017;gabriel;sanchez;REPRESENTANTE LEGAL;ACTA DE SECUESTRO;434435;2/09/2017;3/09/2017;12/09/2017;;BOLIVAR;CARTAGENA
3114;ESCUELA NAVAL DE SUBOFICIALES ARC BARRANQUILLA;ACTIVA;NO INFORMA;PRINCIPAL;NACIONAL;OFICIAL;INSTITUCION TECNOLOGICA;ATLANTICO;BARRANQUILLA;V≠a 40 Calle 58;3444410;Ministerio de Defensa;NO INFORMA;743;14/02/1992;21;www.armada.mil.co;SI;30/04/2013;4826;4;ENTRENAR, CAPACITAR Y ACTUALIZAR AL PERSONAL DE OFICIALES Y SUBOFICIALES DE LA ARMADA NACIONAL.;GEORGE ADOLFO;RINCON RODRIGUEZ;DIRECTOR;RESOLUCION;743;6/07/2017;6/07/2017;;george adolfo;rincon rodriguez;REPRESENTANTE LEGAL;RESOLUCION;4770;6/07/2017;6/07/2017;;;ATLANTICO;BARRANQUILLA
2104;ESCUELA SUPERIOR DE ADMINISTRACION PUBLICA-ESAP-;ACTIVA;899.999.054-7;PRINCIPAL;NACIONAL;OFICIAL;INSTITUCION UNIVERSITARIA/ESCUELA TECNOLOGICA;BOGOTA D.C;BOGOTA D.C.;Calle 44 # 53 - 37 CAN;2202790;Congreso de la Republica;LEY;19;18/12/1958;28;www.esap.edu.co;NO;;;;"LA ESCUELA SUPERIOR DE ADMINISTRACION PUBLICA TIENE COMO MISION, LA INVESTIGACION, LA ENSEæANZA, LA EXTENSION Y DIFUSION  EN LOS CAMPOS DEL SABER DE LA ADMINISTRACION PUBLICA Y DEL ESTADO.  ESPECIALMENTE  LE CORRESPONDE  ATENDER LOS REQUERIMIENTOS  DE FORMACION Y CAPACITACION DE LOS SERVIDORES PUBLICOS Y LA ASESORIA A LA ADMINISTRACION EN TODOS SUS ORDENES, PROPENDIENDO POR FORTALECIMIENTO DE LOS PRINCIPIOS CONSTITUCIONALES QUE RIGEN LA FUNCION ADMINISTRATIVA.

ESPECIALMENTE LE CORRESPONDE ATENDER LOS REQUERIMIENTOS  DE FORMACION Y CAPACITACION DE LOS SERVIDORES PUBLICOS Y LA ASESORIA A LA ADMINISTRACION EN TODOS SUS ORDENES, PROPENDIENDO POR EL FORTALECIMIENTO DE LOS PRINCIPIOS CONSTITUCIONALES QUE RIGEN LA FUNCION ADMINISTRATIVA.";GIOVANY JAVIER;CHAMORRO RUALES;DIRECTOR;DECRETO;19;31/05/2018;5/06/2018;;CLAUDIA MARCELA;FRANCO DOMINGUEZ;REPRESENTANTE LEGAL (E);DECRETO;823;19/05/2016;20/05/2016;;;BOGOTA D.C;BOGOTA D.C.
2104;ESCUELA SUPERIOR DE ADMINISTRACION PUBLICA-ESAP-;ACTIVA;899.999.054-7;PRINCIPAL;NACIONAL;OFICIAL;INSTITUCION UNIVERSITARIA/ESCUELA TECNOLOGICA;BOGOTA D.C;BOGOTA D.C.;Calle 44 # 53 - 37 CAN;2202790;Congreso de la Republica;LEY;19;18/12/1958;28;www.esap.edu.co;NO;;;;"LA ESCUELA SUPERIOR DE ADMINISTRACION PUBLICA TIENE COMO MISION, LA INVESTIGACION, LA ENSEæANZA, LA EXTENSION Y DIFUSION  EN LOS CAMPOS DEL SABER DE LA ADMINISTRACION PUBLICA Y DEL ESTADO.  ESPECIALMENTE  LE CORRESPONDE  ATENDER LOS REQUERIMIENTOS  DE FORMACION Y CAPACITACION DE LOS SERVIDORES PUBLICOS Y LA ASESORIA A LA ADMINISTRACION EN TODOS SUS ORDENES, PROPENDIENDO POR FORTALECIMIENTO DE LOS PRINCIPIOS CONSTITUCIONALES QUE RIGEN LA FUNCION ADMINISTRATIVA.

ESPECIALMENTE LE CORRESPONDE ATENDER LOS REQUERIMIENTOS  DE FORMACION Y CAPACITACION DE LOS SERVIDORES PUBLICOS Y LA ASESORIA A LA ADMINISTRACION EN TODOS SUS ORDENES, PROPENDIENDO POR EL FORTALECIMIENTO DE LOS PRINCIPIOS CONSTITUCIONALES QUE RIGEN LA FUNCION ADMINISTRATIVA.";GIOVANY JAVIER;CHAMORRO RUALES;DIRECTOR;DECRETO;19;31/05/2018;5/06/2018;;RODRIGO GERMAN ALEJANDRO;LARREAMENDY JOERNS;REPRESENTANTE LEGAL;DECRETO;62;14/01/2015;14/01/2015;;;BOGOTA D.C;BOGOTA D.C.
2111;ESCUELA SUPERIOR DE ADMINISTRACION PUBLICA-ESAP-;ACTIVA;899.999.054-7;SECCIONAL;NACIONAL;OFICIAL;INSTITUCION UNIVERSITARIA/ESCUELA TECNOLOGICA;ANTIOQUIA;MEDELLIN;Calle 56 (Bolivia)  45-34;2543780;Congreso de la Republica.;LEY;19;18/12/1958;0;www.esap.edu.co;NO;;;;"LA INVESTIGACION, LA ENSEæANZA, LA EXTENSION Y DIFUSION  EN LOS CAMPOS DEL SABER DE LA ADMINISTRACION PUBLICA Y DEL ESTADO.  ESPECIALMENTE LE CORRESPONDE ATENDER LOS REQUERIMIENTOS  DE FORMACION, CAPACITACION  DE LOS SERVICIOS PUBLICOS Y LA ASESORIA A LA ADMINISTRACION  EN TODOS SUS ORDENES, PROPENDIENDO POR EL FORMALECIMIENTO DE LOS PRINCIPIOS  CONSTITUCIONALES QUE RIGEN  LA FUNCION  ADMINISTRATIVA.   EN CUMPLIMIENTO DE SU MISION , LA ESAP:

CONCURRIRA CON LA ACCION GUBERNAMENTAL EN LA FORMACION , EJECUCION Y EVALUACION  DE LAS POLITICAS  ESTATALES  SOBRE LA ORGANIZACION Y LA FUNCION PUBLICA, Y EN LA PROMOCION  DE LA PARTICIPACION CIUDADANA, EN EL MARCO CONSTITUCIONAL DE DESCENTRALIZACION  Y DISTRIBUCION  EQUITATIVA DE LOS RECURSOS PUBLICOS, CON MIRAS AL LOGRO DE DESARROLLO INTEGRAL DEL PAIS.

PROMOVERA LA INVESTIGACION EN MATERIAS HUMANISTICAS, POLITICAS Y SOCIALES QUE CONTRIBUYEN A SU FORTALECIMIENTO COMO CENTRO DE PENSAMIENTO SOBRE LA ADMINISTRACION DE LO PUBLICO.

FORMARA CONSULTORES, ASESORES, INVESTIGADORES, DOCENTES Y FACILITADORES CON UNA REAL CAPACIDAD MULTIPLICADORA  DE ACTUAR, DESDE EL INTERIOR COMO FUNCIONARIOS O DESDE EL EXTERIOR COMO CONTRATISTAS  DE LAS INSTITUCIONES.

AMPLIARA SU COBERTURA EDUCATIVA PARA LOS NIVELES DIRECTIVOS Y EJECUTIVOS, HASTA LOS LUGARES MAS APARTADOS E INCLUYENDO LOS TEMAS MAS ESPECIALIZADOS, DANDO APLICACION A LAS TECNICAS DE FORMACION EN EL PUESTO DE TRABAJO Y LA EDUCACION CONTINUADA.

PRESTARA APOYO A LAS ENTIDADES TERRITORIALES EN LA PLANEACION, EL DISEæO, EJECUCION Y EVALUACION DE PROGRAMAS DE CAPACITACION  SEGUN LA DEMANDA DE LAS INSTITUCIONES.

BRINDARA LAS ACCIONES DE ASESORIA Y CONSULTORIA REQUERIDAS POR TODOS LOS NIVELES DE LAS ENTIDADES TERRITORIALES , PARA ASUMIR LAS NUEVAS RESPONSABILIDADES ASIGNADAS POR LA CONSTITUCION Y LA MODERNIZACION DE LA ADMINISTRACION DE LO PUBLICO.

ESTARA PRESENTE EN EL ESCENARIO DE LOS GRANDES PROBLEMAS NACIONALES Y DIFUNDIRA SU PENSAMIENTO, PRODUCTO DE SUS INVESTIGACIONES";GIOVANY JAVIER;CHAMORRO RUALES;DIRECTOR;DECRETO;19;31/05/2018;31/05/2018;;RODRIGO GERMAN ALEJANDRO;LARREAMENDY JOERNS;REPRESENTANTE LEGAL;DECRETO;62;14/01/2015;14/01/2015;;;ANTIOQUIA;MEDELLIN
3824;ESCUELA SUPERIOR DE CIENCIAS EMPRESARIALES - ECIEM;ACTIVA;800.113.262-0;PRINCIPAL;CORPORACION;PRIVADA;INSTITUCION TECNOLOGICA;BOGOTA D.C;BOGOTA D.C.;Calle 24 27 A-62;7434541;MINISTERIO DE EDUCACION NACIONAL.;RESOLUCION;9121;11/07/1990;9;www.eciem.edu.co;NO;;;;OFRECER PROGRAMAS DE EDUCACI∆N SUPERIOR TECNOLÖGICA DE PREGRADO, POSTGRADO, PROGRAMAS DE EXTENSIÖN E INVESTIGACIÖN QUE SATISFAGAN LAS NECESIDADES DE FORMACIÖN DE LA POBLACIÖN Y DEL SECTOR EMPRESARIAL COLOMBIANO, EN OCUPACIONES Y DISCIPLINAS DE BASE CIENTôFICA Y DE HUMANIDADES.;GILMA LEONOR;RUBIO HOYOS;RECTOR(E);ACTA;9121;19/11/2014;1/01/2015;30/06/2015;LUZ HELENA;SARMIENTO VILLAMIZAR;REPRESENTANTE LEGAL SUPLENTE;ACUERDO C.S.;5;6/12/2016;6/12/2016;6/12/2017;;BOGOTA D.C;BOGOTA D.C.
3824;ESCUELA SUPERIOR DE CIENCIAS EMPRESARIALES - ECIEM;ACTIVA;800.113.262-0;PRINCIPAL;CORPORACION;PRIVADA;INSTITUCION TECNOLOGICA;BOGOTA D.C;BOGOTA D.C.;Calle 24 27 A-62;7434541;MINISTERIO DE EDUCACION NACIONAL.;RESOLUCION;9121;11/07/1990;9;www.eciem.edu.co;NO;;;;OFRECER PROGRAMAS DE EDUCACI∆N SUPERIOR TECNOLÖGICA DE PREGRADO, POSTGRADO, PROGRAMAS DE EXTENSIÖN E INVESTIGACIÖN QUE SATISFAGAN LAS NECESIDADES DE FORMACIÖN DE LA POBLACIÖN Y DEL SECTOR EMPRESARIAL COLOMBIANO, EN OCUPACIONES Y DISCIPLINAS DE BASE CIENTôFICA Y DE HUMANIDADES.;Ang?lica Mar≠a;Camero cuadrado;RECTOR;ACTA C.S.;9121;1/02/2017;1/02/2017;1/08/2017;Ang?lica Mar≠a;Camero cuadrado;REPRESENTANTE LEGAL;ACTA C.S.;257;1/02/2017;1/02/2017;1/08/2017;;BOGOTA D.C;BOGOTA D.C.
3824;ESCUELA SUPERIOR DE CIENCIAS EMPRESARIALES - ECIEM;ACTIVA;800.113.262-0;PRINCIPAL;CORPORACION;PRIVADA;INSTITUCION TECNOLOGICA;BOGOTA D.C;BOGOTA D.C.;Calle 24 27 A-62;7434541;MINISTERIO DE EDUCACION NACIONAL.;RESOLUCION;9121;11/07/1990;9;www.eciem.edu.co;NO;;;;OFRECER PROGRAMAS DE EDUCACI∆N SUPERIOR TECNOLÖGICA DE PREGRADO, POSTGRADO, PROGRAMAS DE EXTENSIÖN E INVESTIGACIÖN QUE SATISFAGAN LAS NECESIDADES DE FORMACIÖN DE LA POBLACIÖN Y DEL SECTOR EMPRESARIAL COLOMBIANO, EN OCUPACIONES Y DISCIPLINAS DE BASE CIENTôFICA Y DE HUMANIDADES.;Ang?lica Mar≠a;Camero cuadrado;RECTOR;ACTA C.S.;9121;1/02/2017;1/02/2017;1/08/2017;LUZ HELENA;SARMIENTO VILLAMIZAR;REPRESENTANTE LEGAL SUPLENTE;ACUERDO C.S.;5;6/12/2016;6/12/2016;6/12/2017;;BOGOTA D.C;BOGOTA D.C.
3824;ESCUELA SUPERIOR DE CIENCIAS EMPRESARIALES - ECIEM;ACTIVA;800.113.262-0;PRINCIPAL;CORPORACION;PRIVADA;INSTITUCION TECNOLOGICA;BOGOTA D.C;BOGOTA D.C.;Calle 24 27 A-62;7434541;MINISTERIO DE EDUCACION NACIONAL.;RESOLUCION;9121;11/07/1990;9;www.eciem.edu.co;NO;;;;OFRECER PROGRAMAS DE EDUCACI∆N SUPERIOR TECNOLÖGICA DE PREGRADO, POSTGRADO, PROGRAMAS DE EXTENSIÖN E INVESTIGACIÖN QUE SATISFAGAN LAS NECESIDADES DE FORMACIÖN DE LA POBLACIÖN Y DEL SECTOR EMPRESARIAL COLOMBIANO, EN OCUPACIONES Y DISCIPLINAS DE BASE CIENTôFICA Y DE HUMANIDADES.;GILMA LEONOR;RUBIO HOYOS;RECTOR(E);ACTA;9121;19/11/2014;1/01/2015;30/06/2015;Ang?lica Mar≠a;Camero cuadrado;REPRESENTANTE LEGAL;ACTA C.S.;257;1/02/2017;1/02/2017;1/08/2017;;BOGOTA D.C;BOGOTA D.C.
2904;ESCUELA SUPERIOR DE GUERRA GENERAL RAFAEL REYES PRIETO;ACTIVA;830002634-1;PRINCIPAL;NACIONAL;OFICIAL;INSTITUCION UNIVERSITARIA/ESCUELA TECNOLOGICA;BOGOTA D.C;BOGOTA D.C.;Carrera 11 102-50;6204066;Presidencia de la Repúiblica;DECRETO;453;1/05/1909;5;www.esdegue.mil.co;NO;;;;LA ESCUELA SUPERIOR DE GUERRA COMO MAXIMO INSTITUTO DE ESTUDIOS SUPERIORES MILITARES, CAPACITA L˘DERES Y COMANDANTES QUE ENFRENTEN LOS RETOS DEL SIGLO XXI, FUNDAMENTADOS EN PRINCIPIOS Y VALORES AL SERVICIO DE LA NACI˘N.;JAIME AGUSTIN;CARVAJAL VILLAMIZAR;DIRECTOR;DECRETO;453;21/01/2019;21/01/2019;;JUAN CARLOS;SALAZAR SALAZAR;REPRESENTANTE LEGAL SUPLENTE;DECRETO;1557;24/07/2015;24/07/2015;;;BOGOTA D.C;BOGOTA D.C.
2904;ESCUELA SUPERIOR DE GUERRA GENERAL RAFAEL REYES PRIETO;ACTIVA;830002634-1;PRINCIPAL;NACIONAL;OFICIAL;INSTITUCION UNIVERSITARIA/ESCUELA TECNOLOGICA;BOGOTA D.C;BOGOTA D.C.;Carrera 11 102-50;6204066;Presidencia de la Repúiblica;DECRETO;453;1/05/1909;5;www.esdegue.mil.co;NO;;;;LA ESCUELA SUPERIOR DE GUERRA COMO MAXIMO INSTITUTO DE ESTUDIOS SUPERIORES MILITARES, CAPACITA L˘DERES Y COMANDANTES QUE ENFRENTEN LOS RETOS DEL SIGLO XXI, FUNDAMENTADOS EN PRINCIPIOS Y VALORES AL SERVICIO DE LA NACI˘N.;JAIME AGUSTIN;CARVAJAL VILLAMIZAR;DIRECTOR;DECRETO;453;21/01/2019;21/01/2019;;NICACIO DE JESUS;MARTINEZ ESPINEL;REPRESENTANTE LEGAL;DECRETO;24;12/01/2017;12/01/2017;;;BOGOTA D.C;BOGOTA D.C.
2822;ESCUELA SUPERIOR DE OFTALMOLOGIA, INSTITUTO BARRAQUER DE AMERICA;ACTIVA;860.054.986-9;PRINCIPAL;CORPORACION;PRIVADA;INSTITUCION UNIVERSITARIA/ESCUELA TECNOLOGICA;BOGOTA D.C;BOGOTA D.C.;Avenida 100  18A - 51;6449552;MINISTERIO DE EDUCACION NACIONAL;RESOLUCION;1590;25/02/1977;1;www.barraquer.com.co;NO;;;;"ES LA ENSE?ANZA DE LA CIENCIA OFTALMOLOGICA A LOS PROFESIONALES DE LA MEDICINA QUE HABIENDO CULMINADO SUS ESTUDIOS  Y OBTENIDO EL TITULO DE MEDICO CIRUJANO O EL EQUIVALENTE EN SU PAIS DE ORIGEN, DESEAN ESPECIALIZARSE EN OFTALMOLOGIA. 


* *";Angela Mar≠a;Guti?rrez Mar≠n;RECTOR;ACTA C.S.;1590;16/02/2017;3/12/2016;2/12/2020;Juanita;Carvajal Puyana;REPRESENTANTE LEGAL SUPLENTE;ACTA C.S.;92;16/02/2017;16/02/2017;2/12/2020;;BOGOTA D.C;BOGOTA D.C.
2822;ESCUELA SUPERIOR DE OFTALMOLOGIA, INSTITUTO BARRAQUER DE AMERICA;ACTIVA;860.054.986-9;PRINCIPAL;CORPORACION;PRIVADA;INSTITUCION UNIVERSITARIA/ESCUELA TECNOLOGICA;BOGOTA D.C;BOGOTA D.C.;Avenida 100  18A - 51;6449552;MINISTERIO DE EDUCACION NACIONAL;RESOLUCION;1590;25/02/1977;1;www.barraquer.com.co;NO;;;;"ES LA ENSE?ANZA DE LA CIENCIA OFTALMOLOGICA A LOS PROFESIONALES DE LA MEDICINA QUE HABIENDO CULMINADO SUS ESTUDIOS  Y OBTENIDO EL TITULO DE MEDICO CIRUJANO O EL EQUIVALENTE EN SU PAIS DE ORIGEN, DESEAN ESPECIALIZARSE EN OFTALMOLOGIA. 


* *";Angela Mar≠a;Guti?rrez Mar≠n;RECTOR;ACTA C.S.;1590;16/02/2017;3/12/2016;2/12/2020;Angela Mar≠a;Guti?rrez Mar≠n;REPRESENTANTE LEGAL;ACTA C.S.;92;16/02/2017;3/12/2016;2/12/2020;;BOGOTA D.C;BOGOTA D.C.
3303;ESCUELA SUPERIOR TECNOLOGICA DE ARTES DEBORA ARANGO;ACTIVA;811.042.967-9;PRINCIPAL;MUNICIPAL;OFICIAL;INSTITUCION TECNOLOGICA;ANTIOQUIA;ENVIGADO;Calle 39 Sur  39 - 08;3330381;Honorable Consejo Superior de Envigado.;ACUERDO;38;25/09/2003;14;www.ladebora.edu.co;NO;;;;;JUAN CARLOS;Mejia Giraldo;RECTOR;ACUERDO;38;18/12/2018;20/01/2019;19/01/2023;JUAN CARLOS;MEJIA GIRALDO;REPRESENTANTE LEGAL;ACUERDO;246;18/12/2018;20/01/2019;19/01/2023;;ANTIOQUIA;ENVIGADO
4108;ESCUELA TECNOLOGICA INSTITUTO TECNICO CENTRAL;ACTIVA;860.523.694-6;PRINCIPAL;NACIONAL;OFICIAL;INSTITUCION UNIVERSITARIA/ESCUELA TECNOLOGICA;BOGOTA D.C;BOGOTA D.C.;Calle 13 No.16-74;3443000;Gobierno Nacional;DECRETO;146;9/02/1905;21;www.itc.edu.co;NO;;;;MISION;JOSE GREGORIO;CONTRERAS FERNANDEZ;RECTOR;ACUERDO C.D.;146;11/11/2015;1/01/2016;31/12/2019;JOSE GREGORIO;CONTRERAS FERNANDEZ;REPRESENTANTE LEGAL;ACUERDO C.D.;20;11/11/2015;1/01/2016;31/12/2019;;BOGOTA D.C;BOGOTA D.C.
3723;FUNDACI˘N EUROCOLOMBIANA DE EDUCACI˘N SUPERIOR - EUROCOL;INACTIVA;830.091.538-0;PRINCIPAL;FUNDACION;PRIVADA;INSTITUCION TECNOLOGICA;BOGOTA D.C;BOGOTA D.C.;Cra. 27 # 46-69;3408279;MINISTERIO DE EDUCACION NACIONAL;RESOLUCION;1832;21/08/2001;0;www.eurocol.edu.co;NO;;;;;;;;;1832;;;;PATRIZIA;MASCIOLI;REPRESENTANTE LEGAL;NO INFORMA;;;;;;BOGOTA D.C;BOGOTA D.C.
9131;FUNDACI˘N UNIVERSITARIA CERVANTES SAN AGUST˘N - UNICERVANTES;ACTIVA;9002941201;PRINCIPAL;FUNDACION;PRIVADA;INSTITUCION UNIVERSITARIA/ESCUELA TECNOLOGICA;BOGOTA D.C;BOGOTA D.C.;Calle 77#11-63;2120515;Ministerio de EducaciΩn Nacional;NO INFORMA;3600;2/06/2009;10;www.unicervantina.edu.co;NO;;;;;Gregorio;Tomˇs Romˇn;RECTOR(E);DECRETO;3600;27/07/2017;14/08/2017;15/12/2017;Gregorio;Tomˇs Romˇn;REPRESENTANTE LEGAL (E);DECRETO;4;27/07/2017;14/08/2017;15/12/2017;;BOGOTA D.C;BOGOTA D.C.
9131;FUNDACI˘N UNIVERSITARIA CERVANTES SAN AGUST˘N - UNICERVANTES;ACTIVA;9002941201;PRINCIPAL;FUNDACION;PRIVADA;INSTITUCION UNIVERSITARIA/ESCUELA TECNOLOGICA;BOGOTA D.C;BOGOTA D.C.;Calle 77#11-63;2120515;Ministerio de EducaciΩn Nacional;NO INFORMA;3600;2/06/2009;10;www.unicervantina.edu.co;NO;;;;;GREGORIO;TOMAS ROMAN;RECTOR;ACUERDO;3600;23/07/2013;1/08/2013;31/07/2017;GREGORIO;TOMAS ROMAN;REPRESENTANTE LEGAL;ACUERDO;20;23/07/2013;1/08/2013;31/07/2017;;BOGOTA D.C;BOGOTA D.C.
9131;FUNDACI˘N UNIVERSITARIA CERVANTES SAN AGUST˘N - UNICERVANTES;ACTIVA;9002941201;PRINCIPAL;FUNDACION;PRIVADA;INSTITUCION UNIVERSITARIA/ESCUELA TECNOLOGICA;BOGOTA D.C;BOGOTA D.C.;Calle 77#11-63;2120515;Ministerio de EducaciΩn Nacional;NO INFORMA;3600;2/06/2009;10;www.unicervantina.edu.co;NO;;;;;GREGORIO;TOMAS ROMAN;RECTOR;ACUERDO;3600;23/07/2013;1/08/2013;31/07/2017;Gregorio;Tomˇs Romˇn;REPRESENTANTE LEGAL (E);DECRETO;4;27/07/2017;14/08/2017;15/12/2017;;BOGOTA D.C;BOGOTA D.C.
9131;FUNDACI˘N UNIVERSITARIA CERVANTES SAN AGUST˘N - UNICERVANTES;ACTIVA;9002941201;PRINCIPAL;FUNDACION;PRIVADA;INSTITUCION UNIVERSITARIA/ESCUELA TECNOLOGICA;BOGOTA D.C;BOGOTA D.C.;Calle 77#11-63;2120515;Ministerio de EducaciΩn Nacional;NO INFORMA;3600;2/06/2009;10;www.unicervantina.edu.co;NO;;;;;Gregorio;Tomˇs Romˇn;RECTOR(E);DECRETO;3600;27/07/2017;14/08/2017;15/12/2017;GREGORIO;TOMAS ROMAN;REPRESENTANTE LEGAL;ACUERDO;20;23/07/2013;1/08/2013;31/07/2017;;BOGOTA D.C;BOGOTA D.C.
9928;Fundaci˘n Universitaria Salesiana;ACTIVA;860008010;PRINCIPAL;FUNDACION;PRIVADA;INSTITUCION UNIVERSITARIA/ESCUELA TECNOLOGICA;BOGOTA D.C;BOGOTA D.C.;Carrera 5˘ # 8-25;7462738;SIN DATO;NO INFORMA;SIN DATO;31/05/2018;0;www.salesianosbogota.org;NO;;;;;LEONARDO;Gomez Hernandez;RECTOR;ACTA;SIN DATO;7/05/2018;1/06/2018;30/06/2024;LEONARDO;Gomez Hernandez;REPRESENTANTE LEGAL;ACTA;8;7/05/2018;1/06/2018;30/06/2024;;BOGOTA D.C;BOGOTA D.C.
9932;FUNDACI˘N UNIVERSITARIA SAN PABLO - UNISANPABLO;ACTIVA;901208296-6;PRINCIPAL;FUNDACION;PRIVADA;INSTITUCION UNIVERSITARIA/ESCUELA TECNOLOGICA;BOGOTA D.C;BOGOTA D.C.;Calle 170 No. 8G-31;6 71 1221;Consejo de Fundadores de la UNISANPABLO.;ACTA;9;20/08/2015;0;www.unisanpablo.co;NO;;;;;EDGAR ARCESIO;Guerrero Iba˘ez;RECTOR;NO INFORMA;9;9/08/2018;9/08/2018;;EDGAR ARCESIO;Guerrero Iba˘ez;REPRESENTANTE LEGAL;NO INFORMA;1;9/08/2018;9/08/2018;;;BOGOTA D.C;BOGOTA D.C.
4701;FUNDACION ACADEMIA DE DIBUJO PROFESIONAL;ACTIVA;NO INFORMA;PRINCIPAL;FUNDACION;PRIVADA;INSTITUCION TECNICA PROFESIONAL;VALLE DEL CAUCA;CALI;Calle 27 Norte No. 6BN-50;6874100;MINISTERIO DE EDUCACION NACIONAL.;RESOLUCION;18638;19/11/1984;9;www.fadp.edu.co;NO;;;;APLICAR EL SABER CIENTôFICO GARANTIZANDO UNA FORMACIÖN INTEGRAL, MEDIANTE ACTIVIDADES ACADêMICAS CON ALTOS NIVELES DE CREATIVIDAD Y CONCIENCIA SOCIAL, QUE LE PERMITA A LA NUEVA FUERZA DE TRABAJO EN LA SOCIEDAD, INCREMENTAR LA PRODUCTIVIDAD CON CALIDAD Y EFICIENCIA EN LOS CAMPOS DE CIENCIA, LA TêCNICA, LA TECNOLOGIA, LAS ARTES, LAS HUMANIDADES Y LOS VALORES, MOTIVÊNDOLOS Y SENSIBILIZÊNDOLOS AL APROVECHAMIENTO DE SUS CAPACIDADES PARA MEJORAR SU NIVEL Y CALIDAD DE VIDA Y VINCULÊNDOLOS DE UNA MANERA MÊS EFECTIVA CON LA REALIDAD DEL PAôS, COMPROMETIDO CON EL BIENESTAR Y PROGRESO DE LA SOCIEDAD Y EL AVANCE DE SU PROFESION.;SANDRA PATRICIA;VALENCIA ZULUAGA;RECTOR;ACUERDO;18638;20/12/2016;10/01/2017;;ADALBERTO;RIOS JIMENEZ;REPRESENTANTE LEGAL;ACTA;3;17/06/2008;17/06/2008;;;VALLE DEL CAUCA;CALI
3706;FUNDACION CENTRO COLOMBIANO DE ESTUDIOS PROFESIONALES, -F.C.E.C.E.P.;ACTIVA;NO INFORMA;PRINCIPAL;FUNDACION;PRIVADA;INSTITUCION TECNOLOGICA;VALLE DEL CAUCA;CALI;Calle 9B  29A-67 Champag?at;6842424;MINISTERIO DE EDUCACION NACIONAL.;RESOLUCION;11967;21/08/1984;19;www.cecep.edu.co;NO;;;;FORMACION INTEGRAL DE PROFESIONALES LIDERES CON ESPIRITU INVESTIGATIVO Y EMPRESARIAL PARA APLICAR LA TECNICA, LA CIENCIA, LA TECNOLOGIA, LAS HUMANIDADES Y LAS BELLAS ARTES DENTRO DE UN MARCO ETICO, UNIVERSAL E INNOVADOR PARA ASI CONTRIBUIR AL DESARROLLO DEL PAIS.;Jos? Fernando;Iragorri LΩpez;RECTOR;ACUERDO;11967;9/02/2017;9/02/2017;;HERNAN RAMON;GONZALEZ PARDO;REPRESENTANTE LEGAL;RESOLUCION;849;23/08/2016;26/01/2017;;;VALLE DEL CAUCA;CALI
4705;FUNDACION CENTRO DE EDUCACION SUPERIOR,INVESTIGACION Y PROFESIONALIZACION -CEDINPRO-;ACTIVA;860.512.509-4;PRINCIPAL;FUNDACION;PRIVADA;INSTITUCION TECNICA PROFESIONAL;BOGOTA D.C;BOGOTA D.C.;Sede Adtiva: Carrera 46 No.93-40 La Castellana;2483613;MINISTERIO DE EDUCACION NACIONAL.;RESOLUCION;1000;1/02/1983;6;www.cedinpro.edu.co;NO;;;;"CEDINPRO, COMO INSTITUCION DE EDUCACION SUPERIOR, ACT˘A EN LOS CAMPOS DE LA T˘CNICA, LA TECNOLOG˘A Y LAS HUMANIDADES CONTRIBUYENDO CON LA FORMACI˘N DEL TALENTO HUMANO QUE PARTICIPE ACTIVAMENTE EN EL DESARROLLO DEL PA˘S, EN EL MEJORAMIENTO DE LA CALIDAD DE VIDA DE SUS HABITANTES, EN LA PRESERVACI˘N Y FOMENTO DEL MEDIO AMBIENTE Y DE LOS VALORES DE LA CULTURA NACIONAL Y UNIVERSAL.

LA FORMACI˘N PROFESIONAL SE RIGE POR LOS PRINCIPIOS DE LA EDUCACI˘N SUPERIOR, LA ˘TICA, LA CALIDAD, EL COMPROMISO Y EL TRABAJO EN EQUIPO; PRESUPUESTOS ORIENTADORES DEL QUEHACER INSTITUCIONAL.

EL ESP˘RITU DE INDAGACI˘N, PROPIO DE NUESTROS PROFESIONALES, ES FACTOR IMPORTANTE, TANTO COMO ESTRATEGIA EN LA B˘SQUEDA DE ALTERNATIVAS DE SATISFACCI˘N DE LAS NECESIDADES SOCIALES, COMO PARA ENFRENTAR LOS CAMBIOS QUE SE GENEREN EN EL ENTORNO Y EN LA SOLUCI˘N DE PROBLEMAS A NIVEL INDIVIDUAL Y COLECTIVO.";ALEJANDRO;Rueda Nova;RECTOR;ACTA C.S.;1000;8/02/2019;10/02/2019;9/02/2020;ALEJANDRO;RUEDA NOVA;REPRESENTANTE LEGAL;ACTA;2;9/02/2015;10/02/2015;9/02/2018;;BOGOTA D.C;BOGOTA D.C.
3712;FUNDACION CENTRO DE INVESTIGACION DOCENCIA Y CONSULTORIA ADMINISTRATIVA-F-CIDCA-;ACTIVA;86.040.457;PRINCIPAL;FUNDACION;PRIVADA;INSTITUCION TECNOLOGICA;BOGOTA D.C;BOGOTA D.C.;Calle 61  11-09 , sede Carrera 18  38-19;3472927;MINISTERIO DE EDUCACION NACIONAL;RESOLUCION;4124;24/04/1984;46;www.cidca.edu.co.;NO;;;;SATISFACER INTEGRALMENTE LA NCESIDAD DE FORMACION EDUCATIVA CENTRADA EN EL SER HUMANO, PARA CONTRIBUIR AL DESARROLLO PERSONAL, SOCIAL Y EMPRESARIAL DE LA REGION A TRAVES DE UN PROYECTO PEDAGOGICO INNOVADOR.;Hernan RamΩn;Gonzalez Pardo;RECTOR;RESOLUCION;4124;26/02/2016;1/06/2016;;Hernan RamΩn;Gonzalez Pardo;REPRESENTANTE LEGAL;RESOLUCION;140;26/02/2016;1/06/2016;;;BOGOTA D.C;BOGOTA D.C.
2722;FUNDACION CENTRO UNIVERSITARIO DE BIENESTAR RURAL;ACTIVA;800053190-0;PRINCIPAL;FUNDACION;PRIVADA;INSTITUCION UNIVERSITARIA/ESCUELA TECNOLOGICA;CAUCA;PUERTO TEJADA;Vereda Periconegro;;MINISTERIO DE EDUCACION NACIONAL;RESOLUCION;9111;11/07/1988;0;www.cubr.edu.co;NO;;;;MISION;Taraneh;Rezvani Derakhshan;RECTOR;ACTA;9111;31/07/2017;14/08/2017;14/08/2019;Taraneh;Rezvani Derakhshan;REPRESENTANTE LEGAL;ACTA;185;31/07/2017;14/08/2017;14/08/2019;;CAUCA;PUERTO TEJADA
4711;FUNDACION DE EDUCACION SUPERIOR ESATEC;INACTIVA;860.513.543-1;PRINCIPAL;FUNDACION;PRIVADA;INSTITUCION TECNICA PROFESIONAL;BOGOTA D.C;BOGOTA D.C.;Carrera 10  27-91 Torre C;NULL;MINISTERIO DE EDUCACION NACIONAL.;RESOLUCION;1999;19/03/2007;0;www.esatec.edu.co;NO;;;;IMPARTIR INFORMACIÖN INTEGRAL AL RECURSO HUMANO DE TODAS LAS ACTIVIDADES ECONÖMICAS Y FORTALECER PROCESOS QUE CONTRIBUYAN AL DESARROLLO COMUNITARIO A NIVEL URBANO Y RURAL, AMENTANDO CON ELLO LA PRODUCTIVIDAD NACIONAL, PROMOVIENDO LA EXPANSIÖN, EL DESARROLLO ECONÖMICO Y SOCIAL DEL PAôS.;JAIME ENRIQUE;GALARZA SANCLEMENTE;RECTOR;NO INFORMA;1999;;;;Benjamin del Socorro;Medina Rodriguez;REPRESENTANTE LEGAL;NO INFORMA;;;;;;BOGOTA D.C;BOGOTA D.C.
4719;FUNDACION DE EDUCACION SUPERIOR NUEVA AMERICA;ACTIVA;860.072.063.2;PRINCIPAL;FUNDACION;PRIVADA;INSTITUCION TECNICA PROFESIONAL;BOGOTA D.C;BOGOTA D.C.;Diagonal 47 Sur No.53-46 Barrio Venecia;7111063;MINISTERIO DE EDUCACION NACIONAL.;RESOLUCION;17084;13/11/1978;7;www.nuevaamerica.edu.co;NO;;;;MISION;GABRIEL ALBERTO;Rodr˘guez Jim˘nez;RECTOR;ACUERDO;17084;21/01/2019;22/01/2019;;GABRIEL ALBERTO;Rodr˘˘guez Jim˘nez;REPRESENTANTE LEGAL;ACUERDO;1;21/01/2019;22/01/2019;;;BOGOTA D.C;BOGOTA D.C.
4702;FUNDACION DE EDUCACION SUPERIOR SAN JOSE -FESSANJOSE-;ACTIVA;860.524.219-5;PRINCIPAL;FUNDACION;PRIVADA;INSTITUCION TECNOLOGICA;BOGOTA D.C;BOGOTA D.C.;Calle  67   14A-29;3470000;MINISTERIO DE EDUCACION NACIONAL.;RESOLUCION;14878;5/10/1984;43;No disponible;NO;;;;* *;CARLOS FRANCISCO;PAREJA FIGUEREDO;RECTOR;ASAMBLEA;14878;8/07/2016;8/07/2016;;CARLOS FRANCISCO;PAREJA FIGUEREDO;REPRESENTANTE LEGAL SUPLENTE;ASAMBLEA GENERAL;100;22/02/2016;22/02/2016;;;BOGOTA D.C;BOGOTA D.C.
4702;FUNDACION DE EDUCACION SUPERIOR SAN JOSE -FESSANJOSE-;ACTIVA;860.524.219-5;PRINCIPAL;FUNDACION;PRIVADA;INSTITUCION TECNOLOGICA;BOGOTA D.C;BOGOTA D.C.;Calle  67   14A-29;3470000;MINISTERIO DE EDUCACION NACIONAL.;RESOLUCION;14878;5/10/1984;43;No disponible;NO;;;;* *;CARLOS FRANCISCO;PAREJA FIGUEREDO;RECTOR;ASAMBLEA;14878;8/07/2016;8/07/2016;;ROMELIA;æUSTE CASTRO;REPRESENTANTE LEGAL;ASAMBLEA GENERAL;2;8/07/2016;8/07/2016;;;BOGOTA D.C;BOGOTA D.C.
4725;FUNDACION DE EDUCACION SUPERIOR SIKUANI - FESI;INACTIVA;891.224.672-4;PRINCIPAL;FUNDACION;PRIVADA;INSTITUCION TECNICA PROFESIONAL;BOGOTA D.C;BOGOTA D.C.;Calle 128B 58B-57 Barrio Las Villas;2265206;MINISTERIO DE EDUCACION NACIONAL.;RESOLUCION;7975;19/03/2007;0;No disponible;NO;;;;MISION;LUIS ERNESTO;MORA MARTINEZ;RECTOR;NO INFORMA;7975;;;;HECTOR JAVIER;PIZARRO ACEVEDO;REPRESENTANTE LEGAL;NO INFORMA;;;;;;BOGOTA D.C;BOGOTA D.C.
2741;FUNDACION DE ESTUDIOS SUPERIORES - MONSEæOR ABRAHAM ESCUDERO MONTOYA  - FUNDES;ACTIVA;809008799-7;PRINCIPAL;FUNDACION;PRIVADA;INSTITUCION UNIVERSITARIA/ESCUELA TECNOLOGICA;TOLIMA;ESPINAL (CHICORAL) ;Carrera 7  10-37;2485862;MINISTERIO DE EDUCACION NACIONAL.;RESOLUCION;1495;23/07/2001;5;www.fundes.edu.co;NO;;;;"LA FUNDACIÖN UNIVERSITARIA DE EL ESPINAL-FUNDES, SE PROYECTA  COMO UNA INSTITUCIÖN  LôDER EN EL DESARROLLO CIENTôFICO, INVESTIGATIVO, PEDAGÖGICO Y HUMANôSTICO, QUE VAYA A LA VANGUARDIA EN EL DIÊLOGO CIENCIA- FE Y EN LA FORMACIÖN  DE LôDERES CON  ÖPTIMA  CALIDAD HUMANA  Y UNA CONCIENCIA INTEGRAL  DE LA REALIDAD, QUE NACEN DEL COMPROMISO CRISTIANO, ORGANIZACIONAL, ADMINISTRATIVO, INVESTIGATIVO, Y DE CONTINUA ACTUALIZACIÖN DIDÊCTICA DE LA INSTITUCIÖN, DESDE EL PROCESO ENSEæANZA-APRENDIZAJE, TENIENDO EN CUENTA LA ENSEæABILIDAD Y LA EDUCABILIDAD, QUE PERMITA A SUS EGRESADOS   SER ACTORES DINÊMICOS EN EL AMBIENTE SOCIAL DE LA REGIÖN Y DE COLOMBIA Y EN LOS PROCESOS DE BÇSQUEDA DE LA PROMOCIÖN HOLôSTICA DEL HOMBRE, ENTENDIDO êSTE COMO PERSONA  CON DERECHOS Y DEBERES, CON NECESIDADES ESPECIFICAS Y GRANDES ASPIRACIONES  DE PROMOCIÖN HUMANA Y DE UN AMBIENTE DE PAZ, DE JUSTICIA, DE CONVIVENCIA, DE RESPETO Y DE OPORTUNIDADES EDUCATIVAS.

POR ESTO LA FUNDACIÖN UNIVERSITARIA DEL ESPINAL SERÊ PROTAGONISTA DESDE LA CIENCIA COMO RACIONALIZACIÖN Y DOMINIO DE LAS LEYES QUE RIGEN EL MUNDO;  DESDE LA FE COMO RESPUESTA A LA REVELACIÖN DIVINA;  DESDE LA PSICOPEDAGOGôA, COMO FUNDAMENTACIÖN  DIDÊCTICA Y DESDE EL LIDERAZGO COMO EXPRESIÖN DEL SER Y EL HACER INSTITUCIONAL  Y DE SUS EGRESADOS.";ROBERTO JOSE;GUZMAN VILLANUEVA;RECTOR;ACUERDO;1495;19/12/2016;16/01/2017;15/01/2020;Roberto Jose;Guzman Villanueva;REPRESENTANTE LEGAL;ACTA;10;19/12/2016;16/01/2017;15/01/2020;;TOLIMA;ESPINAL (CHICORAL) 
3718;FUNDACION DE ESTUDIOS SUPERIORES COMFANORTE -F.E.S.C.-;ACTIVA;800.235.151-5;PRINCIPAL;FUNDACION;PRIVADA;INSTITUCION TECNOLOGICA;NORTE DE SANTANDER;CUCUTA;AV 4  No. 15-38 La Playa;5831383;MINISTERIO DE EDUCACION NACIONAL.;RESOLUCION;4172;25/08/1993;28;www.fesc.edu.co;NO;;;;MISION;CARMEN CECILIA;Quero de Gonzalez;RECTOR;NO INFORMA;4172;14/12/2017;10/03/2018;9/03/2020;CARMEN CECILIA;Quero de Gonzalez;REPRESENTANTE LEGAL;NO INFORMA;129;14/12/2017;10/03/2018;9/03/2020;;NORTE DE SANTANDER;CUCUTA
2739;FUNDACION DE ESTUDIOS SUPERIORES UNIVERSITARIOS DE URABA ANTONIO ROLDAN BETANCUR;ACTIVA;811028521-1;PRINCIPAL;FUNDACION;PRIVADA;INSTITUCION UNIVERSITARIA/ESCUELA TECNOLOGICA;ANTIOQUIA;APARTADO;Carrera 111  101-64 Barrio Los Pinos;8286999;MINISTERIO DE EDUCACION NACIONAL.;RESOLUCION;596;2/04/2001;5;www.fesu.edu.co;NO;;;;;EDNA MARGARITA;MARTINEZ ACOSTA;RECTOR;ACUERDO;596;9/06/2008;10/06/2008;;EDNA MARGARITA;MARTINEZ ACOSTA;REPRESENTANTE LEGAL;ACUERDO;1;9/06/2008;10/06/2008;;;ANTIOQUIA;APARTADO
4708;FUNDACION ESCUELA COLOMBIANA DE HOTELERIA Y TURISMO-ECOTET-;ACTIVA;860.350.003-3;PRINCIPAL;FUNDACION;PRIVADA;INSTITUCION TECNICA PROFESIONAL;BOGOTA D.C;BOGOTA D.C.;Ava. 13 (Autopista Norte)  106-63;6184710;MINISTERIO DE EDUCACION NACIONAL.;RESOLUCION;2285;21/02/1983;3;www.ecotet.com;NO;;;;PROPORCIONAR UNA EDUCACION DE LA MAS ALTA CALIDAD EN LAS AREAS DE ADMINISTRACION HOTELERA, ADMINISTRACION TURISTICA Y SERVICIOS A BORDO.  NUESTROS PROGRAMAS HAN SIDO DISEæADOS PARA AQUELLOS QUE SON ATRAIDOS POR EL CONTACTO HUMANO Y GUSTO POR EL VIAJE.;CESAR;AMIN ONZAGA;RECTOR;RESOLUCION;2285;17/08/1983;3/10/1983;;CESAR;AMIN ONZAGA;REPRESENTANTE LEGAL;RESOLUCION;1540;17/08/1983;3/10/1983;;;BOGOTA D.C;BOGOTA D.C.
3703;FUNDACION ESCUELA COLOMBIANA DE MERCADOTECNIA -ESCOLME-;ACTIVA;NO INFORMA;PRINCIPAL;FUNDACION;PRIVADA;INSTITUCION UNIVERSITARIA/ESCUELA TECNOLOGICA;ANTIOQUIA;MEDELLIN;Calle 50   40-39;2161700;GOBIERNO DEPARTAMENTAL DE ANTIOQUIA;RESOLUCION;126;16/09/1970;24;www.escolme.edu.co;NO;;;;"1. ESCOLME, FUNDACION UNIVERSITARIA, ES UNA INSTITUCION COMPROMETIDA CON LA FORMACION INTEGRAL DE TALENTO HUMANO, ALTAMENTE CALIFICADO EN PROGRAMAS DE FORMACION EN OCUPACIONES, EN PROFESIONES Y DISCIPLINAS, Y EN ESPECIALIZACION, PRIORITARIAMENTE EN LAS AREAS DE LA MERCADOTECNIA, LAS VENTAS, LA ADMINISTRACION, LAS FINANZAS Y SISTEMAS.

2. LA FORMACION INTEGRAL ES UN COMPROMISO DE PROMOCION DE PERSONAS SENSITIVAS, REFLESIVAS, Y DE BUENAS RELACIONES. LIBRES, SOLIDARIAS, REALIZADORAS, CREATIVAS Y PARTICIPATIVAS, QUE AL EGRESAR HAYAN RECIBIDO DE LA INSTITUCION EL ARTE DE LA CONVIVENCIA PACIFICA Y LA CAPACIDAD DE ANALISIS EN SU PROFESION PARA ENTENDIMIENTO DE LA SITUACION SOCIAL.

3.  ESCOLME ES UNA INSTITUCION SISTEMATIZADA ALREDEDOR DEL APRENDIZAJE, DONDE EL ASEGURAMIENTO DE LA CALIDAD Y DE LA ORGANIZACION, ESTA DADO POR LA APLICACION QUE HACE DE SU PLANEACION PRECISA, SU GESTION DINAMICA Y SU EVOLUCION FORMATIVA, ES DEMOCRATICA, AUTOCONTROLADA, CON TOMA DE DECISIONES Y ADMINISTRACION COMPARTIDA, PREDOMINIO DEL TRABAJO EN EQUIPO Y ORIENTADA AL SERVICIO DE LA COMUNIDAD, ENMCARCADA EN LA CONSTITUCION POLITICA Y LAS LEYES DE LA REPUBLICA DE COLOMBIA.";MAURICIO;GUZMÊN VêLEZ;RECTOR;ACTA;126;20/10/2017;26/10/2017;;MAURICIO;GUZMÊN VêLEZ;REPRESENTANTE LEGAL;ACTA;AG003;20/10/2017;26/10/2017;;;ANTIOQUIA;MEDELLIN
2730;FUNDACION ESCUELA COLOMBIANA DE REHABILITACION;ACTIVA;830.011.184-5;PRINCIPAL;FUNDACION;PRIVADA;INSTITUCION UNIVERSITARIA/ESCUELA TECNOLOGICA;BOGOTA D.C;BOGOTA D.C.;Avenida Cra. 15   151-68;6270649;MINISTERIO DE EDUCACION NACIONAL.;RESOLUCION;5090;3/11/1995;9;www.ecr.edu.co;NO;;;;MISION;LEONOR YANETH GOE;Rojas Hernandez;RECTOR;ACTA;5090;13/02/2019;11/03/2019;10/03/2021;LEONOR YANETH GOE;Rojas Hernandez;REPRESENTANTE LEGAL;ACTA;254;13/02/2019;11/03/2019;10/03/2021;;BOGOTA D.C;BOGOTA D.C.
9905;FUNDACION ESCUELA TECNOLOGICA DE NEIVA - JESUS OVIEDO PEREZ -FET;ACTIVA;900440771-2;PRINCIPAL;CORPORACION;PRIVADA;INSTITUCION UNIVERSITARIA/ESCUELA TECNOLOGICA;HUILA;RIVERA;Km.11 v≠a al Sur;8600117;Ministerio de Educaci˘n Nacional;RESOLUCION;1595;28/02/2011;14;www.fet.edu.co;NO;;;;;LUIS ALFREDO;ORTIZ TOVAR;RECTOR;ACTA C.S.;1595;6/10/2017;1/11/2017;;LUIS ALFREDO;ORTIZ TOVAR;REPRESENTANTE LEGAL;ACTA C.S.;83;6/10/2017;1/11/2017;;;HUILA;RIVERA
4716;FUNDACION INSTITUTO DE CARRERAS TECNICAS PROFESIONALES-FIDCI-;INACTIVA;890325441-1;PRINCIPAL;FUNDACION;PRIVADA;INSTITUCION TECNICA PROFESIONAL;VALLE DEL CAUCA;CALI;Carrera 12 5-64 Barrio San Bosco;6616149;MINISTERIO DE EDUCACION NACIONAL;RESOLUCION;11107;19/03/2007;0;www.futap.net;NO;;;;MISION;NELSON;LOPEZ MOSQUERA;RECTOR;NO INFORMA;11107;;;;AYDA MARIA;GONZALEZ CAICEDO;REPRESENTANTE LEGAL;NO INFORMA;;;;;;VALLE DEL CAUCA;CALI
4714;FUNDACION INTERAMERICANA TECNICA-FIT-;ACTIVA;860.055.057;PRINCIPAL;FUNDACION;PRIVADA;INSTITUCION TECNICA PROFESIONAL;BOGOTA D.C;BOGOTA D.C.;Calle 36  15-63;7040760;MINISTERIO DE JUSTICIA.;RESOLUCION;954;19/03/2007;3;www.fit.edu.co;NO;;;;"LA FUNDACI˘N INTERAMERICANA T˘CNICA -F.I.T.-, ES UNA INSTITUCI˘N DE EDUCACI˘N SUPERIOR, INICIALMENTE EN LA MODALIDAD DE INSTITUCI˘N T˘CNICA PROFESIONAL, DEDICADA A PRESTAR EL SERVICIO P˘BLICO EDUCATIVO, CONTRIBUYENDO  A LA FORMACI˘N INTEGRAL DEL SER HUMANO, BAJO LOS PRINCIPIOS DE LA AUTONOM˘A INSTITUCIONAL, Y LAS LIBERTADES DE ENSE˘ANZA, DE APRENDIZAJE, DE C˘TEDRA Y DE INVESTIGACI˘N, CON NIVELES ˘PTIMOS DE CALIDA BAJO LAS NORMAS CONSTITUCIONALES, LEGALES Y REGLAMENTARIAS VIGENTES.

ADELANTAR˘ SU ACCI˘N EN LOS CAMPOS DE LA T˘CNICA, LA CIENCIA Y LA TECNOLOG˘A, COMPLEMENTADOS  CON LA NECESARIA FORMACI˘N HUMAN˘STICA.   TODO ORIENTADO HACIA SU PROYECCI˘N SOCIAL PARA CONTRIBUIR  AL ALCANCE DE LAS METAS DE UN DESARROLLO SOSTENIBLE DEL PA˘S, EN LO ECON˘MICO, LO SOCIAL Y LO AMBIENTAL.

CREAR˘ Y DESARROLLAR˘ PROGRAMAS ACAD˘MICOS DE PREGRADO, ESPECIALIZACI˘N, EDUCACI˘N CONTINUADA, DE INVESTIGACI˘N  Y DESARROLLO TECNOL˘GICO Y DE SERVICIOS SOCIALES, CONTANDO CON EL CONCURSO Y LA PARTICIPACI˘N DE LA COMUNIDAD INSTITUCIONAL Y DE LOS SECTORES BENEFICIADOS CON TALES PROGRAMAS.";GUSTAVO ADOLFO;RIVEROS SACHICA;RECTOR;ACTA;954;12/09/2013;12/09/2013;;GUSTAVO ADOLFO;RIVEROS SACHICA;REPRESENTANTE LEGAL;ACTA C.S.;17;14/12/2016;1/01/2017;;;BOGOTA D.C;BOGOTA D.C.
4704;FUNDACION PARA LA EDUCACION SUPERIOR REAL DE COLOMBIA;ACTIVA;860.533.613-2;PRINCIPAL;FUNDACION;PRIVADA;INSTITUCION TECNICA PROFESIONAL;BOGOTA D.C;BOGOTA D.C.;Carrera 48  No.91-16;6369260;MINISTERIO DE EDUCACION NACIONAL.;RESOLUCION;21994;20/12/1985;1;No disponible;NO;;;;MISION;LUIS EDUARDO;RODRIGUEZ ORJUELA;RECTOR;ACTA;21994;27/06/2017;27/06/2017;26/06/2019;LUIS EDUARDO;RODRIGUEZ ORJUELA;REPRESENTANTE LEGAL;ACTA;2;27/06/2017;27/06/2017;26/06/2019;;BOGOTA D.C;BOGOTA D.C.
9117;FUNDACION POLITECNICA - CORPO;ACTIVA;1900093502-9;PRINCIPAL;FUNDACION;PRIVADA;INSTITUCION TECNICA PROFESIONAL;BOGOTA D.C;BOGOTA D.C.;Carrera 17 151-27;2585606;MINISTERIO DE EDUCACION NACIONAL;RESOLUCION;3623;4/07/2006;2;http://corpo.edu.co/;NO;;;;;FABIAN;JAIMES LARA;RECTOR;ACUERDO;3623;12/07/2018;12/08/2018;12/08/2019;FABIAN;JAIMES LARA;REPRESENTANTE LEGAL;ACUERDO;11;12/07/2018;12/08/2018;12/08/2019;;BOGOTA D.C;BOGOTA D.C.
3725;FUNDACION TECNOLOGICA ALBERTO MERANI;ACTIVA;900019885-1;PRINCIPAL;FUNDACION;PRIVADA;INSTITUCION TECNOLOGICA;BOGOTA D.C;BOGOTA D.C.;Carrera 10 No.23-32;7426477;MINISTERIO DE EDUCACION NACIONAL;RESOLUCION;1327;20/04/2005;14;www.tecnologicafusfa.edu.co;NO;;;;;RONALD;PEREZ RODRIGUEZ;RECTOR;ACUERDO;1327;30/05/2018;31/05/2018;30/05/2020;RONALD;PEREZ RODRIGUEZ;REPRESENTANTE LEGAL;ACUERDO;28;30/05/2018;31/05/2018;30/05/2020;;BOGOTA D.C;BOGOTA D.C.
3710;FUNDACION TECNOLOGICA ANTONIO DE AREVALO;ACTIVA;890.481.264;PRINCIPAL;FUNDACION;PRIVADA;INSTITUCION TECNOLOGICA;BOLIVAR;CARTAGENA;Calle del Cuartel 36-54;6600671;MINISTERIO DE EDUCACION NACIONAL.;RESOLUCION;322;23/01/1985;94;www.tecnar.edu.co;NO;;;;MISION;DIONISIO;VELEZ WHITE;RECTOR;RESOLUCION;322;4/07/1989;19/05/1989;;Amaury Nicolas;Velez Trujillo;PRIMER REPRESENTANTE LEGAL SUPLENTE;ACTA;4;7/12/2016;7/12/2016;;"CENTROS TUTORIALES,CORDOBA,MONTERIA;CENTROS TUTORIALES,CORDOBA,MONTERIA;CENTROS TUTORIALES,CORDOBA,MONTERIA;CENTROS TUTORIALES,CORDOBA,MONTERIA;CENTROS TUTORIALES,CORDOBA,MONTERIA;CENTROS TUTORIALES,CORDOBA,MONTERIA;CENTROS TUTORIALES,CORDOBA,MONTERIA;CENTROS TUTORIALES,CORDOBA,MONTERIA;CENTROS TUTORIALES,CORDOBA,MONTERIA;CENTROS TUTORIALES,CORDOBA,MONTERIA;CENTROS TUTORIALES,CORDOBA,MONTERIA;CENTROS TUTORIALES,CORDOBA,MONTERIA;CENTROS TUTORIALES,CORDOBA,MONTERIA;CENTROS TUTORIALES,MAGDALENA,SANTA MARTA;CENTROS TUTORIALES,MAGDALENA,SANTA MARTA;CENTROS TUTORIALES,MAGDALENA,SANTA MARTA;CENTROS TUTORIALES,MAGDALENA,SANTA MARTA;CENTROS TUTORIALES,MAGDALENA,SANTA MARTA;CENTROS TUTORIALES,MAGDALENA,SANTA MARTA;CENTROS TUTORIALES,MAGDALENA,SANTA MARTA;CENTROS TUTORIALES,MAGDALENA,SANTA MARTA;CENTROS TUTORIALES,MAGDALENA,SANTA MARTA;CENTROS TUTORIALES,MAGDALENA,SANTA MARTA;CENTROS TUTORIALES,MAGDALENA,SANTA MARTA;CENTROS TUTORIALES,MAGDALENA,SANTA MARTA;CENTROS TUTORIALES,MAGDALENA,SANTA MARTA;CENTROS TUTORIALES,ATLANTICO,BARRANQUILLA;CENTROS TUTORIALES,ATLANTICO,BARRANQUILLA;CENTROS TUTORIALES,ATLANTICO,BARRANQUILLA;CENTROS TUTORIALES,ATLANTICO,BARRANQUILLA;CENTROS TUTORIALES,ATLANTICO,BARRANQUILLA;CENTROS TUTORIALES,ATLANTICO,BARRANQUILLA;CENTROS TUTORIALES,ATLANTICO,BARRANQUILLA;CENTROS TUTORIALES,ATLANTICO,BARRANQUILLA;CENTROS TUTORIALES,ATLANTICO,BARRANQUILLA;CENTROS TUTORIALES,ATLANTICO,BARRANQUILLA;CENTROS TUTORIALES,ATLANTICO,BARRANQUILLA;CENTROS TUTORIALES,ATLANTICO,BARRANQUILLA;CENTROS TUTORIALES,ATLANTICO,BARRANQUILLA;CENTROS TUTORIALES,ATLANTICO,BARRANQUILLA;";BOLIVAR;CARTAGENA
3710;FUNDACION TECNOLOGICA ANTONIO DE AREVALO;ACTIVA;890.481.264;PRINCIPAL;FUNDACION;PRIVADA;INSTITUCION TECNOLOGICA;BOLIVAR;CARTAGENA;Calle del Cuartel 36-54;6600671;MINISTERIO DE EDUCACION NACIONAL.;RESOLUCION;322;23/01/1985;94;www.tecnar.edu.co;NO;;;;MISION;DIONISIO;VELEZ WHITE;RECTOR;RESOLUCION;322;4/07/1989;19/05/1989;;DIONISIO;VELEZ WHITE;REPRESENTANTE LEGAL;RESOLUCION;1315;4/07/1989;19/05/1989;;"CENTROS TUTORIALES,CORDOBA,MONTERIA;CENTROS TUTORIALES,CORDOBA,MONTERIA;CENTROS TUTORIALES,CORDOBA,MONTERIA;CENTROS TUTORIALES,CORDOBA,MONTERIA;CENTROS TUTORIALES,CORDOBA,MONTERIA;CENTROS TUTORIALES,CORDOBA,MONTERIA;CENTROS TUTORIALES,CORDOBA,MONTERIA;CENTROS TUTORIALES,CORDOBA,MONTERIA;CENTROS TUTORIALES,CORDOBA,MONTERIA;CENTROS TUTORIALES,CORDOBA,MONTERIA;CENTROS TUTORIALES,CORDOBA,MONTERIA;CENTROS TUTORIALES,CORDOBA,MONTERIA;CENTROS TUTORIALES,CORDOBA,MONTERIA;CENTROS TUTORIALES,MAGDALENA,SANTA MARTA;CENTROS TUTORIALES,MAGDALENA,SANTA MARTA;CENTROS TUTORIALES,MAGDALENA,SANTA MARTA;CENTROS TUTORIALES,MAGDALENA,SANTA MARTA;CENTROS TUTORIALES,MAGDALENA,SANTA MARTA;CENTROS TUTORIALES,MAGDALENA,SANTA MARTA;CENTROS TUTORIALES,MAGDALENA,SANTA MARTA;CENTROS TUTORIALES,MAGDALENA,SANTA MARTA;CENTROS TUTORIALES,MAGDALENA,SANTA MARTA;CENTROS TUTORIALES,MAGDALENA,SANTA MARTA;CENTROS TUTORIALES,MAGDALENA,SANTA MARTA;CENTROS TUTORIALES,MAGDALENA,SANTA MARTA;CENTROS TUTORIALES,MAGDALENA,SANTA MARTA;CENTROS TUTORIALES,ATLANTICO,BARRANQUILLA;CENTROS TUTORIALES,ATLANTICO,BARRANQUILLA;CENTROS TUTORIALES,ATLANTICO,BARRANQUILLA;CENTROS TUTORIALES,ATLANTICO,BARRANQUILLA;CENTROS TUTORIALES,ATLANTICO,BARRANQUILLA;CENTROS TUTORIALES,ATLANTICO,BARRANQUILLA;CENTROS TUTORIALES,ATLANTICO,BARRANQUILLA;CENTROS TUTORIALES,ATLANTICO,BARRANQUILLA;CENTROS TUTORIALES,ATLANTICO,BARRANQUILLA;CENTROS TUTORIALES,ATLANTICO,BARRANQUILLA;CENTROS TUTORIALES,ATLANTICO,BARRANQUILLA;CENTROS TUTORIALES,ATLANTICO,BARRANQUILLA;CENTROS TUTORIALES,ATLANTICO,BARRANQUILLA;CENTROS TUTORIALES,ATLANTICO,BARRANQUILLA;";BOLIVAR;CARTAGENA
3702;FUNDACION TECNOLOGICA AUTONOMA DE BOGOTA-FABA-;ACTIVA;NO INFORMA;PRINCIPAL;FUNDACION;PRIVADA;INSTITUCION TECNOLOGICA;BOGOTA D.C;BOGOTA D.C.;Carrera 14   80 - 35;6913862;MINISTERIO DE EDUCACION NACIONAL.;RESOLUCION;6845;27/08/1976;12;www.faba.edu.co;NO;;;;"ES MISIÖN DE FABA FORMAR RECURSO HUMANO DEL NIVEL PROFESIONAL EN LAS ÊREAS DEFINIDAS COMO PRIORITARIAS PARA EL DESARROLLO DEL PAôS.  PROFESIONALES CON COMPETENCIA TêCNICA Y FORMACIÖN HUMANA, CAPACES DE CONTINUAR EN FORMA AUTÖNOMA SU PROCESO DE CRECIMIENTO Y DESARROLLO PERSONAL Y PROFESIONAL; CON CAPACIDAD DE PARTICIPACIÖN Y GESTIÖN EN LA SOLUCIÖN DE LOS PROBLEMAS NACIONALES Y SOCIALMENTE RESPONSABLES EN LA CONSTRUCCIÖN DE LA COLOMBIA DESEADA; PARA ELLO IMPULSARÊ EN LA FORMACIÖN INTEGRAL Y EL FOMENTO DE LA ACTIVIDAD INVESTIGATIVA.
EN EL INMEDIATO FUTURO LA FUNDACIÖN TECNOLÖGICA AUTÖNOMA DE BOGOTÊ CONTRIBUIRÊ EN LA FORMACIÖN DE CIUDADANOS QUE APORTEN AL DESARROLLO CULTURAL, CIENTôFICO Y TECNOLÖGICO DEL PAôS.
- CONTRIBUIR AL DESARROLLO DEL PAôS MEDIANTE EL RECONOCIMIENTO DE NUESTRA IDENTIDAD Y APORTES AL PATRIMONIO CULTURAL EN EL ARTE, LA CIENCIA, Y LA TECNOLOGôA.
- LA FORMACIÖN DE CIUDADANOS QUE APORTEN AL DESARROLLO CULTURAL, CIENTôFICO Y TECNOLÖGICO DEL PAôS.
- CONTRIBUIR EN LA FORMACIÖN DE PERSONAS RESPONSABLES Y CRôTICAS, CON ALTOS NIVELES CôVICOS, êTICOS Y BIOêTICOS.
- FORMAR PERSONAS COMPETENTES EN SU CAMPO PROFESIONAL, CON CAPACIDAD DE PARTICIPACIÖN Y CONTRIBUCIÖN INTERDISCIPLINARIA A LA SOLUCIÖN DE LOS PRINCIPALES PROBLEMAS DEL PAôS.
- CONTRIBUIR A LA FORMACIÖN DE CIUDADANOS, SOCIALMENTE RESPONSABLES, QUE PARTICIPEN Y APORTEN CRôTICA, ACTIVA Y CREATIVAMENTE EN LOS PROCESOS DE DESARROLLO SOSTENIBLE DE SU FAMILIA, DE SU COMUNIDAD Y DE NUESTRO PAôS.
- FORMAR PERSONAS CAPACES DE CONTINUAR EN FORMA AUTÖNOMA SU PROCESO DE CRECIMIENTO Y DESARROLLO HUMANO, MEDIANTE LA EDUCACIÖN Y LA UTILIZACIÖN ADECUADA DEL TIEMPO DE OCIO.";ANA FRANCISCA;MARTINEZ QUINTERO;RECTOR;ACUERDO;6845;1/09/2018;1/09/2018;;ANA FRANCISCA;MARTI˘NEZ QUINTERO;REPRESENTANTE LEGAL;ACUERDO;1;1/09/2018;1/09/2018;;;BOGOTA D.C;BOGOTA D.C.
3715;FUNDACION TECNOLOGICA AUTONOMA DEL PACIFICO;ACTIVA;800.147.711-2;PRINCIPAL;FUNDACION;PRIVADA;INSTITUCION TECNOLOGICA;VALLE DEL CAUCA;CALI;Avenida 3 Norte 44-100 Barrio La Merced;6656575;MINISTERIO DE EDUCACION NACIONAL.;RESOLUCION;10436;10/04/1991;8;www.tecnologicadelpacifico.edu.co;NO;;;;OFRECER CULTURA Y EDUCACIÖN PROMOVIENDO LA INTEGRACIÖN ENTRE LO CIENTôFICO, LO TECNOLÖGICO, LO EMPRESARIAL Y LO COMUNITARIO, IMPULSANDO LA COOPERACIÖN PARA APORTAR AL BIENESTAR REGIONAL Y NACIONAL, FOMENTANDO EL DESARROLLO DE LA INTELIGENCIA Y CONTRIBUYENDO A ELEVAR EL NIVEL EDUCATIVO DE NUESTRA GENTE, PROPENDIENDO POR EL BIENESTAR DEL INDIVIDUO, DE LA SOCIEDAD Y POR LA CONSERVACIÖN Y MEJORAMIENTO DEL AMBIENTE.;RENE;MARTINEZ PRIETO;RECTOR;ACTA C.S.;10436;14/11/2004;18/11/2004;;RENE;MARTINEZ  PRIETO;REPRESENTANTE LEGAL;ACTA C.S.;12-abr;14/11/2004;18/11/2004;;;VALLE DEL CAUCA;CALI
3724;FUNDACION TECNOLOGICA DE MADRID;ACTIVA;832.005.942-4;PRINCIPAL;FUNDACION;PRIVADA;INSTITUCION TECNOLOGICA;CUNDINAMARCA;MADRID;Sede Administrativa:  Carrera 17 36-32 Bogotˇ;7027455;MINISTERIO DE EDUCACION NACIONAL.;RESOLUCION;1833;21/08/2001;4;www.ftm.edu.co;NO;;;;;YEISSON GERMAN;Garz˘n D˘˘az;RECTOR;ACTA C.S.;1833;20/04/2018;3/02/2018;2/02/2020;ANDRES MAURICIO;GARZON DIAZ;REPRESENTANTE LEGAL;ACTA;1;23/06/2017;25/06/2017;24/06/2019;;CUNDINAMARCA;MADRID
9124;FUNDACION TECNOLOGICA RURAL COREDI - FUNTEC;ACTIVA;900175084-4;PRINCIPAL;FUNDACION;PRIVADA;INSTITUCION TECNOLOGICA;ANTIOQUIA;MARINILLA;Calle 30 #36-11;5690120;Ministerio de EducaciΩn Nacional;NO INFORMA;1896;17/04/2007;2;www.coredi.edu.co;NO;;;;InformaciΩn no disponible;PBRO. LUIS ARGEMIRO;Garc˘˘a Monsalve;RECTOR;ACUERDO;1896;1/08/2018;1/08/2018;31/07/2022;PBRO. LUIS ARGEMIRO;Garc˘a Monsalve;REPRESENTANTE LEGAL;ACUERDO;SF-004;1/08/2018;1/08/2018;31/07/2022;;ANTIOQUIA;MARINILLA
1725;FUNDACION UNIVERSIDAD AUTONOMA DE COLOMBIA -FUAC-;ACTIVA;860.034.667;PRINCIPAL;FUNDACION;PRIVADA;UNIVERSIDAD;BOGOTA D.C;BOGOTA D.C.;Calle 13  4-31, Correspondencia: Cra.4 12-85;3343696;MINISTERIO DE JUSTICIA.;RESOLUCION;264;4/02/1972;47;www.fuac.edu.co;NO;;;;"LA UNIVERSIDAD AUTONOMA DE COLOMBIA ES UN CENTRO ACADEMICO DEMOCRATICO, INDEPENDIENTE, PARTICIPATIVO Y PLURALISTA, COMPROMETIDO CON EL DESARROLLO DE LA PERSONA HUMANA, CON LA REALIZACION DE LOS VALORES ESENCIALES DEL ORDENAMIENTO JURIDICO COLOMBIANO Y CON EL CULTIVO DEL CONOCIMIENTO RACIONAL CON MIRAS A LA FORMACION INTEGRAL, LA INVESTIGACION Y LA PARTICIPACION DE LA COMUNIDAD UNIVERSITARIA EN LA VIDA SOCIOECONOMICA, CULTURAL Y POLITICA DE LA NACION.

SOBRE ESTA BASE, LA UNIVERSIDAD EJERCE UNA FORMA AUTONOMA DE EDUCACION, DE GOBIERNO, DE PLANEACION, DE GESTION, DE TOMA DE DECISIONES, CON EL FIN DE CONSOLIDAR, DENTRO DEL CLIMA DE ACTIVA PARTICIPACION DE SUS COMUNIDADES ACADEMICAS, LA EXCELENCIA DE LA FORMACION QUE ELLA IMPARTE Y LA REALIZACION DE LOS VALORES FUNDAMENTALES DE LA SOCIEDAD COLOMBIANA.";HERNA˘N JOSE;ROMERO RINCON;RECTOR(E);NO INFORMA;264;17/05/2018;1/06/2018;31/05/2021;GABRIEL DE JESUS;ACEVEDO ROJAS;REPRESENTANTE LEGAL;ACTA;90;7/03/2015;7/03/2015;3/03/2018;;BOGOTA D.C;BOGOTA D.C.
1715;FUNDACION UNIVERSIDAD DE AMERICA;ACTIVA;860.006.806;PRINCIPAL;FUNDACION;PRIVADA;UNIVERSIDAD;BOGOTA D.C;BOGOTA D.C.;Av. Circunvalar 20-53;3376680;MINISTERIO DE JUSTICIA.;RESOLUCION;417;13/02/1958;21;www.uamerica.edu.co;NO;;;;MISION;JAIME;POSADA DIAZ;RECTOR;ACTA;417;11/09/2018;1/12/2018;30/11/2023;JUAN CARLOS;POSADA GARCIA PEæA;REPRESENTANTE LEGAL SUPLENTE;ORDEN EJECUTIVA;32017;1/03/2017;1/03/2017;;;BOGOTA D.C;BOGOTA D.C.
1715;FUNDACION UNIVERSIDAD DE AMERICA;ACTIVA;860.006.806;PRINCIPAL;FUNDACION;PRIVADA;UNIVERSIDAD;BOGOTA D.C;BOGOTA D.C.;Av. Circunvalar 20-53;3376680;MINISTERIO DE JUSTICIA.;RESOLUCION;417;13/02/1958;21;www.uamerica.edu.co;NO;;;;MISION;JAIME;POSADA DIAZ;RECTOR;ACTA;417;11/09/2018;1/12/2018;30/11/2023;JAIME;POSADA  DIAZ;REPRESENTANTE LEGAL;ACTA;2;30/10/2003;3/11/2003;;;BOGOTA D.C;BOGOTA D.C.
1707;FUNDACION UNIVERSIDAD DE BOGOTA - JORGE TADEO LOZANO;ACTIVA;860.006.848-6;PRINCIPAL;FUNDACION;PRIVADA;UNIVERSIDAD;BOGOTA D.C;BOGOTA D.C.;Carrera 4  22-61;3341777;MINISTERIO DE JUSTICIA;RESOLUCION;2613;14/08/1959;115;www.utadeo.edu.co;SI;21/03/2018;4624;6;MISION;Cecilia Maria;Velez White;RECTOR;ACTA;2613;2/12/2015;22/01/2016;21/01/2018;Cecilia Maria;Velez White;REPRESENTANTE LEGAL;ACTA;12;2/12/2015;22/01/2016;21/01/2018;"CONVENIO,BOGOTA D.C,BOGOTA D.C.;CONVENIO,CESAR,VALLEDUPAR;CONVENIO,CESAR,VALLEDUPAR;CONVENIO,NARINIO,PASTO;CONVENIO,NARINIO,PASTO;CONVENIO,NARINIO,PASTO;CONVENIO,NARINIO,PASTO;CONVENIO,VALLE DEL CAUCA,CALI;CENTROS TUTORIALES,CALDAS,MANIZALES;CENTROS TUTORIALES,ANTIOQUIA,MEDELLIN;CENTROS TUTORIALES,ANTIOQUIA,MEDELLIN;";BOGOTA D.C;BOGOTA D.C.
1708;FUNDACION UNIVERSIDAD DE BOGOTA - JORGE TADEO LOZANO;ACTIVA;860.006.848-6;SECCIONAL;FUNDACION;PRIVADA;UNIVERSIDAD;BOLIVAR;CARTAGENA;Zona Norte Anillo Vial kilΩmetro 13;6600578;MINISTERIO DE JUSTICIA.;RESOLUCION;2613;14/08/1959;5;www.utadeo.edu.co;SI;21/03/2018;4624;6;MISION;Cecilia Maria;Velez White;RECTOR;ACTA;2613;2/12/2015;22/01/2016;21/12/2018;Cecilia Maria;Velez White;REPRESENTANTE LEGAL;ACTA;12;2/12/2015;22/01/2016;21/12/2018;;BOLIVAR;CARTAGENA
2723;FUNDACION UNIVERSITARIA AGRARIA DE COLOMBIA -UNIAGRARIA-;ACTIVA;860531081-5;PRINCIPAL;FUNDACION;PRIVADA;INSTITUCION UNIVERSITARIA/ESCUELA TECNOLOGICA;BOGOTA D.C;BOGOTA D.C.;Calle 170  50-90;6700666;MINISTERIO DE EDUCACION NACIONAL.;RESOLUCION;2599;13/03/1986;20;www.uniagraria.edu.co;NO;;;;"UNIAGRARIA ES UNA INSTITUCION DE EDUCACION SUPERIOR QUE FORMA INTEGRALMENTE PERSONAS LIDERES, ETICAS, PROFESIONALES, EMPRENDEDORAS Y COMPROMETIDAS CON EL BIENESTAR DE LAS COMUNIDADES NACIONALES E INTERNACIONALES, MEDIANTE LA CREACION Y DIFUSION GRADUAL DE CONOCIMIENTOS A TRAVES DE LA INVESTIGACION, LA DOCENCIA, LA EDUCACION CONTINUA Y LA EXTENSION.

UNIAGRARIA ALIENTA A TODOS SUS MIEMBROS A ACTUAR CON HUMANISMO, DISCIPLINA, RESPETO, DEDICACION Y EXCELENCIA COMO REQUISITOS INDISPENSABLES PARA EL EJERCICIO DE LA LIBERTAD, LA CREATIVIDAD Y LA PARTICIPACION EN LA CONSTRUCCION DE UNA SOCIEDAD RESPONSABLE, PACIFICA, JUSTA, ABIERTA Y DEMOCRATICA.

UNIAGRARIA CONTRIBUYE AL DESARROLLO ECONOMICO Y SOCIAL; AL FOMENTO DEL ESPIRITU EMPRESARIAL Y SOLIDARIO; AL MEJORAMIENTO DEL SECTOR AGRARIO; A LA CONSERVACION DEL MEDIO AMBIENTE; AL USO ADECUADO DE LOS RECURSOS NATURALES; AL AFIANZAMIENTO DE LA CULTURA Y AL BIENESTAR DE LA SOCIEDAD COLOMBIANA.";LUIS FERNANDO;Rodriguez Naranjo;RECTOR;ACTA;2599;16/05/2017;20/05/2017;19/05/2019;Luis Fernando;Rodriguez Naranjo;REPRESENTANTE LEGAL;ACTA;60;16/05/2017;20/05/2017;19/05/2019;;BOGOTA D.C;BOGOTA D.C.
2747;FUNDACION UNIVERSITARIA AUTONOMA DE LAS AMERICAS;ACTIVA;NO INFORMA;PRINCIPAL;FUNDACION;PRIVADA;INSTITUCION UNIVERSITARIA/ESCUELA TECNOLOGICA;ANTIOQUIA;MEDELLIN;Circular 73  35 -04;4114848;MINISTERIO DE EDUCACION NACIONAL.;RESOLUCION;12998;12/08/1985;39;www.uam.edu.co;NO;;;;FORMAR PERSONAS QUE COMPRENDAN EN PROFUNDIDAD LOS CAMBIOS Y TRANSFORMACIONES DE NUESTRA SOCIEDAD DESDE LA PERSPECTIVA DE LA INVESTIGACION Y LA GESTION, PARA QUE PUEDAN INCIDIR DE UNA MANERA CONSCIENTE Y PRECISA SOBRE LOS PROCESOS PROPIOS DE ELLA Y ASI PODER DAR SOLUCIONES RACIONALES, CREATIVAS Y REALES, CAPACES DE JALONAR PROCESOS QUE COMPROMETAN A LAS PERSONAS CON LOS RETOS QUE DIARIAMENTE SE NOS OFRECEN, DESDE LA ESPECIFICIDAD DE SUS SABERES HASTA LA INTERPRETACION  DE SU ENTORNO COMO SOCIEDAD, POTENCIANDO LA ETICA SOCIAL QUE IDENTIFIQUE AL PROFESIONAL EGRESADO DE LA INSTITUCION, COMO GENERADOR DE VALORES, COMPORTAMIENTOS, ACTITUDES Y APTITUDES FRENTE A SI MISMO, HACIA EL OTRO Y FRENTE A LOS GRUPOS SOCIALES.;ALVARO ENRIQUE;MAESTRE ROCHA;RECTOR;ACUERDO;12998;22/11/2005;23/11/2005;;ALVARO ENRIQUE;MAESTRE ROCHA;REPRESENTANTE LEGAL;ACUERDO;11;22/11/2005;23/11/2005;;"CENTROS TUTORIALES,ANTIOQUIA,RIONEGRO;";ANTIOQUIA;MEDELLIN
9120;FUNDACION UNIVERSITARIA BELLAS ARTES;ACTIVA;900126062-3;PRINCIPAL;FUNDACION;PRIVADA;INSTITUCION UNIVERSITARIA/ESCUELA TECNOLOGICA;ANTIOQUIA;MEDELLIN;Palacio Bellas Artes, Calle 52 No. 42-08;4447787;Ministerio de Educaci˘n Nacional;RESOLUCION;6342;17/10/2006;6;www.bellasartesmed.edu.co;NO;;;;;FRANCISCO HERNAN;SIERRA LOPERA;RECTOR(E);ACTA C.S.;6342;1/03/2016;1/03/2016;;FRANCOISE;COUPE DE RESTREPO;REPRESENTANTE LEGAL;ASAMBLEA GENERAL;3408;21/02/2017;22/02/2017;21/02/2019;;ANTIOQUIA;MEDELLIN
9120;FUNDACION UNIVERSITARIA BELLAS ARTES;ACTIVA;900126062-3;PRINCIPAL;FUNDACION;PRIVADA;INSTITUCION UNIVERSITARIA/ESCUELA TECNOLOGICA;ANTIOQUIA;MEDELLIN;Palacio Bellas Artes, Calle 52 No. 42-08;4447787;Ministerio de Educaci˘n Nacional;RESOLUCION;6342;17/10/2006;6;www.bellasartesmed.edu.co;NO;;;;;OMAR DARôO;LOPERA QUIRÖS;RECTOR;ACTA;6342;23/06/2017;27/06/2017;26/06/2018;FRANCOISE;COUPE DE RESTREPO;REPRESENTANTE LEGAL;ASAMBLEA GENERAL;3408;21/02/2017;22/02/2017;21/02/2019;;ANTIOQUIA;MEDELLIN
9129;FUNDACION UNIVERSITARIA CAFAM -UNICAFAM;ACTIVA;900262398-4;PRINCIPAL;FUNDACION;PRIVADA;INSTITUCION UNIVERSITARIA/ESCUELA TECNOLOGICA;BOGOTA D.C;BOGOTA D.C.;AVENIDA CRA 68 #90-88;6468000;MINISTERIO DE EDUCACION NACIONAL;RESOLUCION;9336;12/12/2008;16;www.unicafam.edu.co;NO;;;;;DIANA MARGARITA;P˘˘rez Camacho;RECTOR;ACTA C.S.;9336;29/10/2018;1/12/2018;30/11/2021;DIANA MARGARITA;P˘˘rez Camacho;REPRESENTANTE LEGAL;ACTA C.S.;7;29/10/2018;1/12/2018;30/11/2021;;BOGOTA D.C;BOGOTA D.C.
2732;FUNDACION UNIVERSITARIA CATOLICA DEL NORTE;ACTIVA;811.010.001-2;PRINCIPAL;FUNDACION;PRIVADA;INSTITUCION UNIVERSITARIA/ESCUELA TECNOLOGICA;ANTIOQUIA;SANTA ROSA DE OSOS;Carrera 21  34B -  07;8609822;MINISTERIO DE EDUCACION NACIONAL.;RESOLUCION;1671;20/05/1997;29;www.ucn.edu.co;NO;;;;GENERA Y TRASMITE EL CONOCIMIENTO CIENTôFICO, TECNOLÖGICO, PEDAGÖGICO Y CULTURAL MEDIANTE LA APLICACIÖN DE TECNOLOGôA A TRAVêS DE LA MODALIDAD VIRTUAL, FORMANDO PROFESIONALES CON SENTIDO CRISTIANO, LIDERAZGO SOCIAL  Y EMPRESARIAL QUE POSIBILITA SOLUCIÖN A LAS NECESIDADES DE LA REGIÖN.;DIEGO LUIS;RENDON URREA;RECTOR;DECRETO;1671;21/09/2015;1/11/2015;31/10/2019;DIEGO LUIS;RENDON URREA;REPRESENTANTE LEGAL;DECRETO;100;21/09/2015;1/11/2015;31/10/2019;;ANTIOQUIA;SANTA ROSA DE OSOS
9921;FUNDACION UNIVERSITARIA CATOLICA DEL SUR - UNICATOLICA DEL SUR;ACTIVA;900901398-1;PRINCIPAL;FUNDACION;PRIVADA;INSTITUCION UNIVERSITARIA/ESCUELA TECNOLOGICA;NARINIO;PASTO;CALLE 18 N˘ 56 -02;7216608;MINISTERIO DE EDUCACI˘N NACIONAL;RESOLUCION;15596;23/09/2015;1;www.;NO;;;;;JAIME ALBERTO;CABRERA ARCOS;RECTOR;ACUERDO;15596;10/01/2017;10/01/2017;8/01/2021;JAIME ALBERTO;CABRERA ARCOS;REPRESENTANTE LEGAL;ACUERDO;1;10/01/2017;10/01/2017;8/01/2021;;NARINIO;PASTO
2731;FUNDACION UNIVERSITARIA CATOLICA LUMEN GENTIUM;ACTIVA;800.185.664-6;PRINCIPAL;FUNDACION;PRIVADA;INSTITUCION UNIVERSITARIA/ESCUELA TECNOLOGICA;VALLE DEL CAUCA;CALI;Carrera 122  12 - 459 Pance;5552767;MINISTERIO DE EDUCACION NACIONAL.;RESOLUCION;944;19/03/1996;23;www.unicatolica.edu.co;NO;;;;MISION;HAROLD ENRIQUE;Banguero Lozano;RECTOR;DECRETO;944;21/01/2019;25/02/2019;25/02/2023;HAROLD ENRIQUE;Banguero Lozano;REPRESENTANTE LEGAL;DECRETO;1106;21/01/2019;25/02/2019;25/02/2023;;VALLE DEL CAUCA;CALI
9132;FUNDACION UNIVERSITARIA CIEO - UNICIEO;ACTIVA;900.372.111-1;PRINCIPAL;FUNDACION;PRIVADA;INSTITUCION UNIVERSITARIA/ESCUELA TECNOLOGICA;BOGOTA D.C;BOGOTA D.C.;Cra 5 Nõ 118-10;6371160;Ministerio de EducaciΩn Nacional;NO INFORMA;6168;14/07/2010;4;no disponible;NO;;;;;CAMILO;Quintana Mejia;RECTOR;ACTA;6168;13/01/2016;13/01/2016;31/12/2018;ENRIQUE;MEJIA BURGOS;REPRESENTANTE LEGAL;ACTA;4;9/08/2010;9/08/2010;;;BOGOTA D.C;BOGOTA D.C.
9116;FUNDACION UNIVERSITARIA CLARETIANA - UNICLARETIANA;ACTIVA;9000059366;PRINCIPAL;FUNDACION;PRIVADA;INSTITUCION UNIVERSITARIA/ESCUELA TECNOLOGICA;CHOCO;QUIBDO;Calle 20 No 5 - 66 Barrio La Yesquita;6711217;Ministerio de Educaci˘n Nacional;RESOLUCION;2233;23/06/2006;22;www.fucla.edu.co;NO;;;;;JOSê OSCAR;CÖRDOBA LIZCANO;RECTOR;ACTA FUNDA;2233;18/12/2015;1/01/2016;1/01/2018;JOSê OSCAR;CÖRDOBA LIZCANO;REPRESENTANTE LEGAL;ACTA FUNDA;14;18/12/2015;1/01/2016;1/01/2018;"CERES,RISARALDA,PUEBLO RICO;CENTROS TUTORIALES,BOGOTA D.C,BOGOTA D.C.;CENTROS TUTORIALES,CESAR,BOSCONIA;CENTROS TUTORIALES,CESAR,BOSCONIA;CENTROS TUTORIALES,CHOCO,ISTMINA;CENTROS TUTORIALES,HUILA,NEIVA;CENTROS TUTORIALES,GUAJIRA,URIBIA;CENTROS TUTORIALES,ANTIOQUIA,MEDELLIN;CENTROS TUTORIALES,ANTIOQUIA,MEDELLIN;CENTROS TUTORIALES,ANTIOQUIA,MEDELLIN;CENTROS TUTORIALES,RISARALDA,PEREIRA;CENTROS TUTORIALES,RISARALDA,PEREIRA;CENTROS TUTORIALES,SUCRE,SINCELEJO;CENTROS TUTORIALES,SUCRE,SINCELEJO;CENTROS TUTORIALES,VALLE DEL CAUCA,CALI;CENTROS TUTORIALES,VALLE DEL CAUCA,CALI;CENTROS TUTORIALES,VALLE DEL CAUCA,CALI;CENTROS TUTORIALES,ATLANTICO,BARRANQUILLA;";CHOCO;QUIBDO
9904;FUNDACION UNIVERSITARIA COLOMBO GERMANA;ACTIVA;900407222-1;PRINCIPAL;FUNDACION;PRIVADA;INSTITUCION UNIVERSITARIA/ESCUELA TECNOLOGICA;BOGOTA D.C;BOGOTA D.C.;Avenida Caracas #63-87;5879730;MINISTERIO DE EDUCACION NACIONAL;RESOLUCION;10263;22/11/2010;11;no disponible;NO;;;;;JULIANA;LESMES QUINTERO;RECTOR;ACTA;10263;15/02/2017;1/01/2017;31/12/2017;JAIRO;Lesmes Salazar;REPRESENTANTE LEGAL;ACTA;1;24/01/2019;24/01/2019;24/01/2021;;BOGOTA D.C;BOGOTA D.C.
9121;FUNDACION UNIVERSITARIA COLOMBO INTERNACIONAL - UNICOLOMBO;ACTIVA;900131269;PRINCIPAL;FUNDACION;PRIVADA;INSTITUCION UNIVERSITARIA/ESCUELA TECNOLOGICA;BOLIVAR;CARTAGENA;Centro, Calle de la Factoria 36-27;6600098;MINISTERIO DE EDUCACION NACIONAL;RESOLUCION;7774;1/12/2006;12;www.unicolombo.edu.co;NO;;;;;MARIO;RAMOS VELEZ;RECTOR;ACTA;7774;30/01/2009;12/02/2009;;MARIO;RAMOS VELEZ;REPRESENTANTE LEGAL SUPLENTE;ACUERDO;23;20/10/2016;1/12/2016;;;BOLIVAR;CARTAGENA
9121;FUNDACION UNIVERSITARIA COLOMBO INTERNACIONAL - UNICOLOMBO;ACTIVA;900131269;PRINCIPAL;FUNDACION;PRIVADA;INSTITUCION UNIVERSITARIA/ESCUELA TECNOLOGICA;BOLIVAR;CARTAGENA;Centro, Calle de la Factoria 36-27;6600098;MINISTERIO DE EDUCACION NACIONAL;RESOLUCION;7774;1/12/2006;12;www.unicolombo.edu.co;NO;;;;;MARIO;RAMOS VELEZ;RECTOR;ACTA;7774;30/01/2009;12/02/2009;;Manuel Domingo;Rojas Salgado;REPRESENTANTE LEGAL;ACUERDO C.S.;23;20/10/2016;1/12/2016;30/11/2018;;BOLIVAR;CARTAGENA
9922;FUNDACION UNIVERSITARIA COMFAMILIAR RISARALDA;ACTIVA;900893985-5;PRINCIPAL;FUNDACION;PRIVADA;INSTITUCION UNIVERSITARIA/ESCUELA TECNOLOGICA;RISARALDA;PEREIRA;CRA. 5 N˘ 21 - 30;3172400;MINISTERIO DE EDUCACI˘N NACIONAL;NO INFORMA;14053;7/09/2015;13;www.uc.edu.co;NO;;;;AAA;Oscar Javier;Zapata GΩmez;RECTOR;ACUERDO;14053;1/08/2017;1/08/2017;;Oscar Javier;Zapata GΩmez;REPRESENTANTE LEGAL;ACUERDO;45;1/08/2017;1/08/2017;;;RISARALDA;PEREIRA
9902;FUNDACION UNIVERSITARIA COMFENALCO SANTANDER;ACTIVA;900395956-5;PRINCIPAL;FUNDACION;PRIVADA;INSTITUCION UNIVERSITARIA/ESCUELA TECNOLOGICA;SANTANDER;BUCARAMANGA;Avenida Gonzˇlez Valencia #52-69;6577000;Ministerio de EducaciΩn Nacional;NO INFORMA;8562;27/09/2010;3;www.comfenalcosantander.com.co;NO;;;;;Carmen Cecilia;Quintero Lozano;RECTOR;ACTA;8562;13/09/2016;13/09/2016;12/09/2019;CARMEN CECILIA;QUINTERO LOZANO;REPRESENTANTE LEGAL SUPLENTE;ACTA;25;13/09/2016;13/09/2016;13/09/2019;;SANTANDER;BUCARAMANGA
9902;FUNDACION UNIVERSITARIA COMFENALCO SANTANDER;ACTIVA;900395956-5;PRINCIPAL;FUNDACION;PRIVADA;INSTITUCION UNIVERSITARIA/ESCUELA TECNOLOGICA;SANTANDER;BUCARAMANGA;Avenida Gonzˇlez Valencia #52-69;6577000;Ministerio de EducaciΩn Nacional;NO INFORMA;8562;27/09/2010;3;www.comfenalcosantander.com.co;NO;;;;;Carmen Cecilia;Quintero Lozano;RECTOR;ACTA;8562;13/09/2016;13/09/2016;12/09/2019;LUIS HERNAN;CORTES NIæO;REPRESENTANTE LEGAL;ACTA;6;29/10/2010;29/10/2010;28/10/2013;;SANTANDER;BUCARAMANGA
2702;FUNDACION UNIVERSITARIA DE CIENCIAS DE LA SALUD;ACTIVA;NO INFORMA;PRINCIPAL;FUNDACION;PRIVADA;INSTITUCION UNIVERSITARIA/ESCUELA TECNOLOGICA;BOGOTA D.C;BOGOTA D.C.;Carrera 19  8A-32;5998977;MINISTERIO DE EDUCACION NACIONAL.;RESOLUCION;10917;1/12/1976;64;www.fucsalud.edu.co;NO;;;;"LA FUNDACIÖN UNIVERSITARIA DE CIENCIAS DE LA SALUD ES UNA INSTITUCIÖN, QUE ASUME CON RESPONSABILIDAD LA FORMACIÖN INTEGRAL DE PROFESIONALES IDÖNEOS A NIVEL DE PREGRADO Y FORMACIÖN AVANZADA EN LOS CAMPOS DE LA TêCNICA, LA CIENCIA Y LA TECNOLOGôA; FUNDAMENTADA EN LOS PRINCIPIOS DE EXCELENCIA CIENTôFICA, SENTIDO êTICO, MORAL, HUMANôSTICO Y EL DESARROLLO DE CAPACIDADES DE LIDERAZGO, EFICIENCIA Y PROYECCIÖN SOCIAL, ESTIMULANDO LA INVESTIGACIÖN CIENTôFICA QUE PERMITA EL ANÊLISIS OBJETIVO Y RACIONAL DE LOS PROBLEMAS DE LA COMUNIDAD Y DESARROLLE PROPUESTAS PARA MEJORAR EL ENTORNO Y LA CALIDAD DE VIDA.";SERGIO AUGUSTO;PARRA DUARTE;RECTOR;ACUERDO C.S.;10917;3/04/2018;1/05/2018;30/04/2020;EDGAR ALBERTO;MUæOZ VARGAS;REPRESENTANTE LEGAL SUPLENTE;ACUERDO C.S.;3548;10/05/2016;1/05/2016;30/04/2018;;BOGOTA D.C;BOGOTA D.C.
2702;FUNDACION UNIVERSITARIA DE CIENCIAS DE LA SALUD;ACTIVA;NO INFORMA;PRINCIPAL;FUNDACION;PRIVADA;INSTITUCION UNIVERSITARIA/ESCUELA TECNOLOGICA;BOGOTA D.C;BOGOTA D.C.;Carrera 19  8A-32;5998977;MINISTERIO DE EDUCACION NACIONAL.;RESOLUCION;10917;1/12/1976;64;www.fucsalud.edu.co;NO;;;;"LA FUNDACIÖN UNIVERSITARIA DE CIENCIAS DE LA SALUD ES UNA INSTITUCIÖN, QUE ASUME CON RESPONSABILIDAD LA FORMACIÖN INTEGRAL DE PROFESIONALES IDÖNEOS A NIVEL DE PREGRADO Y FORMACIÖN AVANZADA EN LOS CAMPOS DE LA TêCNICA, LA CIENCIA Y LA TECNOLOGôA; FUNDAMENTADA EN LOS PRINCIPIOS DE EXCELENCIA CIENTôFICA, SENTIDO êTICO, MORAL, HUMANôSTICO Y EL DESARROLLO DE CAPACIDADES DE LIDERAZGO, EFICIENCIA Y PROYECCIÖN SOCIAL, ESTIMULANDO LA INVESTIGACIÖN CIENTôFICA QUE PERMITA EL ANÊLISIS OBJETIVO Y RACIONAL DE LOS PROBLEMAS DE LA COMUNIDAD Y DESARROLLE PROPUESTAS PARA MEJORAR EL ENTORNO Y LA CALIDAD DE VIDA.";SERGIO AUGUSTO;PARRA DUARTE;RECTOR;ACUERDO C.S.;10917;3/04/2018;1/05/2018;30/04/2020;SERGIO AUGUSTO;PARRA DUARTE;REPRESENTANTE LEGAL;ACUERDO C.S.;3536;26/04/2016;1/05/2016;30/04/2018;;BOGOTA D.C;BOGOTA D.C.
2717;FUNDACION UNIVERSITARIA DE GARCIA ROVIRA,NORTE Y GUTIERREZ;INACTIVA;* *;PRINCIPAL;FUNDACION;PRIVADA;INSTITUCION UNIVERSITARIA/ESCUELA TECNOLOGICA;SANTANDER;MALAGA;Ciudad Universitaria-Malaga;607353;MINISTERIO DE EDUCACION NACIONAL.;RESOLUCION;11815;7/08/1982;0;1;NO;;;;MISION;;;;;11815;;;;;;;;;;;;;SANTANDER;MALAGA
2715;FUNDACION UNIVERSITARIA DE POPAYAN;ACTIVA;891.501.835-6;PRINCIPAL;FUNDACION;PRIVADA;INSTITUCION UNIVERSITARIA/ESCUELA TECNOLOGICA;CAUCA;POPAYAN;Los Robles Km.. 8 v≠a al Sur;8238025;MINISTERIO DE EDUCACION NACIONAL.;RESOLUCION;10161;28/06/1983;28;www.fup.edu.co;NO;;;;CONTRIBUIR A LA FORMACIÖN INTEGRAL DE SERES HUMANOS QUE COMPROMETASN SUS ESFUERZOS EN EL DESARROLLO SOSTENIBLE DE LA REGIÖN Y DEL PAôS, SOBRE LA BASE DEL RESPETO MUTUO, LA PRACTICA DE LOS VALORES Y DE LA êTICA.;MARIO ALFREDO;POLO CASTELLANOS;RECTOR;RESOLUCION;10161;14/09/2006;1/10/2006;;MARIO ALFREDO;POLO CASTELLANOS;REPRESENTANTE LEGAL;RESOLUCION;1;14/09/2006;1/10/2006;;;CAUCA;POPAYAN
2724;FUNDACION UNIVERSITARIA DE SAN GIL - UNISANGIL -;ACTIVA;800.152.804-4;PRINCIPAL;FUNDACION;PRIVADA;INSTITUCION UNIVERSITARIA/ESCUELA TECNOLOGICA;SANTANDER;SAN GIL;Km. 2  via San Gil - Charalˇ;7245757;MINISTERIO DE EDUCACION NACIONAL.;RESOLUCION;10989;18/10/1991;41;www.unisangil.edu.co;NO;;;;MISION;Franklin;Figueroa Caballero;RECTOR;ACUERDO C.S.;10989;11/11/2016;3/01/2017;2/01/2020;Franklin;Figueroa Caballero;REPRESENTANTE LEGAL;ACUERDO C.S.;242;11/11/2016;3/01/2017;2/01/2020;"CERES,SANTANDER,SUAITA;CENTROS TUTORIALES,BOYACA,CHIQUINQUIRA;CENTROS TUTORIALES,CASANARE,VILLANUEVA;";SANTANDER;SAN GIL
2728;FUNDACION UNIVERSITARIA DEL AREA ANDINA;ACTIVA;860.517.302;PRINCIPAL;FUNDACION;PRIVADA;INSTITUCION UNIVERSITARIA/ESCUELA TECNOLOGICA;BOGOTA D.C;BOGOTA D.C.;Clle 71 No. 13-21;3466600;MINISTERIO DE EDUCACION NACIONAL.;RESOLUCION;22215;9/12/1983;69;www.areanadina.edu.co;NO;;;;MISION;JOSE LEONARDO;Valencia Molano;RECTOR;ACTA;22215;14/11/2017;3/01/2018;;JOSE LEONARDO;Valencia Molano;REPRESENTANTE LEGAL;ACTA;2;14/11/2017;3/01/2018;;;BOGOTA D.C;BOGOTA D.C.
2737;FUNDACION UNIVERSITARIA DEL AREA ANDINA;ACTIVA;860.517.302-1;SECCIONAL;FUNDACION;PRIVADA;INSTITUCION UNIVERSITARIA/ESCUELA TECNOLOGICA;RISARALDA;PEREIRA;Calle 24 No.8-55;3255992;MINISTERIO DE EDUCACION NACIONAL.;RESOLUCION;22215;9/12/1983;26;www.funandi.edu.co;NO;;;;"LA FUNDACIÖN UNIVERSITARIA DEL ÊREA ANDINA ES UNA INSTITUCIÖN DE EDUCACIÖN SUPERIOR COMPROMETIDA CON LA FORMACIÖN INTEGRAL Y PERMANENTE DE PERSONAS, CON VISIÖN EMPRENDEDORA, HUMANISTA Y SOCIAL, MEDIANTE LA UTILIZACIÖN ADECUADA DE LA TêCNICA, LA TECNOLOGôA Y LA CIENCIA; PARA DAR RESPUESTA A LAS NECESIDADES DEL PAôS Y LA SOCIEDAD DESDE UNA PERSPECTIVA CREATIVA E INVESTIGATIVA.";FELIPE;BAENA BOTERO;RECTOR;NO INFORMA;22215;11/02/2019;11/02/2019;;FELIPE;BAENA BOTERO;REPRESENTANTE LEGAL;NO INFORMA;5;11/02/2019;11/02/2019;;"CONVENIO,RISARALDA,PEREIRA;CONVENIO,RISARALDA,PEREIRA;";RISARALDA;PEREIRA
2738;FUNDACION UNIVERSITARIA EMPRESARIAL DE LA CAMARA DE COMERCIO DE BOGOTA;ACTIVA;830.084.876.6;PRINCIPAL;FUNDACION;PRIVADA;INSTITUCION UNIVERSITARIA/ESCUELA TECNOLOGICA;BOGOTA D.C;BOGOTA D.C.;Carrera 33 A No.30-20;5082244;MINISTERIO DE EDUCACION NACIONAL;RESOLUCION;598;2/04/2001;11;www.uniempresarial.edu.co;NO;;;;;ALVARO;CARRIZOSA DE LA TORRE;RECTOR;ACTA;598;30/05/2018;20/05/2018;20/05/2021;ALVARO;Carrizosa De la Torre;REPRESENTANTE LEGAL;ACTA C.S.;78;16/04/2015;19/05/2015;19/05/2018;;BOGOTA D.C;BOGOTA D.C.
3720;FUNDACION UNIVERSITARIA ESUMER;ACTIVA;890981796-1;PRINCIPAL;FUNDACION;PRIVADA;INSTITUCION UNIVERSITARIA/ESCUELA TECNOLOGICA;ANTIOQUIA;MEDELLIN;Calle 76  80-126 Carretera al Mar;2646011;MINISTERIO DE EDUCACION NACIONAL;RESOLUCION;2389;12/05/1975;25;www.esumer.edu.co;NO;;;;ESUMER ES UNA INSTITUCION SOCIAL DE EDUCACION SUPERIOR, QUE BAJO CRITERIOS DE COMPETITIVIDAD, SE ORIENTA AL DESARROLLO DE LAS CAPACIDADES HUMANAS Y PROFESIONALES DE LAS PERSONAS, A TRAVêS DEL FOMENTO DEL CONOCIMIENTO CIENTôFICO, êTICO, TECNOLÖGICO Y CULTURAL, QUE LOS CARACTERIZA COMO PERSONAS INTEGRALES Y ACTORES DEL PROCESO DE GLOBALIZACIÖN Y PRESERVACIÖN DEL MEDIO AMBIENTE, PARA APROPIARSE PROACTIVAMENTE DE SU RESPONSABILIDAD ANTE EL SECTOR PRODUCTIVO Y LA SOCIEDAD.;JOHN ROMEIRO;Serna Pelaez;RECTOR;ACTA C.S.;2389;14/03/2018;27/04/2018;26/04/2020;JOHN ROMEIRO;Serna Pelaez;REPRESENTANTE LEGAL;ACTA C.S.;mar-18;14/03/2018;27/04/2018;26/04/2020;;ANTIOQUIA;MEDELLIN
9925;FUNDACION UNIVERSITARIA FCV;ACTIVA;901045132-6;PRINCIPAL;FUNDACION;PRIVADA;INSTITUCION UNIVERSITARIA/ESCUELA TECNOLOGICA;SANTANDER;FLORIDABLANCA;Calle 155A No. 23-58 Urbanizaci˘n El Bosque;6399292;MINISTERIO DE EDUCACION NACIONAL;RESOLUCION;21212;10/11/2016;0;no informa;NO;;;;;Jorge;GΩmez Duarte;RECTOR;ACUERDO;21212;20/04/2017;20/04/2017;19/04/2020;Jorge;GΩmez Duarte;REPRESENTANTE LEGAL;ACUERDO;1;20/04/2017;20/04/2017;19/04/2020;;SANTANDER;FLORIDABLANCA
4721;FUNDACION UNIVERSITARIA HORIZONTE;ACTIVA;860.516.580-6;PRINCIPAL;FUNDACION;PRIVADA;INSTITUCION UNIVERSITARIA/ESCUELA TECNOLOGICA;BOGOTA D.C;BOGOTA D.C.;Calle 69 No. 14-30;7437270;MINISTERIO DE EDUCACION NACIONAL;RESOLUCION;11106;13/07/1983;22;www.insutec.edu.co;NO;;;;"EL DESARROLLO DE SUS FUNCIONES DE ENSE?ANZA, INSUTEC, BUSCARA QUE TODO EL PERSONAL DE LA INSTITUCION, VIVENCIE LOS VALORES ESTETICOS Y SOCIALES, EL VALOR INTRINSECO DE LA CIENCIA Y LA INVESTIGACION, EL EXAMEN CRITICO DE LOS CONOCIEMTOS Y LA APLICACION DE LOS MISMOS.  CONSIDERA INDISPENSABLE EL ESTUDIO Y LA BUSQUEDA DE PROPUESTAS DE SOLUCION A LA PROBLEMATICA DE LA SOCIEDAD, CON MIRAS A LA FORMACION INTEGRAL DEL HOMBRE COLOMBIANO Y REAFIRME L PRIMACIA DE LA PERSONA HUMANA EN LA ORGANIZACION DE LA SOCIEDAD Y DEL ESTADO IRRADIANDO Y FOMENTANDO VIRTUDES CIMIENTAN LA NACIONALIDAD, RESPETANDO Y PROMOVIENDO SU IDENTIDAD, FOMENTANDO A TRAVES DE SUS ACTIVIDADES EL EJERCICIO DE LA LIBERTAD, LA JUSTICIA Y DE LA PAZ.

LAS FUNCIONES BASICAS DE INSUTEC, PARA EL PROYECTO EDUCATIVO DE ACUERDO AL ESTATUTO ORGANICO Y A SUS PRINCIPIOS GENERALES INTEGRADOS Y DESTACANDO AQUELLO QUE CONSIDERA ESPECIFICO Y PROPIO.  DE ESTA MANERA SE RESALTAN Y COMPLEMENTAN LOS SIGUIENTES PRINCIPIOS.";CARLOS EDUARDO;RODRIGUEZ PULIDO;RECTOR;ACTA C.S.;11106;26/08/2015;1/09/2015;30/08/2019;CLAUDIA XIMENA;TORRES ORTEGA;REPRESENTANTE LEGAL;ACUERDO C.S.;63;14/01/2019;15/02/2019;;;BOGOTA D.C;BOGOTA D.C.
9924;FUNDACION UNIVERSITARIA INTERNACIONAL DE COLOMBIA - UNINCOL;ACTIVA;901.040.737-9;PRINCIPAL;FUNDACION;PRIVADA;INSTITUCION UNIVERSITARIA/ESCUELA TECNOLOGICA;BOGOTA D.C;BOGOTA D.C.;Calle 39A No. 19-18;7810645;Ministerio de Educacion Nacional;RESOLUCION;21328;15/11/2016;1;www.unincol.edu.co;NO;;;;;JOANNA ALEXANDRA;ACEVEDO TERAN;RECTOR;ACTA;21328;12/12/2016;12/12/2016;12/12/2018;JOANNA ALEXANDRA;ACEVEDO TERAN;REPRESENTANTE LEGAL;ACTA;1;12/12/2016;12/12/2016;12/12/2018;;BOGOTA D.C;BOGOTA D.C.
9926;FUNDACION UNIVERSITARIA INTERNACIONAL DE LA RIOJA - UNIR;ACTIVA;901096617-4;PRINCIPAL;FUNDACION;PRIVADA;INSTITUCION UNIVERSITARIA/ESCUELA TECNOLOGICA;BOGOTA D.C;BOGOTA D.C.;Calle 100  19-61 Piso 8;5169659;ASAMBLEA DE FUNDADORES;NO INFORMA;1;24/07/2015;1;unir;NO;;;;;JOSE HUMBERTO;Serna Gomez;RECTOR;ACTA;1;25/07/2017;25/07/2017;25/07/2021;HERNAN JAVIER;Pulido Cardozo;REPRESENTANTE LEGAL;ACTA;1;25/07/2017;25/07/2017;25/07/2019;;BOGOTA D.C;BOGOTA D.C.
2743;FUNDACION UNIVERSITARIA INTERNACIONAL DEL TROPICO AMERICANO;ACTIVA;844.002.071 -4;PRINCIPAL;FUNDACION;PRIVADA;INSTITUCION UNIVERSITARIA/ESCUELA TECNOLOGICA;CASANARE;YOPAL;Carrera 19  39 - 40;6320700;MINISTERIO DE EDUCACION NACIONAL;RESOLUCION;1311;11/06/2002;32;www.unitropico.edu.co;NO;;;;;ORIOL;Jimenez Silva;RECTOR;ACTA C.S.;1311;14/09/2017;1/04/2018;31/03/2021;ORIOL;Jimenez Silva;REPRESENTANTE LEGAL;ACTA C.S.;10;14/09/2017;1/04/2018;31/03/2021;"CERES,CASANARE,PAZ DE ARIPORO;";CASANARE;YOPAL
2720;FUNDACION UNIVERSITARIA JUAN DE CASTELLANOS;ACTIVA;800057330 -3;PRINCIPAL;FUNDACION;PRIVADA;INSTITUCION UNIVERSITARIA/ESCUELA TECNOLOGICA;BOYACA;TUNJA;Carrera 11 11-16;7470333;MINISTERIO DE EDUCACION NACIONAL;RESOLUCION;2085;24/03/1987;31;www.jdc.edu.co;NO;;;;MISION;LUIS ENRIQUE;P˘rez Ojeda;RECTOR;DECRETO;2085;12/10/2018;1/01/2019;31/12/2023;MARIA DEL CARMEN;RODRIGUEZ MESA;REPRESENTANTE LEGAL (E);DECRETO;24;6/11/2015;14/11/2015;11/12/2015;"CENTROS TUTORIALES,BOGOTA D.C,BOGOTA D.C.;CENTROS TUTORIALES,BOLIVAR,CARTAGENA;CENTROS TUTORIALES,ANTIOQUIA,MEDELLIN;CENTROS TUTORIALES,NARINIO,PASTO;CENTROS TUTORIALES,SANTANDER,BUCARAMANGA;CENTROS TUTORIALES,ATLANTICO,BARRANQUILLA;";BOYACA;TUNJA
2720;FUNDACION UNIVERSITARIA JUAN DE CASTELLANOS;ACTIVA;800057330 -3;PRINCIPAL;FUNDACION;PRIVADA;INSTITUCION UNIVERSITARIA/ESCUELA TECNOLOGICA;BOYACA;TUNJA;Carrera 11 11-16;7470333;MINISTERIO DE EDUCACION NACIONAL;RESOLUCION;2085;24/03/1987;31;www.jdc.edu.co;NO;;;;MISION;LUIS ENRIQUE;P˘rez Ojeda;RECTOR;DECRETO;2085;12/10/2018;1/01/2019;31/12/2023;LUIS ENRIQUE;PEREZ OJEDA;REPRESENTANTE LEGAL;DECRETO;21;18/11/2013;1/01/2014;31/12/2018;"CENTROS TUTORIALES,BOGOTA D.C,BOGOTA D.C.;CENTROS TUTORIALES,BOLIVAR,CARTAGENA;CENTROS TUTORIALES,ANTIOQUIA,MEDELLIN;CENTROS TUTORIALES,NARINIO,PASTO;CENTROS TUTORIALES,SANTANDER,BUCARAMANGA;CENTROS TUTORIALES,ATLANTICO,BARRANQUILLA;";BOYACA;TUNJA
2707;FUNDACION UNIVERSITARIA JUAN N. CORPAS;ACTIVA;860.038.374-4;PRINCIPAL;FUNDACION;PRIVADA;INSTITUCION UNIVERSITARIA/ESCUELA TECNOLOGICA;BOGOTA D.C;BOGOTA D.C.;Avenida Corpas  Km. 3  Suba;6622222;MINISTERIO DE EDUCACION NACIONAL.;RESOLUCION;2105;29/03/1974;14;www.juancorpas.edu.co;NO;;;;"LA ESCUELA DE MEDICINA J.N. CORPAS, TENDRA COMO FINALIDAD EN EL DESARROLLO DE SUS ACTIVIDADES COMO INSTITUCION UNIVERSITARIA DE EDUCACION SUPERIOR, ESPECIALIZADA EN LOS CAMPOS DE LA MEDICINA Y SALUD HUMANA, CON CRITERIO DE UNIVERSALIDAD, SENTIDO SOCIAL Y ESPIRITU ECOLOGISTA, LA REALIZACION DE INVESTIGACION CIENTIFICA Y TECNOLOGICA; LA FORMACION ACADEMICA EN PROFESIONES, DISCIPLINAS Y OCUPACIONES AFINES Y LA PRODUCCION, DESARROLLO Y TRASMISION DEL CONOCIMIENTO Y DE LA CULTURA UNUVERSAL Y NACIONAL. IGUALMENTE ADELANTARA PROGRAMAS AVANZADOS Y DE ESPECIALIZACION, MAESTRIA, DOCTORADO Y POSDOCTORADO DE CONFORMIDAD CON LA LEY.
LA CONDUCTA DE SUS MIEMBROS SE REGIRA POR EL DEBIDO RESPETO Y REVERENCIA PORT LA VIDA EN TODAS SUS MANIFESTACIONES, ESPECIALMENTE DE LA VIDA HUMANA; LA CONSIDERACION DEL INDIVIDUO COMO PERSONA; LA DIFUSION DE LA CULTURA; LA FORMACION ETICA Y CIVICA; EL ACATAMIENTO DE LAS LEYES Y LA MORAL SOCIALMENTE ACEPTADA; EL RECHAZO POR TODAS LAS FORMAS DE VIOLENCIA Y LA BUSQUEDA DE LA ARMONIA SOCIAL. TAMBIEN SE PROCURARA EL RECONOCIMIENTO DE LOS MERITOS, ESFUERZOS Y APORTES QUE BENEFICIEN A LA ENTIDAD, ASI COMO POR GENERAR ESTIMULOS PARA LA SUPERACION PERSONAL Y COLECTIVA";Luis Gabriel;Piœeros Ricardo;RECTOR SUPLENTE;RESOLUCION;2105;4/08/2016;5/08/2016;4/08/2018;Luis Gabriel;Piœeros Ricardo;REPRESENTANTE LEGAL SUPLENTE;RESOLUCION;3;4/08/2016;5/08/2016;4/08/2018;;BOGOTA D.C;BOGOTA D.C.
2707;FUNDACION UNIVERSITARIA JUAN N. CORPAS;ACTIVA;860.038.374-4;PRINCIPAL;FUNDACION;PRIVADA;INSTITUCION UNIVERSITARIA/ESCUELA TECNOLOGICA;BOGOTA D.C;BOGOTA D.C.;Avenida Corpas  Km. 3  Suba;6622222;MINISTERIO DE EDUCACION NACIONAL.;RESOLUCION;2105;29/03/1974;14;www.juancorpas.edu.co;NO;;;;"LA ESCUELA DE MEDICINA J.N. CORPAS, TENDRA COMO FINALIDAD EN EL DESARROLLO DE SUS ACTIVIDADES COMO INSTITUCION UNIVERSITARIA DE EDUCACION SUPERIOR, ESPECIALIZADA EN LOS CAMPOS DE LA MEDICINA Y SALUD HUMANA, CON CRITERIO DE UNIVERSALIDAD, SENTIDO SOCIAL Y ESPIRITU ECOLOGISTA, LA REALIZACION DE INVESTIGACION CIENTIFICA Y TECNOLOGICA; LA FORMACION ACADEMICA EN PROFESIONES, DISCIPLINAS Y OCUPACIONES AFINES Y LA PRODUCCION, DESARROLLO Y TRASMISION DEL CONOCIMIENTO Y DE LA CULTURA UNUVERSAL Y NACIONAL. IGUALMENTE ADELANTARA PROGRAMAS AVANZADOS Y DE ESPECIALIZACION, MAESTRIA, DOCTORADO Y POSDOCTORADO DE CONFORMIDAD CON LA LEY.
LA CONDUCTA DE SUS MIEMBROS SE REGIRA POR EL DEBIDO RESPETO Y REVERENCIA PORT LA VIDA EN TODAS SUS MANIFESTACIONES, ESPECIALMENTE DE LA VIDA HUMANA; LA CONSIDERACION DEL INDIVIDUO COMO PERSONA; LA DIFUSION DE LA CULTURA; LA FORMACION ETICA Y CIVICA; EL ACATAMIENTO DE LAS LEYES Y LA MORAL SOCIALMENTE ACEPTADA; EL RECHAZO POR TODAS LAS FORMAS DE VIOLENCIA Y LA BUSQUEDA DE LA ARMONIA SOCIAL. TAMBIEN SE PROCURARA EL RECONOCIMIENTO DE LOS MERITOS, ESFUERZOS Y APORTES QUE BENEFICIEN A LA ENTIDAD, ASI COMO POR GENERAR ESTIMULOS PARA LA SUPERACION PERSONAL Y COLECTIVA";Ana Maria;Piœeros Ricardo;RECTOR;RESOLUCION;2105;4/08/2016;5/08/2016;4/08/2018;Ana Maria;Piœeros Ricardo;REPRESENTANTE LEGAL;RESOLUCION;3;4/08/2016;5/08/2016;4/08/2018;;BOGOTA D.C;BOGOTA D.C.
2707;FUNDACION UNIVERSITARIA JUAN N. CORPAS;ACTIVA;860.038.374-4;PRINCIPAL;FUNDACION;PRIVADA;INSTITUCION UNIVERSITARIA/ESCUELA TECNOLOGICA;BOGOTA D.C;BOGOTA D.C.;Avenida Corpas  Km. 3  Suba;6622222;MINISTERIO DE EDUCACION NACIONAL.;RESOLUCION;2105;29/03/1974;14;www.juancorpas.edu.co;NO;;;;"LA ESCUELA DE MEDICINA J.N. CORPAS, TENDRA COMO FINALIDAD EN EL DESARROLLO DE SUS ACTIVIDADES COMO INSTITUCION UNIVERSITARIA DE EDUCACION SUPERIOR, ESPECIALIZADA EN LOS CAMPOS DE LA MEDICINA Y SALUD HUMANA, CON CRITERIO DE UNIVERSALIDAD, SENTIDO SOCIAL Y ESPIRITU ECOLOGISTA, LA REALIZACION DE INVESTIGACION CIENTIFICA Y TECNOLOGICA; LA FORMACION ACADEMICA EN PROFESIONES, DISCIPLINAS Y OCUPACIONES AFINES Y LA PRODUCCION, DESARROLLO Y TRASMISION DEL CONOCIMIENTO Y DE LA CULTURA UNUVERSAL Y NACIONAL. IGUALMENTE ADELANTARA PROGRAMAS AVANZADOS Y DE ESPECIALIZACION, MAESTRIA, DOCTORADO Y POSDOCTORADO DE CONFORMIDAD CON LA LEY.
LA CONDUCTA DE SUS MIEMBROS SE REGIRA POR EL DEBIDO RESPETO Y REVERENCIA PORT LA VIDA EN TODAS SUS MANIFESTACIONES, ESPECIALMENTE DE LA VIDA HUMANA; LA CONSIDERACION DEL INDIVIDUO COMO PERSONA; LA DIFUSION DE LA CULTURA; LA FORMACION ETICA Y CIVICA; EL ACATAMIENTO DE LAS LEYES Y LA MORAL SOCIALMENTE ACEPTADA; EL RECHAZO POR TODAS LAS FORMAS DE VIOLENCIA Y LA BUSQUEDA DE LA ARMONIA SOCIAL. TAMBIEN SE PROCURARA EL RECONOCIMIENTO DE LOS MERITOS, ESFUERZOS Y APORTES QUE BENEFICIEN A LA ENTIDAD, ASI COMO POR GENERAR ESTIMULOS PARA LA SUPERACION PERSONAL Y COLECTIVA";Ana Maria;Piœeros Ricardo;RECTOR;RESOLUCION;2105;4/08/2016;5/08/2016;4/08/2018;Luis Gabriel;Piœeros Ricardo;REPRESENTANTE LEGAL SUPLENTE;RESOLUCION;3;4/08/2016;5/08/2016;4/08/2018;;BOGOTA D.C;BOGOTA D.C.
2707;FUNDACION UNIVERSITARIA JUAN N. CORPAS;ACTIVA;860.038.374-4;PRINCIPAL;FUNDACION;PRIVADA;INSTITUCION UNIVERSITARIA/ESCUELA TECNOLOGICA;BOGOTA D.C;BOGOTA D.C.;Avenida Corpas  Km. 3  Suba;6622222;MINISTERIO DE EDUCACION NACIONAL.;RESOLUCION;2105;29/03/1974;14;www.juancorpas.edu.co;NO;;;;"LA ESCUELA DE MEDICINA J.N. CORPAS, TENDRA COMO FINALIDAD EN EL DESARROLLO DE SUS ACTIVIDADES COMO INSTITUCION UNIVERSITARIA DE EDUCACION SUPERIOR, ESPECIALIZADA EN LOS CAMPOS DE LA MEDICINA Y SALUD HUMANA, CON CRITERIO DE UNIVERSALIDAD, SENTIDO SOCIAL Y ESPIRITU ECOLOGISTA, LA REALIZACION DE INVESTIGACION CIENTIFICA Y TECNOLOGICA; LA FORMACION ACADEMICA EN PROFESIONES, DISCIPLINAS Y OCUPACIONES AFINES Y LA PRODUCCION, DESARROLLO Y TRASMISION DEL CONOCIMIENTO Y DE LA CULTURA UNUVERSAL Y NACIONAL. IGUALMENTE ADELANTARA PROGRAMAS AVANZADOS Y DE ESPECIALIZACION, MAESTRIA, DOCTORADO Y POSDOCTORADO DE CONFORMIDAD CON LA LEY.
LA CONDUCTA DE SUS MIEMBROS SE REGIRA POR EL DEBIDO RESPETO Y REVERENCIA PORT LA VIDA EN TODAS SUS MANIFESTACIONES, ESPECIALMENTE DE LA VIDA HUMANA; LA CONSIDERACION DEL INDIVIDUO COMO PERSONA; LA DIFUSION DE LA CULTURA; LA FORMACION ETICA Y CIVICA; EL ACATAMIENTO DE LAS LEYES Y LA MORAL SOCIALMENTE ACEPTADA; EL RECHAZO POR TODAS LAS FORMAS DE VIOLENCIA Y LA BUSQUEDA DE LA ARMONIA SOCIAL. TAMBIEN SE PROCURARA EL RECONOCIMIENTO DE LOS MERITOS, ESFUERZOS Y APORTES QUE BENEFICIEN A LA ENTIDAD, ASI COMO POR GENERAR ESTIMULOS PARA LA SUPERACION PERSONAL Y COLECTIVA";Luis Gabriel;Piœeros Ricardo;RECTOR SUPLENTE;RESOLUCION;2105;4/08/2016;5/08/2016;4/08/2018;Ana Maria;Piœeros Ricardo;REPRESENTANTE LEGAL;RESOLUCION;3;4/08/2016;5/08/2016;4/08/2018;;BOGOTA D.C;BOGOTA D.C.
2712;FUNDACION UNIVERSITARIA KONRAD LORENZ;ACTIVA;860.504.759-5;PRINCIPAL;FUNDACION;PRIVADA;INSTITUCION UNIVERSITARIA/ESCUELA TECNOLOGICA;BOGOTA D.C;BOGOTA D.C.;Carrera 9 Bis  62-43;3472311;MINISTERIO DE EDUCACION NACIONAL.;RESOLUCION;18537;4/11/1981;16;www.konradlorenz.edu.co;NO;;;;"LA MISION INSTITUCIONAL
LA FUNDACION UNIVERSITARIA KONRAD LORENZ ES UNA ENTIDAD DE EDUCACION SUPERIOR, SIN ANIMO DE LUCRO, DEDICADA A LA GENERACION, ENSEæANZA Y DIFUSION DEL CONOCIMIENTO CIENTIFICO Y CULTURAL; ESTA ABIERTA A LAS PRINCIPALES CORRIENTES DEL PENSAMIENTO Y DEL CONOCIMIENTO UNIVERSAL Y DESARROLLA Y PROMUEVE LA INVESTIGACION CON LA FINALIDAD DESINTERESADA DE CONOCER LA VERDAD Y CON EL PROPOSITO DE ENCONTRAR FORMAS Y PROCEDIMIENTOS VALIDOS PARA LA SOLUCION DE LOS PROBLEMAS SOCIALES DE NUESTRO PAIS.";Lina;Uribe Correa;RECTOR;ACUERDO;18537;10/03/2017;21/03/2017;20/03/2019;Luis Fernando;Fajardo Forero;REPRESENTANTE LEGAL SUPLENTE;ACTA;2;29/06/2017;27/06/2017;27/06/2019;;BOGOTA D.C;BOGOTA D.C.
2712;FUNDACION UNIVERSITARIA KONRAD LORENZ;ACTIVA;860.504.759-5;PRINCIPAL;FUNDACION;PRIVADA;INSTITUCION UNIVERSITARIA/ESCUELA TECNOLOGICA;BOGOTA D.C;BOGOTA D.C.;Carrera 9 Bis  62-43;3472311;MINISTERIO DE EDUCACION NACIONAL.;RESOLUCION;18537;4/11/1981;16;www.konradlorenz.edu.co;NO;;;;"LA MISION INSTITUCIONAL
LA FUNDACION UNIVERSITARIA KONRAD LORENZ ES UNA ENTIDAD DE EDUCACION SUPERIOR, SIN ANIMO DE LUCRO, DEDICADA A LA GENERACION, ENSEæANZA Y DIFUSION DEL CONOCIMIENTO CIENTIFICO Y CULTURAL; ESTA ABIERTA A LAS PRINCIPALES CORRIENTES DEL PENSAMIENTO Y DEL CONOCIMIENTO UNIVERSAL Y DESARROLLA Y PROMUEVE LA INVESTIGACION CON LA FINALIDAD DESINTERESADA DE CONOCER LA VERDAD Y CON EL PROPOSITO DE ENCONTRAR FORMAS Y PROCEDIMIENTOS VALIDOS PARA LA SOLUCION DE LOS PROBLEMAS SOCIALES DE NUESTRO PAIS.";Lina;Uribe Correa;RECTOR;ACUERDO;18537;10/03/2017;21/03/2017;20/03/2019;Jenny Sonia;Fajardo Forero;REPRESENTANTE LEGAL;ACTA;2;29/06/2017;27/06/2017;27/06/2019;;BOGOTA D.C;BOGOTA D.C.
2712;FUNDACION UNIVERSITARIA KONRAD LORENZ;ACTIVA;860.504.759-5;PRINCIPAL;FUNDACION;PRIVADA;INSTITUCION UNIVERSITARIA/ESCUELA TECNOLOGICA;BOGOTA D.C;BOGOTA D.C.;Carrera 9 Bis  62-43;3472311;MINISTERIO DE EDUCACION NACIONAL.;RESOLUCION;18537;4/11/1981;16;www.konradlorenz.edu.co;NO;;;;"LA MISION INSTITUCIONAL
LA FUNDACION UNIVERSITARIA KONRAD LORENZ ES UNA ENTIDAD DE EDUCACION SUPERIOR, SIN ANIMO DE LUCRO, DEDICADA A LA GENERACION, ENSEæANZA Y DIFUSION DEL CONOCIMIENTO CIENTIFICO Y CULTURAL; ESTA ABIERTA A LAS PRINCIPALES CORRIENTES DEL PENSAMIENTO Y DEL CONOCIMIENTO UNIVERSAL Y DESARROLLA Y PROMUEVE LA INVESTIGACION CON LA FINALIDAD DESINTERESADA DE CONOCER LA VERDAD Y CON EL PROPOSITO DE ENCONTRAR FORMAS Y PROCEDIMIENTOS VALIDOS PARA LA SOLUCION DE LOS PROBLEMAS SOCIALES DE NUESTRO PAIS.";Lina;Uribe Correa;RECTOR;ACUERDO;18537;10/03/2017;21/03/2017;20/03/2019;Lina;Uribe Correa;REPRESENTANTE LEGAL (E);ACUERDO C.S.;15;8/09/2016;14/09/2016;4/10/2016;;BOGOTA D.C;BOGOTA D.C.
2713;FUNDACION UNIVERSITARIA LOS LIBERTADORES;ACTIVA;NO INFORMA;PRINCIPAL;FUNDACION;PRIVADA;INSTITUCION UNIVERSITARIA/ESCUELA TECNOLOGICA;BOGOTA D.C;BOGOTA D.C.;Carrera 16  63A-68;2544750;MINISTERIO DE EDUCACION NACIONAL;RESOLUCION;7542;18/05/1982;32;No disponible;NO;;;;"ES LA FORMACIÖN INTEGRAL DE SUS MIEMBROS  CON SÖLIDOS CONOCIMIENTOS CIENTôFICOS Y PROFESIONALES; PERSONAS CREATIVAS, GENERADORAS DE DESARROLLO CIENTIFôCO, EMPRESARIAL, CULTURAL Y DE GRAN CAPACIDAD DE SERVICIO COMO AGENTES DE CAMBIO, CON PROFUNDO SENTIDO DE JUSTICIA Y SOLIDARIDA HUMANA, AMOR  POR LOS VALORES DE LA NACIONALIDAD Y ACTITUD êTICA EN EL EJERCICIO DE SU PROFESIÖN";RICARDO;SANTAMARIA SALAMANCA;RECTOR;ACUERDO;7542;16/03/2018;7/05/2018;;RICARDO;SANTAMARI˘A SALAMANCA;REPRESENTANTE LEGAL;ACUERDO;2;16/03/2018;7/05/2018;;;BOGOTA D.C;BOGOTA D.C.
9910;FUNDACION UNIVERSITARIA LUIS G. PAEZ - UNILUISGPAEZ;ACTIVA;900511207-5;PRINCIPAL;FUNDACION;PRIVADA;INSTITUCION UNIVERSITARIA/ESCUELA TECNOLOGICA;BOGOTA D.C;BOGOTA D.C.;Carrera 5 #65-50;3452497;Ministerio de EducaciΩn Nacional;NO INFORMA;10733;23/11/2011;2;www.uniluisgpaez.edu.co;NO;;;;;LUZ MARINA;LOPEZ MARTINEZ;RECTOR(E);ACTA C.D.;10733;2/08/2017;9/08/2017;31/12/2017;LUZ MARINA;LOPEZ MARTINEZ;REPRESENTANTE LEGAL (E);ACTA C.D.;9;2/08/2017;9/08/2017;31/12/2017;;BOGOTA D.C;BOGOTA D.C.
9910;FUNDACION UNIVERSITARIA LUIS G. PAEZ - UNILUISGPAEZ;ACTIVA;900511207-5;PRINCIPAL;FUNDACION;PRIVADA;INSTITUCION UNIVERSITARIA/ESCUELA TECNOLOGICA;BOGOTA D.C;BOGOTA D.C.;Carrera 5 #65-50;3452497;Ministerio de EducaciΩn Nacional;NO INFORMA;10733;23/11/2011;2;www.uniluisgpaez.edu.co;NO;;;;;JOSE LIBARDO;ROJAS AMAYA;RECTOR;ACTA;10733;28/11/2016;14/12/2016;14/12/2021;JOSE LIBARDO;ROJAS AMAYA;REPRESENTANTE LEGAL;ACTA C.D.;17;28/11/2016;14/12/2016;14/12/2021;;BOGOTA D.C;BOGOTA D.C.
9910;FUNDACION UNIVERSITARIA LUIS G. PAEZ - UNILUISGPAEZ;ACTIVA;900511207-5;PRINCIPAL;FUNDACION;PRIVADA;INSTITUCION UNIVERSITARIA/ESCUELA TECNOLOGICA;BOGOTA D.C;BOGOTA D.C.;Carrera 5 #65-50;3452497;Ministerio de EducaciΩn Nacional;NO INFORMA;10733;23/11/2011;2;www.uniluisgpaez.edu.co;NO;;;;;JOSE LIBARDO;ROJAS AMAYA;RECTOR;ACTA;10733;28/11/2016;14/12/2016;14/12/2021;LUZ MARINA;LOPEZ MARTINEZ;REPRESENTANTE LEGAL (E);ACTA C.D.;9;2/08/2017;9/08/2017;31/12/2017;;BOGOTA D.C;BOGOTA D.C.
9910;FUNDACION UNIVERSITARIA LUIS G. PAEZ - UNILUISGPAEZ;ACTIVA;900511207-5;PRINCIPAL;FUNDACION;PRIVADA;INSTITUCION UNIVERSITARIA/ESCUELA TECNOLOGICA;BOGOTA D.C;BOGOTA D.C.;Carrera 5 #65-50;3452497;Ministerio de EducaciΩn Nacional;NO INFORMA;10733;23/11/2011;2;www.uniluisgpaez.edu.co;NO;;;;;LUZ MARINA;LOPEZ MARTINEZ;RECTOR(E);ACTA C.D.;10733;2/08/2017;9/08/2017;31/12/2017;JOSE LIBARDO;ROJAS AMAYA;REPRESENTANTE LEGAL;ACTA C.D.;17;28/11/2016;14/12/2016;14/12/2021;;BOGOTA D.C;BOGOTA D.C.
2721;FUNDACION UNIVERSITARIA MARIA CANO;ACTIVA;800.036.781-1;PRINCIPAL;FUNDACION;PRIVADA;INSTITUCION UNIVERSITARIA/ESCUELA TECNOLOGICA;ANTIOQUIA;MEDELLIN;Calle 56  41-90;4025500;MINISTERIO DE EDUCACION NACIONAL;RESOLUCION;17996;17/11/1987;23;www.fumc.edu.co;NO;;;;"LA FUNDACION UNIVERSITARIA MARIA CANO ES UNA INSTITUCION DE EDUCACION SUPERIOR ENMARCADA EN LOS FUNDAMENTOS DEL DESARROLLO HUMANO Y EMPEæADA EN FORMAR PROFESIONALES CAPACES DE CREAR, MEJORAR Y ADMINISTRAR ESTRUCTURAS QUE LES PERMITAN REAFIRMAR LOS VALORES MORALES, CULTURALES, CIENTIFICOS Y TECNOLOGICOS QUE REQUIERE EL PAIS, LIDERADOS POR UN EQUIPO HUMANO CUALIFICADO, IDONEO Y COMPROMETIDO.

ES POR ESTO, QUE SUSTENTA SUS PROGRAMAS EN TRES EJES FUNDAMENTALES:  LA FORMACION HUMANA, LA CREACION Y DESARROLLO DEL SABER Y EL COMPROMISO DE SERVICIO A LA SOCIEDAD, CON MIRAS A SATISFACER LAS NECESIDADES INDIVIDUALES Y COLECTIVAS QUE PERMITAN LA CUALIFICACION DE SUS AGENTES A TRAVES DEL &quot;EDUCAR PARA LO SUPERIOR&quot;.";HUGO ALBERTO;Valencia Porras;RECTOR;ACUERDO;17996;24/04/2018;1/05/2018;30/04/2020;HUGO ALBERTO;Valencia Porras;REPRESENTANTE LEGAL;ACUERDO;3;24/04/2018;1/05/2018;30/04/2020;"CONVENIO,ANTIOQUIA,SANTA ROSA DE OSOS;";ANTIOQUIA;MEDELLIN
2710;FUNDACION UNIVERSITARIA MONSERRATE -UNIMONSERRATE;ACTIVA;860.513.077-9;PRINCIPAL;FUNDACION;PRIVADA;INSTITUCION UNIVERSITARIA/ESCUELA TECNOLOGICA;BOGOTA D.C;BOGOTA D.C.;Calle 72  11-41;2494959;MINISTERIO DE EDUCACION NACIONAL.;RESOLUCION;1381;3/02/1983;14;www.unimonserrate.edu.co;NO;;;;LA FUNDACIÖN UNIVERSITARIA MONSERRATE AL SER INSTITUCIÖN DE EDUCACIÖN SUPERIOR, DE CARÊCTER PRIVADO, DE ORIENTACIÖN CATÖLICA, DIRIGIDA POR LA SOCIEDAD DE LAS HIJAS DEL CORAZÖN DE MARôA SE COMPROMETE CON LA FORMACIÖN DE PROFESIONALES, MUJERES Y HOMBRES, EN EL CAMPO DE LAS CIENCIAS SOCIALES, LA EDUCACIÖN Y OTRAS DISCIPLINAS, Y PROPENDE POR LA APROPIACIÖN Y PRODUCCIÖN DE CONOCIMIENTOS Y LA TRANSFORMACIÖN DE LA SOCIEDAD Y LA CULTURA DEL PAôS, AL SERVICIO DEL DESARRROLLO INTEGRAL DE LA PERSONA, LA FAMILIA Y LA COMUNIDAD, DE ACUERDO CON LOS DIFERENTES CONTEXTOS Y EN FUNCIÖN DE LOS DASAFôOS DE LOS TIEMPOS.;RICARDO ALONSO;PULIDO AGUILAR;RECTOR;NO INFORMA;1381;11/02/2016;18/02/2016;17/02/2021;RICARDO ALONSO;PULIDO AGUILAR;REPRESENTANTE LEGAL;NO INFORMA;3;11/02/2016;18/02/2016;17/02/2021;;BOGOTA D.C;BOGOTA D.C.
9907;FUNDACION UNIVERSITARIA NAVARRA - UNINAVARRA;ACTIVA;36180562;PRINCIPAL;FUNDACION;PRIVADA;INSTITUCION UNIVERSITARIA/ESCUELA TECNOLOGICA;HUILA;NEIVA;CALLE 10 # 6-41;8717770;Ministerio de EducaciΩn Nacional;NO INFORMA;10570;22/11/2011;11;www.uninavarra.edu.co;NO;;;;MisiΩn;SANDRA LILIANA;NAVARRO PARRA;RECTOR;RESOLUCION;10570;23/07/2012;23/07/2012;;SANDRA LILIANA;NAVARRO PARRA;REPRESENTANTE LEGAL;ACTA;1;5/12/2011;5/12/2011;;;HUILA;NEIVA
3713;FUNDACION UNIVERSITARIA PARA EL DESARROLLO HUMANO - UNINPAHU;ACTIVA;860.504.360;PRINCIPAL;FUNDACION;PRIVADA;INSTITUCION UNIVERSITARIA/ESCUELA TECNOLOGICA;BOGOTA D.C;BOGOTA D.C.;Avenida 39  15-58;3323500;MINISTERIO DE EDUCACION NACIONAL;RESOLUCION;16971;9/10/1981;22;www.inpahu.edu.co;NO;;;;INPAHU, ES UNA INSTITUCION DE EDUCACION SUPERIOR DE DERECHO PRIVADO QUE, EN EJERCICIO DE LA AUTONOMIA UNIVERSITARIA Y LA RESPONSABILIDAD SOCIAL, SE?ALA SU RAZON DE SER Y SENTIDO EN LA FORMACION INTEGRAL DEL HOMBRE COLOMBIANO, ENTENDIDA DESDE LA RACIONALIDAD INTEGRADORA  DEL CONOCIMIENTO EN LA CIENCIA, LA TECNICA, LA TECNOLOGIA Y LOS VALORES ETICOS, SOCIALES, ECONOMICOS, POLITICOS CULTURALES Y TRASCENDENTES, PARA QUE EN SU CONDICION DE SER INDIVIDUAL Y SER SOCIAL ACTUE EN DESARROLLO DEL PROYECTO HISTORICO NACIONAL CONSAGRADO EN LA CARTA CONSTITUCIONAL.;JESÇS ANTONIO;PEæARANDA BAUTISTA;RECTOR(E);ACUERDO;16971;30/03/2017;30/03/2017;;DIEGO FERNANDO;Buitrago Navarro;REPRESENTANTE LEGAL;ACUERDO;2;31/08/2018;1/09/2018;31/08/2020;"CONVENIO,RISARALDA,PEREIRA;CONVENIO,RISARALDA,PEREIRA;";BOGOTA D.C;BOGOTA D.C.
3713;FUNDACION UNIVERSITARIA PARA EL DESARROLLO HUMANO - UNINPAHU;ACTIVA;860.504.360;PRINCIPAL;FUNDACION;PRIVADA;INSTITUCION UNIVERSITARIA/ESCUELA TECNOLOGICA;BOGOTA D.C;BOGOTA D.C.;Avenida 39  15-58;3323500;MINISTERIO DE EDUCACION NACIONAL;RESOLUCION;16971;9/10/1981;22;www.inpahu.edu.co;NO;;;;INPAHU, ES UNA INSTITUCION DE EDUCACION SUPERIOR DE DERECHO PRIVADO QUE, EN EJERCICIO DE LA AUTONOMIA UNIVERSITARIA Y LA RESPONSABILIDAD SOCIAL, SE?ALA SU RAZON DE SER Y SENTIDO EN LA FORMACION INTEGRAL DEL HOMBRE COLOMBIANO, ENTENDIDA DESDE LA RACIONALIDAD INTEGRADORA  DEL CONOCIMIENTO EN LA CIENCIA, LA TECNICA, LA TECNOLOGIA Y LOS VALORES ETICOS, SOCIALES, ECONOMICOS, POLITICOS CULTURALES Y TRASCENDENTES, PARA QUE EN SU CONDICION DE SER INDIVIDUAL Y SER SOCIAL ACTUE EN DESARROLLO DEL PROYECTO HISTORICO NACIONAL CONSAGRADO EN LA CARTA CONSTITUCIONAL.;Myriam;Velˇsquez Bustos;RECTOR;ACTA;16971;2/05/2016;8/06/2016;7/06/2018;DIEGO FERNANDO;Buitrago Navarro;REPRESENTANTE LEGAL;ACUERDO;2;31/08/2018;1/09/2018;31/08/2020;"CONVENIO,RISARALDA,PEREIRA;CONVENIO,RISARALDA,PEREIRA;";BOGOTA D.C;BOGOTA D.C.
9931;FUNDACION UNIVERSITARIA PATRICIO SYMES;ACTIVA;901184569-6;PRINCIPAL;FUNDACION;PRIVADA;INSTITUCION UNIVERSITARIA/ESCUELA TECNOLOGICA;BOGOTA D.C;BOGOTA D.C.;Cra. 16 No. 70a-68;2172183;Ministerio de Educaci˘n Nacional;RESOLUCION;7081;30/04/2018;0;no disponible;NO;;;;;ANTONIO MARIA;CORTES JIMENEZ;RECTOR;ACTA;7081;11/07/2018;11/07/2018;11/07/2022;ANTONIO MARIA;CORTES JIMENEZ;REPRESENTANTE LEGAL;ACTA;Dos;11/07/2018;11/07/2018;11/07/2022;;BOGOTA D.C;BOGOTA D.C.
2733;FUNDACIÖN UNIVERSITARIA SAN ALFONSO- FUSA-;ACTIVA;830.081.981 -8;PRINCIPAL;FUNDACION;PRIVADA;INSTITUCION UNIVERSITARIA/ESCUELA TECNOLOGICA;BOGOTA D.C;BOGOTA D.C.;Calle 37  22 - 47;2445053;MINISTERIO DE EDUCACION NACIONAL.;RESOLUCION;3296;7/12/2000;8;www.fusa.edu.co;NO;;;;"LA FUNDACIÖN UNIVERSITARIA SAN ALFONSO ES UNA INSTITUCIÖN UNIVERSITARIA DE EDUCACIÖN SUPERIOR BASADA EN UNA CONCEPCIÖN CRISTIANA DE LA CULTURA, DE LA CIENCIA Y DE LA VERDAD. ESTE QUEHACER FUNDAMENTAL IMPLICA QUE :
1. SU VOCACIÖN SE CONSAGRA A LA INVESTIGACIÖN, A LA ENSEæANZA Y A LA FORMACIÖN DE SUS ESTUDIANTES LIBREMENTE REUNIDOS CON SUS MAESTROS, ANIMADOS TODOS POR EL MISMO AMOR AL SABER.
2. SU ACTUAR PERMITA COMPARTIR CON TODAS LAS DEMÊS INSTITUCIONES DE EDUCACÖN SUPERIOR LA EXIGENCIA DE BUSCAR LA VERDAD, DE DESCUBRIRLA Y DE COMUNICARLA EN TODOS LOS CAMPOS DEL CONOCIMIENTO.3
3. SU TAREA PRIVILEGIADA SEA LA DE &quot; UNIFICAR EXISTENCIALMENTE EN EL TRABAJO INTELECTUAL DOS ÖRDENES DE REALLIDADES QUE CON FRECUENCIA SE OPONEN COMO SI FUêSEN ANTITêTICAS: LA BÇSQUEDA DE LA VERDAD Y LA CERTEZA DE CONOCER YA LA FUENTE DE LA VERDAD&quot;.
4. SU BUSQUEDA PERMANENTE DE LA VERDAD LE PERMITE INCLUIR LA DIMENSIÖN MORAL, ESPIRITUAL Y RELIGIOSA Y VALORAR LAS CONQUISTAS DE LA CIENCIA Y LA TECNOLOGôA EN LA PERSPECTIVA DE GARANTIZAR QUE LOS NUEVOS DESCUBRIMIENTOS SEAN USADOS PARA EL AUTENTICO BIEN DE CADA PERSONA HUMANA Y DEL CONJUNTO DE LA SOCIEDAD.";JERÖNIMO;PEæALOZA BASTO;RECTOR;DECRETO;3296;30/08/2013;30/08/2013;;JERÖNIMO;PEæALOZA BASTO;REPRESENTANTE LEGAL;DECRETO;251;30/08/2013;30/08/2013;;;BOGOTA D.C;BOGOTA D.C.
2709;FUNDACION UNIVERSITARIA SAN MARTIN;ACTIVA;860.503.634-9;PRINCIPAL;FUNDACION;PRIVADA;INSTITUCION UNIVERSITARIA/ESCUELA TECNOLOGICA;BOGOTA D.C;BOGOTA D.C.;Carrera 18 No. 80-45;5301001;MINISTERIO DE EDUCACION NACIONAL.;RESOLUCION;12387;18/08/1981;17;www.sanmartin.edu.co;NO;;;;MISION;MAYRA LUCIA;VIEIRA CANO;RECTOR;ACUERDO;12387;28/04/2015;29/04/2015;;MAYRA LUCIA;VIEIRA CANO;REPRESENTANTE LEGAL;ACTA;7;20/04/2018;15/08/2018;;"CENTROS TUTORIALES,BOGOTA D.C,BOGOTA D.C.;CENTROS TUTORIALES,BOLIVAR,CARTAGENA;CENTROS TUTORIALES,BOLIVAR,CARTAGENA;CENTROS TUTORIALES,CESAR,VALLEDUPAR;CENTROS TUTORIALES,CORDOBA,MONTERIA;CENTROS TUTORIALES,CORDOBA,MONTELIBANO;CENTROS TUTORIALES,GUAJIRA,RIOHACHA;CENTROS TUTORIALES,ANTIOQUIA,SABANETA;CENTROS TUTORIALES,ANTIOQUIA,SABANETA;CENTROS TUTORIALES,NARINIO,PASTO;CENTROS TUTORIALES,NARINIO,PASTO;CENTROS TUTORIALES,NARINIO,IPIALES;CENTROS TUTORIALES,NORTE DE SANTANDER,CUCUTA;CENTROS TUTORIALES,NORTE DE SANTANDER,CUCUTA;CENTROS TUTORIALES,QUINDIO,ARMENIA;CENTROS TUTORIALES,QUINDIO,ARMENIA;CENTROS TUTORIALES,SUCRE,SINCELEJO;CENTROS TUTORIALES,SUCRE,SINCELEJO;CENTROS TUTORIALES,TOLIMA,IBAGUE;CENTROS TUTORIALES,VALLE DEL CAUCA,CALI;CENTROS TUTORIALES,VALLE DEL CAUCA,CALI;CENTROS TUTORIALES,VALLE DEL CAUCA,PALMIRA;CENTROS TUTORIALES,VALLE DEL CAUCA,PALMIRA;CENTROS TUTORIALES,ATLANTICO,BARRANQUILLA;CENTROS TUTORIALES,ATLANTICO,BARRANQUILLA;";BOGOTA D.C;BOGOTA D.C.
4726;FUNDACION UNIVERSITARIA SAN MATEO - SAN MATEO EDUCACION SUPERIOR;ACTIVA;800.040.295-9;PRINCIPAL;FUNDACION;PRIVADA;INSTITUCION UNIVERSITARIA/ESCUELA TECNOLOGICA;BOGOTA D.C;BOGOTA D.C.;Transversal 17 25-25;3309999;MINISTERIO DE EDUCACION NACIONAL.;RESOLUCION;14135;16/10/1987;63;www.fus.edu.co;NO;;;;"*LA  FUNDACION ES UNA INSTITUCION PRIVADA SIN ANIMO DE LUCRO, CUYA  MISION PRIMORDIAL  ES CONTRIBUIR AL DESARROLLO INTEGRAL  Y SOLIDARIO DEL SER HUMANO, DESDE NUESTRA POSICION DE FORMADORES  DE TECNICOS PROFESIONALES PARA EL  NUEVO   MILENIO.
NUESTRO COMPROMISO  ES  EL DE FORMAR, CAPACITAR   Y ORIENTAR A LAS  NUEVAS GENERACIONES   COMO PROFESIONALES INTEGRALES QUE  FAVOREZCAN EL  |DESARROLLO ECONOMICO Y SOCIAL DE NUESTRO PAIS LOGRANDO MAYOR COMPETITIVIDAD, CALIDAD Y PRODUCTIVIDAD.
OFRECE PROGRAMAS Y DISCIPLINAS QUE TIENEN COMO OBJETIVO EL DESARROLLO DE LAS DIFERENTES POTENCIALIDADES, LA UTILIZACION DE TECNOLOGIAS NUEVAS, EL ESPIRITU EMPRENDEDOR Y LA    PROMOCION DE VALORES COMO LA  HONRADEZ, EL RESPETO, EL CUMPLIMIENTO DE LOS Y EL EJERCICIO DE LOS DERECHOS INHERENTES A LA  CONDICION DEL SER SOCIAL.
LA FUNDACION PROCURA EL DESARROLLO DE ACTIVIDADES ACADEMICAS CON GESTION EMPRESARIAL , ALTOS NIVELES  DE CALIDAD Y EFICIENCIA POR MEDIO DE PROCESOS QUE GARANTICEN EL DESARROLLO DE LA AUTONOMIA RESPONSABLE. *";JUAN CARLOS;CADAVID BOTERO;RECTOR;RESOLUCION;14135;15/12/2016;16/01/2017;15/01/2022;CARLOS ORLANDO;FERREIRA PINZON;REPRESENTANTE LEGAL;ASAMBLEA GENERAL;1;17/04/2018;1/05/2018;30/04/2023;;BOGOTA D.C;BOGOTA D.C.
2746;FUNDACION UNIVERSITARIA SANITAS;ACTIVA;830.113.458 - 6;PRINCIPAL;FUNDACION;PRIVADA;INSTITUCION UNIVERSITARIA/ESCUELA TECNOLOGICA;BOGOTA D.C;BOGOTA D.C.;Calle 100 11 B - 67;6680050;MINISTERIO DE EDUCACION NACIONAL;RESOLUCION;3015;23/12/2002;22;www.unisanitas.edu.co;NO;;;;"olreyes@unisanitas.edu.co
squebedo@unisanitas.edu.co";MARIO ARTURO;ISAZA RUGET;RECTOR;ACTA;3015;11/02/2013;11/02/2013;;MARIO ARTURO;ISAZA RUGET;REPRESENTANTE LEGAL;ACTA;58;11/02/2013;11/02/2013;;;BOGOTA D.C;BOGOTA D.C.
2736;FUNDACION UNIVERSITARIA SEMINARIO BIBLICO DE COLOMBIA;ACTIVA;811.026.923;PRINCIPAL;FUNDACION;PRIVADA;INSTITUCION UNIVERSITARIA/ESCUELA TECNOLOGICA;ANTIOQUIA;MEDELLIN;Calle 76 No. 87 - 14;2640303;MINISTERIO DE EDUCACION NACIONAL;RESOLUCION;3298;7/12/2000;3;www.unisbc.edu.co;NO;;;;;ELIZABETH;SENDEK PABA;RECTOR;NO INFORMA;3298;10/10/2014;27/02/2015;26/02/2019;ELIZABETH;SENDEK PABA;REPRESENTANTE LEGAL;NO INFORMA;8;10/10/2014;27/02/2015;26/02/2019;;ANTIOQUIA;MEDELLIN
2748;FUNDACION UNIVERSITARIA SEMINARIO TEOLOGICO BAUTISTA INTERNACIONAL;ACTIVA;805.027.579-1;PRINCIPAL;FUNDACION;PRIVADA;INSTITUCION UNIVERSITARIA/ESCUELA TECNOLOGICA;VALLE DEL CAUCA;CALI;Carrera 56 (Av. Guadalupe)  1B-112;5132320;MINISTERIO DE EDUCACION NACIONAL;RESOLUCION;1427;24/06/2003;4;www.funibautista.edu.co;NO;;;;;PABLO;MORENO PALACIOS;RECTOR;ACTA;1427;13/06/2006;13/06/2006;;PABLO;MORENO PALACIOS;REPRESENTANTE LEGAL;ACTA;26;13/06/2006;13/06/2006;;;VALLE DEL CAUCA;CALI
3705;FUNDACION UNIVERSITARIA TECNOLOGICO COMFENALCO - CARTAGENA;ACTIVA;890.481.183-1;PRINCIPAL;FUNDACION;PRIVADA;INSTITUCION UNIVERSITARIA/ESCUELA TECNOLOGICA;BOLIVAR;CARTAGENA;Carrera 44 D  30 A-91;6723700;MINISTERIO DE EDUCACION NACIONAL;RESOLUCION;9299;13/07/1984;43;www.tecnologicocomfenalco.edu.co;NO;;;;MISION;CLAUDIO AQUILES;OSORIO LENTINO;RECTOR;ACUERDO C.S.;9299;30/11/2018;30/11/2018;;CLAUDIO AQUILES;OSORIO LENTINO;REPRESENTANTE LEGAL;ACUERDO C.S.;11;30/11/2018;30/11/2018;;;BOLIVAR;CARTAGENA
2727;FUNDACION UNIVERSITARIA-CEIPA-;ACTIVA;890910961-7;PRINCIPAL;FUNDACION;PRIVADA;INSTITUCION UNIVERSITARIA/ESCUELA TECNOLOGICA;ANTIOQUIA;SABANETA;Calle 77 sur No. 40 -165;3056100;MINISTERIO DE EDUCACION NACIONAL.;RESOLUCION;6266;4/05/1983;31;www.ceipa.edu.co;NO;;;;;DIEGO MAURICIO;MAZO CUERVO;RECTOR;ACTA;6266;29/03/2012;29/03/2012;28/03/2016;Juan Fernando;Mazo Cuervo;REPRESENTANTE LEGAL SUPLENTE;ACTA C.D.;3;2/03/2016;29/03/2016;28/03/2021;;ANTIOQUIA;SABANETA
2727;FUNDACION UNIVERSITARIA-CEIPA-;ACTIVA;890910961-7;PRINCIPAL;FUNDACION;PRIVADA;INSTITUCION UNIVERSITARIA/ESCUELA TECNOLOGICA;ANTIOQUIA;SABANETA;Calle 77 sur No. 40 -165;3056100;MINISTERIO DE EDUCACION NACIONAL.;RESOLUCION;6266;4/05/1983;31;www.ceipa.edu.co;NO;;;;;DIEGO MAURICIO;MAZO CUERVO;RECTOR;ACTA;6266;29/03/2012;29/03/2012;28/03/2016;DIEGO MAURICIO;MAZO CUERVO;REPRESENTANTE LEGAL;ACTA;2;29/03/2012;29/03/2012;28/03/2016;;ANTIOQUIA;SABANETA
9930;INSTITUCI˘N UNIVERSITARIA COMANDO DE EDUCACI˘N Y DOCTRINA ˘ CEDOC DEL EJ˘RCITO NACIONAL;ACTIVA;NO INFORMA;PRINCIPAL;NACIONAL;OFICIAL;INSTITUCION UNIVERSITARIA/ESCUELA TECNOLOGICA;BOGOTA D.C;BOGOTA D.C.;CALLE 102 NO. 7-80 CANTON NORTE;3150111;SIN DATO;NO INFORMA;SIN DATO;14/08/2018;0;www.ejercito.mil.co/?idcategoria=221634;NO;;;;;ROBINSON ALEXANDER;RAMIREZ CEDE˘O;RECTOR;DECRETO;SIN DATO;28/12/2017;28/12/2017;;ROBINSON ALEXANDER;RAMIREZ CEDE˘O;REPRESENTANTE LEGAL;DECRETO;2241;28/12/2017;28/12/2017;;;BOGOTA D.C;BOGOTA D.C.
3117;INSTITUCI˘N UNIVERSITARIA ITSA;ACTIVA;802.011.065;PRINCIPAL;MUNICIPAL;OFICIAL;INSTITUCION UNIVERSITARIA/ESCUELA TECNOLOGICA;ATLANTICO;BARRANQUILLA;Cra 45 N˘48-31 Barrio El Carmen, Barranquilla;3112370;Congreso de la Republica.;LEY;391;23/07/1997;46;www.itsa.edu.co;NO;;;;"Email: atencionaIciudadanoitsa.edu.co
:Email notificaciones: ˘otifica˘jpesudicialesitsa.edu.co";Emilio Armando;Zapata;RECTOR;ACUERDO C.D.;391;2/10/2017;26/10/2017;25/10/2022;Emilio   Armando;Zapata;REPRESENTANTE LEGAL;ACUERDO;19;2/10/2017;26/10/2017;25/10/2022;;ATLANTICO;BARRANQUILLA
2749;INSTITUCION UNIVERSITARIA  SALAZAR Y HERRERA;ACTIVA;811028188-1;PRINCIPAL;FUNDACION;PRIVADA;INSTITUCION UNIVERSITARIA/ESCUELA TECNOLOGICA;ANTIOQUIA;MEDELLIN;Carrera 70  52-49 Barrio Los Colores;4600700;MINISTERIO DE EDUCACION NACIONAL.;RESOLUCION;1104;17/04/1997;34;www.iush.edu.co;NO;;;;"PARTICPAR EN LA CONSTRUCCI˘N   DE NUESTRA SOCIEDAD, CON BASE EN LOS PRINCIPIOS DE LS IGLESIA CAT˘LICA, LOGRANDO EL DESARROLLO HUMANOINTEGRAL DEL HOMBRE-PERSONA, A TRAV˘S DEL OFRECIMIENTO DEL SERVICIO EDUCATIVO FORMAL EN TODOS LOS NIVELES Y LOS SERVICIOS DE EDUCACI˘N Y FORMACI˘N CONTINUADA Y PERMANENTE.  LA B˘SQUEDA DEL CONOCIMIENTO Y DE LA VERDAD DE CRISTO, ILUMINAR˘N TODAS LAS ACCIONES PARA BIEN DELA COMUNIDAD LOCAL, REGIONAL Y NACIONAL.
* *";JAIRO ALONSO;Molina Arango;RECTOR(E);DECRETO;1104;20/04/2018;23/04/2018;;JAIRO ALONSO;Molina Arango;REPRESENTANTE LEGAL (E);DECRETO;1672;20/04/2018;23/04/2018;;"CERES,ANTIOQUIA,SANTA FE DE ANTIOQUIA;";ANTIOQUIA;MEDELLIN
3301;INSTITUCION UNIVERSITARIA ANTONIO JOSE CAMACHO;ACTIVA;805.000.889-0;PRINCIPAL;MUNICIPAL;OFICIAL;INSTITUCION UNIVERSITARIA/ESCUELA TECNOLOGICA;VALLE DEL CAUCA;CALI;Av. 6›  28N-102 Barrio San Vicente;6882828;Concejo Municipal de Cali.;ACUERDO;29;21/12/1993;44;www.uniaj.edu.co;NO;;;;"EL INSTITUTO TECNOLOGICO MUNICIPAL ES UNA INSTITUCION GENERADORA Y DIFUSORA DE CONOCIMIENTOS CON UNA OBJETIVA VISION DE SERVICIO A LA SOCIEDAD Y TIENE COMO MISION LA FORMACION INTEGRAL DE PROFESIONALES DE ALTO NIVEL, DENTRO DE CLAROS VALORES DE JUSTICIA, ETICA Y TOLERANCIA Y CON UNA CONCIENCIA DE SU PAPEL DE ACTORES Y PROMOTORES DEL DESARROLLO REGIONAL Y NACIONAL; PROMOVIENDO EL SENTIDO EMPRENDEDOR DE LAS UNIDADES ADMINISTRATIVAS, DE DOCENCIA Y DE INVESTIGACION PARA FOMENTAR LA CALIDAD Y LA EXCELENCIA DE LA EDUCACION TECNOLOGICA Y CIENTIFICA.";HUGO ALBERTO;Gonzalez L˘pez;RECTOR;ACUERDO C.D.;29;27/04/2018;15/05/2018;15/05/2022;HUGO ALBERTO;Gonzalez L˘pez;REPRESENTANTE LEGAL;ACUERDO C.D.;7;27/04/2018;15/05/2018;15/05/2022;;VALLE DEL CAUCA;CALI
2211;INSTITUCION UNIVERSITARIA BELLAS ARTES Y CIENCIAS DE BOLIVAR;ACTIVA;890.480.308-0;PRINCIPAL;DEPARTAMENTAL;OFICIAL;INSTITUCION UNIVERSITARIA/ESCUELA TECNOLOGICA;BOLIVAR;CARTAGENA;Carrera 9 No.39-12;6600391;Asamblea Departamental de Bolivar.;ORDENANZA;35;3/12/1990;6;www.unibac.edu.co;NO;;;;;SACRA NORMA;NADER DAVID;RECTOR;ACUERDO C.D.;35;5/12/2016;26/12/2016;25/12/2020;SACRA NORMA;NADER DAVID;REPRESENTANTE LEGAL;ACUERDO C.D.;12;5/12/2016;26/12/2016;25/12/2020;;BOLIVAR;CARTAGENA
2744;INSTITUCION UNIVERSITARIA CENTRO DE ESTUDIOS SUPERIORES MARIA GORETTI;ACTIVA;800109387-7;PRINCIPAL;FUNDACION;PRIVADA;INSTITUCION UNIVERSITARIA/ESCUELA TECNOLOGICA;NARINIO;PASTO;Carrera 20A  14-54;7206859;MINISTERIO DE EDUCACION NACIONAL.;RESOLUCION;10735;26/06/1982;17;www.iucesmag.edu.co;NO;;;;"EL CENTRO DE ESTUDIOS SUPERIORES MARôA GORETTI-CESMAG, COMO  INSTITUCIÖN CATOLICA, DE NIVEL UNIVERSITARIO, ORIENTADA POR LOS PRINCIPIOS DE LA PEDAGOGIA FRANCISCANO-CAPUCHINA, OFRECE FORMACION INTEGRAL, PERSONALIZANTE Y HUMANIZADORA A LA COMUNIDAD ESTUDIANTIL Y, FIEL AL PENSAMIENTO DE SU FUNDADOR, ABRE ESPACIOS EDUCATIVOS PREFERENTEMENTE A LOS MAS NECESITADOS, BUSCA LA FORMACION PROFESIONAL CON EXCELENCIA PARA QUE LA PERSONA EN SU DESEMPEæO, INDUZCA EL DESARROLLO, TRANSFORMACION E INNOVACION DE LA SOCIEDAD.

SU ESTRUCTURA ADMINISTRATIVA SE CONSOLIDARÊ EN UNA ORGANIZACIÖN FUNCIONAL DE JERARQUIZACIÖN, CONTINGENCIAL Y DE STAFF, CON NIVELES DE DESCENTRALIZACIÖN Y DELEGACIÖN QUE PERMITA UNA TOMA DE DECISIONES OPORTUNA Y ÊGIL A TRAVêS DE UNA COMUNICACIÖN RESPONSABLE Y DINÊMICA.

EL TALENTO HUMANO SE DESTACARÊ POR LA CREATIVIAD, LA RESPONSABILIDAD, EL ESPôRITU DE SERVICIO Y UN ALTO SENTIDO DE PERTENENCIA Y DE COMPROMISO CON LA FILOSOFôA PERSONALIZANTE.";PROSPERO;ARCINIEGAS ZALDÇA;RECTOR;ACUERDO C.S.;10735;12/12/2016;17/01/2017;;PROSPERO;ARCINIEGAS ZALDÇA;REPRESENTANTE LEGAL;ACUERDO C.D.;56;12/12/2016;17/01/2017;;;NARINIO;PASTO
9901;INSTITUCION UNIVERSITARIA CENTRO DE ESTUDIOS SUPERIORES MARIA GORETTI;INACTIVA;800109387-7;PRINCIPAL;FUNDACION;PRIVADA;INSTITUCION TECNOLOGICA;NARINIO;PASTO;Carrera 20A  14-54;;MINISTERIO DE EDUCACION NACIONAL;RESOLUCION;10735;20/10/2010;0;www.iucesmag.edu.co;NO;;;;"EL CENTRO DE ESTUDIOS SUPERIORES MARIA GORETTI-CESMAG, COMO  INSTITUCION CATOLICA, DE NIVEL UNIVERSITARIO, ORIENTADA POR LOS PRINCIPIOS DE LA PEDAGOGIA FRANCISCANO-CAPUCHINA, OFRECE FORMACION INTEGRAL, PERSONALIZANTE Y HUMANIZADORA A LA COMUNIDAD ESTUDIANTIL Y, FIEL AL PENSAMIENTO DE SU FUNDADOR, ABRE ESPACIOS EDUCATIVOS PREFERENTEMENTE A LOS MAS NECESITADOS, BUSCA LA FORMACION PROFESIONAL CON EXCELENCIA PARA QUE LA PERSONA EN SU DESEMPE?O, INDUZCA EL DESARROLLO, TRANSFORMACION E INNOVACION DE LA SOCIEDAD.

SU ESTRUCTURA ADMINISTRATIVA SE CONSOLIDARA EN UNA ORGANIZACION FUNCIONAL DE JERARQUIZACION, CONTINGENCIAL Y DE STAFF, CON NIVELES DE DESCENTRALIZACION Y DELEGACION QUE PERMITA UNA TOMA DE DECISIONES OPORTUNA Y AGIL A TRAVES DE UNA COMUNICACION RESPONSABLE Y DINAMICA.

EL TALENTO HUMANO SE DESTACARA POR LA CREATIVIAD, LA RESPONSABILIDAD, EL ESPIRITU DE SERVICIO Y UN ALTO SENTIDO DE PERTENENCIA Y DE COMPROMISO CON LA FILOSOFIA PERSONALIZANTE.";;;;;10735;;;;;;;;;;;;;NARINIO;PASTO
2701;INSTITUCION UNIVERSITARIA COLEGIOS DE COLOMBIA - UNICOC;ACTIVA;NO INFORMA;PRINCIPAL;FUNDACION;PRIVADA;INSTITUCION UNIVERSITARIA/ESCUELA TECNOLOGICA;BOGOTA D.C;BOGOTA D.C.;Carrera 9  13-40 Piso 4;6683535;MINISTERIO DE EDUCACION NACIONAL.;RESOLUCION;1384;1/04/1975;14;www.odontologico.edu.co;NO;;;;MISION;ALBERTO;Carvajalino Slaghekke;RECTOR;NO INFORMA;1384;26/04/2018;17/09/2018;31/12/2019;ALBERTO;Carvajalino Slaghekke;REPRESENTANTE LEGAL;NO INFORMA;1208;26/04/2018;17/09/2018;31/12/2019;;BOGOTA D.C;BOGOTA D.C.
2740;INSTITUCION UNIVERSITARIA COLOMBO AMERICANA - UNICA;ACTIVA;830.088.283;PRINCIPAL;FUNDACION;PRIVADA;INSTITUCION UNIVERSITARIA/ESCUELA TECNOLOGICA;BOGOTA D.C;BOGOTA D.C.;Avenida 19  2-49 Piso 2;2811777;MINISTERIO DE EDUCACION NACIONAL.;RESOLUCION;849;8/05/2001;3;www.unica.edu.co;NO;;;;;MARIA LUCIA;CASAS PARDO;RECTOR;ACTA;849;17/02/2004;1/03/2004;;MARIA LUCIA;CASAS  PARDO;REPRESENTANTE LEGAL;ACTA;7;17/02/2004;1/03/2004;;;BOGOTA D.C;BOGOTA D.C.
9918;INSTITUCION UNIVERSITARIA CONOCIMIENTO E INNOVACION PARA LA JUSTICIA - CIJ;ACTIVA;79357338;PRINCIPAL;NACIONAL;OFICIAL;INSTITUCION UNIVERSITARIA/ESCUELA TECNOLOGICA;CUNDINAMARCA;COTA;Km 4 V≠a Suba a Cota;6831062;Congreso de la Republica;LEY;1654;15/07/2013;3;www.;NO;;;;;JOSE TOBI˘AS;Betancourt Ladino;DIRECTOR;NO INFORMA;1654;31/10/2016;3/01/2018;3/01/2019;JOSE TOBI˘AS;Betancourt Ladino;REPRESENTANTE LEGAL;NO INFORMA;18;31/10/2016;3/01/2018;3/01/2019;;CUNDINAMARCA;COTA
9899;INSTITUCION UNIVERSITARIA DE COLOMBIA - UNIVERSITARIA DE COLOMBIA;ACTIVA;900350945-0;PRINCIPAL;CORPORACION;PRIVADA;INSTITUCION UNIVERSITARIA/ESCUELA TECNOLOGICA;BOGOTA D.C;BOGOTA D.C.;Carrera 7  35-85;2324070;Ministerio de EducaciΩn Nacional;NO INFORMA;2202;30/03/2010;4;www.universitariadecolombia.edu.co;NO;;;;"alexander buendia 3125876156
carlos moreno de caro 3102216817";GUILLERMO;Hoyos Gomez;RECTOR;ASAMBLEA GENERAL;2202;19/04/2017;20/04/2017;19/04/2021;GUILLERMO;Hoyos Gomez;REPRESENTANTE LEGAL;ASAMBLEA GENERAL;2;19/04/2017;20/04/2017;19/04/2021;"CENTROS TUTORIALES,VALLE DEL CAUCA,CALI;";BOGOTA D.C;BOGOTA D.C.
2302;INSTITUCION UNIVERSITARIA DE ENVIGADO;ACTIVA;811.000.278;PRINCIPAL;MUNICIPAL;OFICIAL;INSTITUCION UNIVERSITARIA/ESCUELA TECNOLOGICA;ANTIOQUIA;ENVIGADO;Cra. 27B Nı 34 A sur 57;3391010;Concejo Municipal de Envigado.;ACUERDO;44;19/03/2007;24;www.iue.edu.co;NO;;;;;BLANCA LIBIA;ECHEVERRI LONDOæO;RECTOR(E);ACTA;44;18/03/2015;18/03/2015;;BLANCA LIBIA;ECHEVERRI LONDOæO;REPRESENTANTE LEGAL (E);ACTA;1;18/03/2015;18/03/2015;;;ANTIOQUIA;ENVIGADO
2302;INSTITUCION UNIVERSITARIA DE ENVIGADO;ACTIVA;811.000.278;PRINCIPAL;MUNICIPAL;OFICIAL;INSTITUCION UNIVERSITARIA/ESCUELA TECNOLOGICA;ANTIOQUIA;ENVIGADO;Cra. 27B Nı 34 A sur 57;3391010;Concejo Municipal de Envigado.;ACUERDO;44;19/03/2007;24;www.iue.edu.co;NO;;;;;Blanca Libia;Echeverri Londoœo;RECTOR;ACUERDO C.D.;44;27/10/2016;28/11/2016;27/11/2020;BLANCA LIBIA;ECHEVERRI LONDOæO;REPRESENTANTE LEGAL;ACUERDO C.D.;27;27/10/2016;28/11/2016;27/11/2020;;ANTIOQUIA;ENVIGADO
2302;INSTITUCION UNIVERSITARIA DE ENVIGADO;ACTIVA;811.000.278;PRINCIPAL;MUNICIPAL;OFICIAL;INSTITUCION UNIVERSITARIA/ESCUELA TECNOLOGICA;ANTIOQUIA;ENVIGADO;Cra. 27B Nı 34 A sur 57;3391010;Concejo Municipal de Envigado.;ACUERDO;44;19/03/2007;24;www.iue.edu.co;NO;;;;;Blanca Libia;Echeverri Londoœo;RECTOR;ACUERDO C.D.;44;27/10/2016;28/11/2016;27/11/2020;BLANCA LIBIA;ECHEVERRI LONDOæO;REPRESENTANTE LEGAL (E);ACTA;1;18/03/2015;18/03/2015;;;ANTIOQUIA;ENVIGADO
2302;INSTITUCION UNIVERSITARIA DE ENVIGADO;ACTIVA;811.000.278;PRINCIPAL;MUNICIPAL;OFICIAL;INSTITUCION UNIVERSITARIA/ESCUELA TECNOLOGICA;ANTIOQUIA;ENVIGADO;Cra. 27B Nı 34 A sur 57;3391010;Concejo Municipal de Envigado.;ACUERDO;44;19/03/2007;24;www.iue.edu.co;NO;;;;;BLANCA LIBIA;ECHEVERRI LONDOæO;RECTOR(E);ACTA;44;18/03/2015;18/03/2015;;BLANCA LIBIA;ECHEVERRI LONDOæO;REPRESENTANTE LEGAL;ACUERDO C.D.;27;27/10/2016;28/11/2016;27/11/2020;;ANTIOQUIA;ENVIGADO
9927;INSTITUCION UNIVERSITARIA DIGITAL DE ANTIOQUIA -U. DIGITAL;ACTIVA;3835160;PRINCIPAL;DEPARTAMENTAL;OFICIAL;INSTITUCION UNIVERSITARIA/ESCUELA TECNOLOGICA;ANTIOQUIA;MEDELLIN;Calle 42B   52- 106;3835160;Asamblea Departamental de Antioquia;ORDENANZA;74;27/12/2017;1;www.antioquia.gov.co;NO;;;;;DARIO ALONSO;Montoya Mejia;RECTOR;ACTA C.D.;74;15/03/2018;15/03/2018;15/03/2022;DARIO ALONSO;Montoya Meji˘a;REPRESENTANTE LEGAL;ACTA C.D.;1;15/03/2018;15/03/2018;15/03/2022;;ANTIOQUIA;MEDELLIN
4709;INSTITUCION UNIVERSITARIA EAM;ACTIVA;890002590-2;PRINCIPAL;FUNDACION;PRIVADA;INSTITUCION UNIVERSITARIA/ESCUELA TECNOLOGICA;QUINDIO;ARMENIA;Carrera 14  3-11 Av. Bolivar;451101;GOBIERNO DEPARTAMENTAL DEL QUINDIO.;RESOLUCION;OJ032;31/07/1973;35;www.eam.edu.co;NO;;;;LA ESCUELA DE ADMINISTRACION Y MERCADOTECNIA DEL QUINDIO, E.A.M SE IDENTIFICA A SI MISMA COMO UNA COMUNIDAD EDUCATIVA, DEDICADA A PROCESOS DE EDUCACION INTEGRAL ORIENTANDO SU ACCION A LA AUTOGESTION Y LIDERAZGO MEDIANTE LA FORMACION DE PROFESIONLES ETICOS, COMPETITIVOS CTRITICOS E INNOVADORES ALTAMENTE COMPROMETIDOS CON LA CONSTRUCCION PERMANENTE DE TEJIDO SOCIAL, ECONOMICO Y CULTURAL DE LA REGION Y DEL PAIS;FRANCISCO JAIRO;RAMIREZ CONCHA;RECTOR;RESOLUCION;OJ032;28/12/1990;5/02/1991;;FRANCISCO JAIRO;RAMIREZ CONCHA;REPRESENTANTE LEGAL;RESOLUCION;3491;28/12/1990;5/02/1991;;;QUINDIO;ARMENIA
3719;INSTITUCION UNIVERSITARIA LATINA - UNILATINA;ACTIVA;860516428-4;PRINCIPAL;FUNDACION;PRIVADA;INSTITUCION UNIVERSITARIA/ESCUELA TECNOLOGICA;BOGOTA D.C;BOGOTA D.C.;Calle 46 No. 3-05;5737488;MINISTERIO DE EDUCACION NACIONAL.;RESOLUCION;8530;6/06/1983;11;www.unilatina.edu.co;NO;;;;MISION;NELLY TERESA;BAUTISTA MOLLER;RECTOR;ACTA;8530;27/11/2014;2/12/2014;1/12/2019;NELLY TERESA;BAUTISTA MOLLER;REPRESENTANTE LEGAL;ACTA;51;27/11/2014;2/12/2014;1/12/2019;;BOGOTA D.C;BOGOTA D.C.
3812;INSTITUCION UNIVERSITARIA MARCO FIDEL SUAREZ - IUMAFIS;ACTIVA;NO INFORMA;PRINCIPAL;CORPORACION;PRIVADA;INSTITUCION UNIVERSITARIA/ESCUELA TECNOLOGICA;ANTIOQUIA;BELLO;Calle 48  50-30;4500040;MINISTERIO DE EDUCACION NACIONAL;RESOLUCION;5060;20/05/1986;13;www.pmfs.edu.co;NO;;;;"|FORMAR EN LAS DISTINTAS AREAS DEL SABER HOMBRES HONESTOS, RESPONSABLES, CRITICOS Y CREADORES, CAPACES DE VIVIR Y COMPARTIR EN COMUNIDAD CON CAPACIDAD, HABILIDAD Y APTITUD INVESTIGADORA; CON  SENTIDO SOCIAL Y CON INTERES PERMANENTE POR CRECER CADA DIA COMO PERSONAS, COMO FAMILIA Y COMO SOCIEDAD.";JAIRO FERNANDO;LOPEZ YEPES;RECTOR;ACTA;5060;19/07/2012;1/08/2012;;JAIRO FERNANDO;LOPEZ YEPES;REPRESENTANTE LEGAL;ACTA;9;19/07/2012;1/08/2012;;"CONVENIO,ANTIOQUIA,MEDELLIN;CONVENIO,ANTIOQUIA,MEDELLIN;CONVENIO,ANTIOQUIA,MEDELLIN;CONVENIO,ANTIOQUIA,MEDELLIN;CONVENIO,ANTIOQUIA,MEDELLIN;CONVENIO,ANTIOQUIA,APARTADO;CONVENIO,ANTIOQUIA,ENVIGADO;";ANTIOQUIA;BELLO
3107;INSTITUCIÖN UNIVERSITARIA PASCUAL BRAVO;ACTIVA;890.980.153;PRINCIPAL;NACIONAL;OFICIAL;INSTITUCION UNIVERSITARIA/ESCUELA TECNOLOGICA;ANTIOQUIA;MEDELLIN;Calle 73 No. 73A-226;4480520;Gobierno Nacional;DECRETO;108;18/01/1950;50;www.pascualbravo.edu.co;NO;;;;"SOMOS UNA INSTITUCION LIDER EN EDUCACION SUPERIOR TECNOLOGICA QUE SE CONSTITUYE EN COMUNIDADES, PARA LA FORMACION DE PROFESIONALES COMPETENTES Y CREATIVOS, CON SENTIDO HUMANISTA, CONCIENCIA SOCIAL, ESPIRITU PLURALISTA Y PARTICIPATIVO.
NUESTRO PROYECTO EDUCATIVO ARTICULA LA DOCENCIA, LA INVESTIGACION, LA EXTENSION Y LA GESTION EN OPTIMOS ESPACIOS DE APRENDIZAJE, RECREACION Y CULTURA CON DOTACION TECNOLOGICA E INFRAESTRUCTURA, CONTRIBUYENDO ASI CON EL DESARROLLO INTEGRAL DEL INDIVIDUO PARA QUE EN UN AMBITO GLOBAL TRANSFORME, INNOVE Y ADAPTE PROCESOS DEL SECTOR EMPRESARIAL Y SOCIAL.
COMO INSTITUCION DE CARACTER PUBLICO, ABIERTA Y DINAMICA, ESTA EXPUESTA A PERMANENTE REFLEXION Y MEJORAMIENTO EN EL CUMPLIMIENTO DE SU ENCARGO SOCIAL.";JUAN PABLO;Arboleda Gaviria;RECTOR;ACUERDO;108;16/03/2018;26/03/2018;26/03/2022;JUAN PABLO;Arboleda Gaviria;REPRESENTANTE LEGAL;ACUERDO;8;16/03/2018;26/03/2018;26/03/2022;;ANTIOQUIA;MEDELLIN
9108;INSTITUTO CARO Y CUERVO;ACTIVA;899999096-6;PRINCIPAL;NACIONAL;OFICIAL;INSTITUCION UNIVERSITARIA/ESCUELA TECNOLOGICA;BOGOTA D.C;BOGOTA D.C.;Calle 10  4-69;3422121;_;NO INFORMA;_;31/12/1969;6;www.caroycuervo.gov.co;NO;;;;;CARMEN ROSA;MILLAN GRAJALES;DIRECTOR;DECRETO;_;20/11/2013;20/11/2013;;CARMEN ROSA;MILLAN GRAJALES;REPRESENTANTE LEGAL;DECRETO;2607;20/11/2013;20/11/2013;;;BOGOTA D.C;BOGOTA D.C.
3805;INSTITUTO DE EDUCACION EMPRESARIAL-IDEE-;ACTIVA;890.317.735-6;PRINCIPAL;CORPORACION;PRIVADA;INSTITUCION TECNOLOGICA;VALLE DEL CAUCA;CALI;Calle 19 Norte 5AN 37, Barrio Versalles;4893450;MINISTERIO DE EDUCACION NACIONAL;RESOLUCION;9872;13/09/1977;11;www.idee.edu.co;NO;;;;"LA CORPORACION EDUCATIVA IDEE ES UNA INSTITUCION DE EDUCACION SUPERIOR ESTABLECIDA EN LA CIUDAD DE SANTIAGO DE CALI, QUE TIENE COMO MISION LA FORMACION INTEGRAL DE SUS EDUCANDOS, PROMOVIENDO EN ELLOS EL ESPIRITU CRITICO-REFLEXIVO, LA AUTONOMIA PERSONAL, LA LIBERTAD DE PENSAMIENTO Y LOS VALORES HUMANOS FUNDAMENTALES, APOYADOS EN LOS POSTULADOS DE LA FILOSOFIA HUMANISTA.
LA COROPORACION EDUCATIVA IDEE INTEGRA LA DOCENCIA, LA INVESTIGACION Y LA PROYECCION SOCIAL, A FIN DE LOGRAR QUE SUS EGRESADOS ALCANCEN UNA ALTA CALIDAD ACADEMICA PROFESIONAL, ACORDE CON LOS PRINCIPIOS Y OBJETIVOS ESTABLECIDOS POR LAS LEYES QUE RIGEN LA EDUCACION SUPERIOR.
COMO INSTITUCION DE CREACION Y DIFUSION DEL CONOCIMIENTO, ESTA ABIERTA A LAS DIEFERENTES CORRIENTES DE PENSAMIENTO Y ALOS AVANCES DE LA CIENCIA Y LA TECNOLOGIA.
COMO INSTITUCION EDUCATIVA DE SERVICIO PUBLICO CULTURAL, AYUDARA A BUSCAR SOLUCIONES A LOS PROBLEMAS DE LA COMUNIDAD LOCAL, REGIONAL Y NACIONAL, MEDIANTE LA PARTICIPACION ACTIVA DE SUS ESTAMENTOS ADMINISTRATIVOS, DOCENTES Y ESTUDIANTILES.";Alberto Carlos;Torres Torres;RECTOR(E);ACTA C.S.;9872;29/03/2016;8/04/2016;;Alberto Carlos;Torres Torres;REPRESENTANTE LEGAL (E);ACTA C.S.;190;29/03/2016;8/04/2016;;;VALLE DEL CAUCA;CALI
3805;INSTITUTO DE EDUCACION EMPRESARIAL-IDEE-;ACTIVA;890.317.735-6;PRINCIPAL;CORPORACION;PRIVADA;INSTITUCION TECNOLOGICA;VALLE DEL CAUCA;CALI;Calle 19 Norte 5AN 37, Barrio Versalles;4893450;MINISTERIO DE EDUCACION NACIONAL;RESOLUCION;9872;13/09/1977;11;www.idee.edu.co;NO;;;;"LA CORPORACION EDUCATIVA IDEE ES UNA INSTITUCION DE EDUCACION SUPERIOR ESTABLECIDA EN LA CIUDAD DE SANTIAGO DE CALI, QUE TIENE COMO MISION LA FORMACION INTEGRAL DE SUS EDUCANDOS, PROMOVIENDO EN ELLOS EL ESPIRITU CRITICO-REFLEXIVO, LA AUTONOMIA PERSONAL, LA LIBERTAD DE PENSAMIENTO Y LOS VALORES HUMANOS FUNDAMENTALES, APOYADOS EN LOS POSTULADOS DE LA FILOSOFIA HUMANISTA.
LA COROPORACION EDUCATIVA IDEE INTEGRA LA DOCENCIA, LA INVESTIGACION Y LA PROYECCION SOCIAL, A FIN DE LOGRAR QUE SUS EGRESADOS ALCANCEN UNA ALTA CALIDAD ACADEMICA PROFESIONAL, ACORDE CON LOS PRINCIPIOS Y OBJETIVOS ESTABLECIDOS POR LAS LEYES QUE RIGEN LA EDUCACION SUPERIOR.
COMO INSTITUCION DE CREACION Y DIFUSION DEL CONOCIMIENTO, ESTA ABIERTA A LAS DIEFERENTES CORRIENTES DE PENSAMIENTO Y ALOS AVANCES DE LA CIENCIA Y LA TECNOLOGIA.
COMO INSTITUCION EDUCATIVA DE SERVICIO PUBLICO CULTURAL, AYUDARA A BUSCAR SOLUCIONES A LOS PROBLEMAS DE LA COMUNIDAD LOCAL, REGIONAL Y NACIONAL, MEDIANTE LA PARTICIPACION ACTIVA DE SUS ESTAMENTOS ADMINISTRATIVOS, DOCENTES Y ESTUDIANTILES.";ALBERTO CARLOS BERNARDO;TORRES TORRES;RECTOR;ACTA;9872;13/03/2012;8/04/2012;7/04/2016;ALBERTO CARLOS BERNARDO;TORRES TORRES;REPRESENTANTE LEGAL;ACTA;171;13/03/2012;8/04/2012;7/04/2016;;VALLE DEL CAUCA;CALI
3805;INSTITUTO DE EDUCACION EMPRESARIAL-IDEE-;ACTIVA;890.317.735-6;PRINCIPAL;CORPORACION;PRIVADA;INSTITUCION TECNOLOGICA;VALLE DEL CAUCA;CALI;Calle 19 Norte 5AN 37, Barrio Versalles;4893450;MINISTERIO DE EDUCACION NACIONAL;RESOLUCION;9872;13/09/1977;11;www.idee.edu.co;NO;;;;"LA CORPORACION EDUCATIVA IDEE ES UNA INSTITUCION DE EDUCACION SUPERIOR ESTABLECIDA EN LA CIUDAD DE SANTIAGO DE CALI, QUE TIENE COMO MISION LA FORMACION INTEGRAL DE SUS EDUCANDOS, PROMOVIENDO EN ELLOS EL ESPIRITU CRITICO-REFLEXIVO, LA AUTONOMIA PERSONAL, LA LIBERTAD DE PENSAMIENTO Y LOS VALORES HUMANOS FUNDAMENTALES, APOYADOS EN LOS POSTULADOS DE LA FILOSOFIA HUMANISTA.
LA COROPORACION EDUCATIVA IDEE INTEGRA LA DOCENCIA, LA INVESTIGACION Y LA PROYECCION SOCIAL, A FIN DE LOGRAR QUE SUS EGRESADOS ALCANCEN UNA ALTA CALIDAD ACADEMICA PROFESIONAL, ACORDE CON LOS PRINCIPIOS Y OBJETIVOS ESTABLECIDOS POR LAS LEYES QUE RIGEN LA EDUCACION SUPERIOR.
COMO INSTITUCION DE CREACION Y DIFUSION DEL CONOCIMIENTO, ESTA ABIERTA A LAS DIEFERENTES CORRIENTES DE PENSAMIENTO Y ALOS AVANCES DE LA CIENCIA Y LA TECNOLOGIA.
COMO INSTITUCION EDUCATIVA DE SERVICIO PUBLICO CULTURAL, AYUDARA A BUSCAR SOLUCIONES A LOS PROBLEMAS DE LA COMUNIDAD LOCAL, REGIONAL Y NACIONAL, MEDIANTE LA PARTICIPACION ACTIVA DE SUS ESTAMENTOS ADMINISTRATIVOS, DOCENTES Y ESTUDIANTILES.";ALBERTO CARLOS BERNARDO;TORRES TORRES;RECTOR;ACTA;9872;13/03/2012;8/04/2012;7/04/2016;Alberto Carlos;Torres Torres;REPRESENTANTE LEGAL (E);ACTA C.S.;190;29/03/2016;8/04/2016;;;VALLE DEL CAUCA;CALI
3805;INSTITUTO DE EDUCACION EMPRESARIAL-IDEE-;ACTIVA;890.317.735-6;PRINCIPAL;CORPORACION;PRIVADA;INSTITUCION TECNOLOGICA;VALLE DEL CAUCA;CALI;Calle 19 Norte 5AN 37, Barrio Versalles;4893450;MINISTERIO DE EDUCACION NACIONAL;RESOLUCION;9872;13/09/1977;11;www.idee.edu.co;NO;;;;"LA CORPORACION EDUCATIVA IDEE ES UNA INSTITUCION DE EDUCACION SUPERIOR ESTABLECIDA EN LA CIUDAD DE SANTIAGO DE CALI, QUE TIENE COMO MISION LA FORMACION INTEGRAL DE SUS EDUCANDOS, PROMOVIENDO EN ELLOS EL ESPIRITU CRITICO-REFLEXIVO, LA AUTONOMIA PERSONAL, LA LIBERTAD DE PENSAMIENTO Y LOS VALORES HUMANOS FUNDAMENTALES, APOYADOS EN LOS POSTULADOS DE LA FILOSOFIA HUMANISTA.
LA COROPORACION EDUCATIVA IDEE INTEGRA LA DOCENCIA, LA INVESTIGACION Y LA PROYECCION SOCIAL, A FIN DE LOGRAR QUE SUS EGRESADOS ALCANCEN UNA ALTA CALIDAD ACADEMICA PROFESIONAL, ACORDE CON LOS PRINCIPIOS Y OBJETIVOS ESTABLECIDOS POR LAS LEYES QUE RIGEN LA EDUCACION SUPERIOR.
COMO INSTITUCION DE CREACION Y DIFUSION DEL CONOCIMIENTO, ESTA ABIERTA A LAS DIEFERENTES CORRIENTES DE PENSAMIENTO Y ALOS AVANCES DE LA CIENCIA Y LA TECNOLOGIA.
COMO INSTITUCION EDUCATIVA DE SERVICIO PUBLICO CULTURAL, AYUDARA A BUSCAR SOLUCIONES A LOS PROBLEMAS DE LA COMUNIDAD LOCAL, REGIONAL Y NACIONAL, MEDIANTE LA PARTICIPACION ACTIVA DE SUS ESTAMENTOS ADMINISTRATIVOS, DOCENTES Y ESTUDIANTILES.";Alberto Carlos;Torres Torres;RECTOR(E);ACTA C.S.;9872;29/03/2016;8/04/2016;;ALBERTO CARLOS BERNARDO;TORRES TORRES;REPRESENTANTE LEGAL;ACTA;171;13/03/2012;8/04/2012;7/04/2016;;VALLE DEL CAUCA;CALI
4101;INSTITUTO DE EDUCACION TECNICA PROFESIONAL DE ROLDANILLO;ACTIVA;891.902.811-0;PRINCIPAL;DEPARTAMENTAL;OFICIAL;INSTITUCION TECNICA PROFESIONAL;VALLE DEL CAUCA;ROLDANILLO;Carrera 7 10-20 Roldanillo;2298586;Gobierno Nacional.;DECRETO;1093;17/05/1979;36;www.intep.edu.co;NO;;;;NUESTRA INSTITUCION ES UN LUGAR DE ENCUENTRO DE SABERES PARA LA SOCIEDAD, QUE PERMITIRA LA FORMACION UNIVERSAL, INTEGRAL DE PROFESIONALES, PARA QUE LIDEREN EL DESARROLLO LOCAL, REGIONAL Y NACIONAL.;GERMAN;COLONIA ALCALDE;RECTOR SUPLENTE;ACUERDO;1093;28/10/2016;1/11/2016;31/10/2019;GERMAN;COLONIA ALCALDE;REPRESENTANTE LEGAL;ACUERDO;18;30/10/2013;1/11/2013;31/10/2016;;VALLE DEL CAUCA;ROLDANILLO
4101;INSTITUTO DE EDUCACION TECNICA PROFESIONAL DE ROLDANILLO;ACTIVA;891.902.811-0;PRINCIPAL;DEPARTAMENTAL;OFICIAL;INSTITUCION TECNICA PROFESIONAL;VALLE DEL CAUCA;ROLDANILLO;Carrera 7 10-20 Roldanillo;2298586;Gobierno Nacional.;DECRETO;1093;17/05/1979;36;www.intep.edu.co;NO;;;;NUESTRA INSTITUCION ES UN LUGAR DE ENCUENTRO DE SABERES PARA LA SOCIEDAD, QUE PERMITIRA LA FORMACION UNIVERSAL, INTEGRAL DE PROFESIONALES, PARA QUE LIDEREN EL DESARROLLO LOCAL, REGIONAL Y NACIONAL.;GERMAN;COLONIA ALCALDE;RECTOR;ACUERDO;1093;30/10/2013;1/11/2013;31/10/2016;GERMAN;COLONIA ALCALDE;REPRESENTANTE LEGAL;ACUERDO;18;30/10/2013;1/11/2013;31/10/2016;;VALLE DEL CAUCA;ROLDANILLO
2206;INSTITUTO DEPARTAMENTAL DE BELLAS ARTES;ACTIVA;890.325.989-3;PRINCIPAL;DEPARTAMENTAL;OFICIAL;INSTITUCION UNIVERSITARIA/ESCUELA TECNOLOGICA;VALLE DEL CAUCA;CALI;Avenida 2a. Norte  7N-28;4883030;Asamblea Departamental del Valle;ORDENANZA;8;16/09/1936;4;www.bellasartes.edu.co;NO;;;;MISION;RamΩn Daniel;Espinosa Rodr≠guez;RECTOR SUPLENTE;ACUERDO C.D.;8;10/10/2016;18/11/2016;31/12/2016;RAMÖN DANIEL;ESPINOSA RODRôGUEZ;REPRESENTANTE LEGAL;ACUERDO C.D.;24;18/11/2016;1/01/2017;31/12/2020;;VALLE DEL CAUCA;CALI
2206;INSTITUTO DEPARTAMENTAL DE BELLAS ARTES;ACTIVA;890.325.989-3;PRINCIPAL;DEPARTAMENTAL;OFICIAL;INSTITUCION UNIVERSITARIA/ESCUELA TECNOLOGICA;VALLE DEL CAUCA;CALI;Avenida 2a. Norte  7N-28;4883030;Asamblea Departamental del Valle;ORDENANZA;8;16/09/1936;4;www.bellasartes.edu.co;NO;;;;MISION;RamΩn Daniel;Espinosa Rodr≠guez;RECTOR;ACUERDO;8;18/11/2016;1/01/2017;31/12/2020;RAMÖN DANIEL;ESPINOSA RODRôGUEZ;REPRESENTANTE LEGAL;ACUERDO C.D.;24;18/11/2016;1/01/2017;31/12/2020;;VALLE DEL CAUCA;CALI
4111;INSTITUTO NACIONAL DE FORMACION TECNICA PROFESIONAL - HUMBERTO VELASQUEZ GARCIA;ACTIVA;891.701.932-0;PRINCIPAL;DEPARTAMENTAL;OFICIAL;INSTITUCION TECNICA PROFESIONAL;MAGDALENA;CIENAGA;Calle 10 12-22 Plaza del Centenario;4240800;Gobierno Nacional.;DECRETO;3506;10/12/1981;8;www.infotephvg.edu.co;NO;;;;EL INFOTEP, SE CONSTITUYE EN UN ESPACIO ACADEMICO, ADMINISTRATIVO E INVESTIGATIVO CON SENTIDO ABIERTO Y UNIVERSAL, PROPICIANDO LA FORMACION DE CIUDADANOS HACIA UNA INTEGRALIDAD PARA EL FORTALECIMIENTO DE SUS VALORES. GENERADOR DE CONOCIMIENTOS CRITICOS QUE PERMITAN INTERPRETAR, COMPRENDER, Y TRANSFORMAR LA REALIDAD SOCIAL, ECONOMICA, POLITICA, ECOLOGICA Y CULTURAL A TRAVES DE SUS PROGRAMAS,  LICENCIATURAS EN EDUCACION, TECNICOS EN CIENCIAS CONTABLES Y CIENCIAS AGROPECUARIAS.;CAMILO DAVID;CASTRO STAND;RECTOR;ACUERDO C.D.;3506;19/05/2015;21/05/2015;20/05/2019;CAMILO DAVID;CASTRO STAND;REPRESENTANTE LEGAL;ACUERDO;6;19/05/2015;21/05/2015;20/05/2019;;MAGDALENA;CIENAGA
4106;INSTITUTO NACIONAL DE FORMACION TECNICA PROFESIONAL DE SAN ANDRES;ACTIVA;892.400.461.5;PRINCIPAL;NACIONAL;OFICIAL;INSTITUCION TECNICA PROFESIONAL;SAN ANDRES Y PROVIDENCIA;SAN ANDRES;Barrio Sarie Bay con Av. Colombia;5125916;Gobierno Nacional;DECRETO;176;29/01/1980;3;www.infotepsai.edu.co;NO;;;;"EL INSTITUTO NACIONAL DE FORMACION TECNICA PROFESIONAL ES UN ESTABLECIMIENTO PUBLICO DE EDUCACION SUPERIOR DESTINADO A LIDERAR LA FORMACION TECNICA DEL RECURSO HUMANO PARA EL DEPARTAMENTO ARCHIPIêLAGO DE SAN ANDRêS, PROVIDENCIA Y SANTA CATALINA, GENERANDO EL CONOCIMIENTO CIENTIFICO A PARTIR DE UN SABER PREVIO DE LOS ESTUDIANTES; PROPICIARÊ A SU VEZ LA CONSTRUCCIÖN, VIVIFICACIÖN Y CONSOLIDACIÖN DE VALORES DESARROLLANDO EN EL HOMBRE ACTITUDES DE LIDERAZGO, CAPACIDAD GERENCIAL, SENTIDO DE COMPROMISO, ESPôRITU DE SERVICIO Y CONSERVACIÖN DE SUS TRADICIONES CULTURALES.";Silvia Elena;Montoya Duffis;RECTOR;ACUERDO C.D.;176;22/06/2016;5/07/2016;5/07/2019;Silvia Elena;Montoya Duffis;REPRESENTANTE LEGAL;ACUERDO C.D.;16;22/06/2016;5/07/2016;5/07/2019;"CONVENIO,BOGOTA D.C,BOGOTA D.C.;";SAN ANDRES Y PROVIDENCIA;SAN ANDRES
4102;INSTITUTO NACIONAL DE FORMACION TECNICA PROFESIONAL DE SAN JUAN DEL CESAR;ACTIVA;860.402.193-9;PRINCIPAL;NACIONAL;OFICIAL;INSTITUCION TECNICA PROFESIONAL;GUAJIRA;SAN JUAN DEL CESAR;Carrera 13 7A-61 Barrio 20 de Julio;7740098;Gobierno Nacional.;DECRETO;1098;17/03/1979;11;No disponible;NO;;;;* *;LUIS ALFONSO;Perez Guerra;RECTOR;ACUERDO;1098;6/04/2018;13/07/2018;12/07/2022;LUIS ALFONSO;Perez Guerra;REPRESENTANTE LEGAL;ACUERDO;11;6/04/2018;13/07/2018;12/07/2022;;GUAJIRA;SAN JUAN DEL CESAR
3809;INSTITUTO SUPERIOR DE CIENCIAS SOCIALES Y ECONOMICO FAMILIARES-ICSEF-;ACTIVA;860.032.286-7;PRINCIPAL;CORPORACION;PRIVADA;INSTITUCION TECNOLOGICA;BOGOTA D.C;BOGOTA D.C.;Diagonal 182 No. 20-17 Interior 6 Of. 521;6167243;MINISTERIO DE JUSTICIA;RESOLUCION;1667;15/06/1971;10;www.icsef.edu.co;NO;;;;* *;INES ALBERTINA;ECIMA VALBUENA;RECTOR;NO INFORMA;1667;5/12/2018;5/02/2019;4/02/2022;INES ALBERTINA;ECIMA VALBUENA;REPRESENTANTE LEGAL;NO INFORMA;68;5/12/2018;5/02/2019;4/02/2022;;BOGOTA D.C;BOGOTA D.C.
3102;INSTITUTO SUPERIOR DE EDUCACION RURAL-ISER-;ACTIVA;890.501.578;PRINCIPAL;DEPARTAMENTAL;OFICIAL;INSTITUCION TECNOLOGICA;NORTE DE SANTANDER;PAMPLONA;Calle  8   No.8-155;682597;Gobierno Nacional.;DECRETO;2365;18/09/1956;14;www.iser.edu.co;NO;;;;MISION;MARIO AUGUSTO;Contreras Medina;RECTOR;ACUERDO;2365;11/02/2019;11/02/2019;10/02/2023;MARIO AUGUSTO;Contreras Medina;REPRESENTANTE LEGAL;ACUERDO;2;11/02/2019;11/02/2019;10/02/2023;;NORTE DE SANTANDER;PAMPLONA
4107;INSTITUTO TECNICO AGRICOLA ITA;ACTIVA;800.124.023-4;PRINCIPAL;MUNICIPAL;OFICIAL;INSTITUCION TECNICA PROFESIONAL;VALLE DEL CAUCA;GUADALAJARA DE BUGA ;Carrera 13   Calle 26C;2360673;Gobierno Nacional.;DECRETO;603;14/03/1966;22;www.ita.edu.co;NO;;;;"NUESTRA INSTITUCIÖN ES UN ESTABLECIMIENTO PÇBLICO DE EDUCACIÖN SUPERIOR QUE OFRECE PROGRAMAS TêCNICOS Y TENOLÖGICOS EN CONVENIO,  A ESTUDIANTES DE LA CIUDAD Y DE SU ZONA DE INFLUENCIA.

SU MISIÖN ES BRINDAR UN SERVICIO DE CALIDAD PARA EL DESARROLLO INTEGRAL DE LA COMUNIDAD EDUCATIVA, BUSCANDO PRODUCIR, TRANSFERIR Y DIFUNDIR EL CONOCIMIENTO HUMANôSTICO, TECNOLÖGICO Y CIENTôFICO, CONTANDO PARA ELLO CON RECURSO HUMANO IDÖNEO, MOTIVADO Y COMPROMETIDO CON LOS OBJETIVOS DE LA INSTITUCIÖN.";GUSTAVO ADOLFO;RUBIO LOZANO;RECTOR;ACUERDO C.D.;603;14/09/2017;23/09/2017;22/09/2021;GUSTAVO ADOLFO;RUBIO LOZANO;REPRESENTANTE LEGAL;ACUERDO;8;14/09/2017;23/09/2017;22/09/2021;;VALLE DEL CAUCA;GUADALAJARA DE BUGA 
4109;INSTITUTO TECNICO NACIONAL DE COMERCIO SIMON RODRIGUEZ - INTENALCO;ACTIVA;800.248.004-7;PRINCIPAL;NACIONAL;OFICIAL;INSTITUCION TECNICA PROFESIONAL;VALLE DEL CAUCA;CALI;Avenida 4 Norte # 34AN-18 Barrio Prados de˘ Norte Comuna No 02;6553333;Ministerio de Educacion Nacional.;RESOLUCION;20500;16/11/1979;10;www.intenalco.edu.co;NO;;;;INTENALCO, ES UNA ORGANIZACI˘N DEL ESTADO QUE FORMA PROFESIONALES  NIVEL TECNICO CON EXCELENTES BASES ACAD˘MICAS EN EL ˘REA DEL COMERCIO, CAPACITANDO PARA LA EMPRESA, CON VISION FUTURISTA, CON GRANDES VALORES ˘TICOS Y HUMANOS, AUT˘NOMOS Y PERSEVERANTES, , CAPACES DE ASUMIR EL RIESGO DEFENDIENDO SUS DERECHOS, RESPETANDO LOS DE LOS DEM˘S Y FOMENTANDO LA PRESERVACI˘N DEL MEDIO AMBIENTE.;NEYL;Grizales Arana;RECTOR;ACUERDO;20500;25/01/2019;1/02/2019;31/01/2024;NEYL;Grizales Arana;REPRESENTANTE LEGAL;ACUERDO C.D.;5;13/11/2018;1/02/2019;31/01/2024;"CONVENIO,VALLE DEL CAUCA,CALI;CONVENIO,VALLE DEL CAUCA,PALMIRA;CONVENIO,VALLE DEL CAUCA,PALMIRA;";VALLE DEL CAUCA;CALI
9109;INSTITUTO TECNOLOGICO DE ELECTRONICA Y COMUNICACIONES-ITEC-;ACTIVA;NO INFORMA;PRINCIPAL;NACIONAL;OFICIAL;INSTITUCION TECNOLOGICA;BOGOTA D.C;BOGOTA D.C.;TRV 49 No. 105-84;;SIN DATO;NO INFORMA;SIN DATO;19/03/2007;0;null;NO;;;;MISION;;;;;SIN DATO;;;;;;;;;;;;;BOGOTA D.C;BOGOTA D.C.
3115;INSTITUTO TECNOLOGICO DEL PUTUMAYO;ACTIVA;800.247.940-1;PRINCIPAL;DEPARTAMENTAL;OFICIAL;INSTITUCION TECNOLOGICA;PUTUMAYO;MOCOA;Barrio la Esmeralda aire libre;4296105;Congreso de la Republica.;LEY;65;11/12/1989;29;www.itp.edu.co;NO;;;;MISION;MARISOL;GONZALEZ OSSA;RECTOR;ACUERDO C.D.;65;23/10/2018;25/10/2018;24/10/2022;MARISOL;GONZALEZ OSSA;REPRESENTANTE LEGAL;ACUERDO C.D.;23;23/10/2018;25/10/2018;24/10/2022;;PUTUMAYO;MOCOA
3116;INSTITUTO TECNOLOGICO DEL PUTUMAYO;ACTIVA;800.247.940-1;SECCIONAL;DEPARTAMENTAL;OFICIAL;INSTITUCION TECNOLOGICA;PUTUMAYO;SIBUNDOY;Via Canal C Granja Versalles;4296105;Congreso de la Republica.;LEY;65;11/12/1989;0;www.itp.edu.co;NO;;;;MISION;MARISOL;GONZALEZ OSSA;RECTOR;ACUERDO;65;3/09/2014;5/09/2014;4/09/2018;MARISOL;GONZALEZ OSSA;REPRESENTANTE LEGAL;ACUERDO;8;3/09/2014;5/09/2014;4/09/2018;;PUTUMAYO;SIBUNDOY
3302;INSTITUTO TECNOLOGICO METROPOLITANO;ACTIVA;800214750-7;PRINCIPAL;MUNICIPAL;OFICIAL;INSTITUCION UNIVERSITARIA/ESCUELA TECNOLOGICA;ANTIOQUIA;MEDELLIN;Calle 73 NO. 76A-354 V≠a al Volador;4405100;Concejo Municipal;ACUERDO;42;18/09/1991;49;www.itm.edu.co;SI;14/03/2014;3499;6;EL INSTITUTO TECNOLOGICO METROPOLITANO:  ES UN ESTABLECIMIENTO DE CARACTER PUBLICO Y DE NATURALEZA AUTONOMA,  ADSCRITO A LA ALCALDIA DE MEDELLIN,  PRESTA UN SERVICIO PUBLICO CULTURAL EN EDUCACION SUPERIOR,  PARA LA FORMACION INTEGRAL DE TALENTO HUMANO CALIFICADO EN CIENCIA Y TECNOLOGIA Y TECNICOS IDONEOS,  POR MEDIO DE PROGRAMAS ADSCRITOS,  QUE GENERE UN PROCESO EDUCATIVO DE CALIDAD Y DE PROMOCION A ESCALA HUMANA QUE HABILITE PARA LA VIDA Y EL TRABAJO,  FUNDAMENTADO EN APRENDER A SER,  APRENDER A HACER Y APRENDER A APRENDER,  DENTRO DE UN CONTEXTO DE INVESTIGACION,  DOCENCIA Y EXTENSION,  PARA UN OPTIMO DESARROLLO DEL SABER,  LA DIGNIDAD HUMANA,  LA SOLIDARIDAD COLECTIVA Y UNA CONSCIENCIA SOCIAL Y ECOLOGICA.;MAR˘A VICTORIA;Mej˘a Orozco;RECTOR;ACUERDO;42;19/08/2015;19/08/2015;19/08/2019;MAR˘A VICTORIA;Mej˘a Orozco;REPRESENTANTE LEGAL;ACUERDO;30;19/08/2015;19/08/2015;19/08/2019;;ANTIOQUIA;MEDELLIN
4110;INSTITUTO TOLIMENSE DE FORMACION TECNICA PROFESIONAL;ACTIVA;800.173.719-0;PRINCIPAL;NACIONAL;OFICIAL;INSTITUCION TECNICA PROFESIONAL;TOLIMA;ESPINAL (CHICORAL) ;Calle 18 Carrera 1› Barrio Arkabal;2483501;Gobierno Nacional.;DECRETO;3462;24/12/1980;28;www.itfip.edu.co;NO;;;;FORMAR TECNICOS PROFESIONALES MEDIANTE PROCESOS EDUCATIVOS CALIFICADOS EN LA INVESTIGACION, LA TECNOLOGIA Y LA EXTENSION PARA CONTRIBUIR AL DESARROLLO DEL DEPARTAMENTO DEL TOLIMA Y DEL PAIS.;ISABEL;ORTIZ SERRANO;RECTOR(E);ACUERDO C.D.;3462;7/03/2017;8/03/2017;8/06/2017;MARIO FERNANDO;DIAZ PAVA;REPRESENTANTE LEGAL;ACUERDO C.D.;20;15/06/2017;16/06/2017;15/06/2020;;TOLIMA;ESPINAL (CHICORAL) 
4110;INSTITUTO TOLIMENSE DE FORMACION TECNICA PROFESIONAL;ACTIVA;800.173.719-0;PRINCIPAL;NACIONAL;OFICIAL;INSTITUCION TECNICA PROFESIONAL;TOLIMA;ESPINAL (CHICORAL) ;Calle 18 Carrera 1› Barrio Arkabal;2483501;Gobierno Nacional.;DECRETO;3462;24/12/1980;28;www.itfip.edu.co;NO;;;;FORMAR TECNICOS PROFESIONALES MEDIANTE PROCESOS EDUCATIVOS CALIFICADOS EN LA INVESTIGACION, LA TECNOLOGIA Y LA EXTENSION PARA CONTRIBUIR AL DESARROLLO DEL DEPARTAMENTO DEL TOLIMA Y DEL PAIS.;MARIO FERNANDO;DIAZ PAVA;RECTOR;ACUERDO C.D.;3462;15/06/2017;16/06/2017;15/06/2020;MARIO FERNANDO;DIAZ PAVA;REPRESENTANTE LEGAL;ACUERDO C.D.;20;15/06/2017;16/06/2017;15/06/2020;;TOLIMA;ESPINAL (CHICORAL) 
2716;INSTITUTO UNIVERSITARIO DE HISTORIA DE COLOMBIA;INACTIVA;899999326-5;PRINCIPAL;FUNDACION;PRIVADA;INSTITUCION UNIVERSITARIA/ESCUELA TECNOLOGICA;BOGOTA D.C;BOGOTA D.C.;Calle 10 8-95;2825336;MINISTERIO DE EDUCACION NACIONAL.;RESOLUCION;9419;16/06/1983;0;No disponible;NO;;;;MISION;ANTONIO;CACUA PRADA;RECTOR;NO INFORMA;9419;1/08/1983;30/08/1983;;ANTONIO;CACUA PRADA;REPRESENTANTE LEGAL;NO INFORMA;911;2/07/2003;28/01/1997;;;BOGOTA D.C;BOGOTA D.C.
2207;INSTITUTO UNIVERSITARIO DE LA PAZ;ACTIVA;800.024.581-3;PRINCIPAL;DEPARTAMENTAL;OFICIAL;INSTITUCION UNIVERSITARIA/ESCUELA TECNOLOGICA;SANTANDER;BARRANCABERMEJA;Centro de Investigaciones Santa Lucia, Kim. 14, via Bucaramanga,;6025185;Gobernacion de Santander;NO INFORMA;331;19/11/1987;30;www.unipaz.edu.co;NO;;;;EL INSTITUTO UNIVERSITARIO DE LA PAZ ES UNA INSTITUCION DE EDUCACION SUPERIOR DE CARACTER PUBLICO, DEL ORDEN DEPARTAMENTAL, COMPROMETIDA CON EL DESARROLLO DE LA CULTURA Y LA CIENCIA, SIN PERDER DE VISTA LOS SABERES ACUMULADOS POR LAS COMUNIDADES, EN UN MARCO DE AUTONOMIA EXPRESADO EN LIBERTAD DE PENSAMIENTO Y PLURALISMO IDEOLOGICO, DE LIBERTAD DE ENSE?ANZA, DE APRENDIZAJE, DE INVESTIGACION Y DE CATEDRA. CONTRIBUYE AL DESARROLLO HUMANO, URBANO Y RURAL DEL MAGDALENA MEDIO Y DEL PAIS, ENTENDIDO ESTE COMO LA TRANSFORMACION DE LAS CONDICIONES ECONOMICAS, SOCIALES, POLITICAS Y CULTURALES DE LA POBLACION, FORMANDO MUJERES Y HOMBRES QUE CON DIGNIDAD, TRABAJEN POR LA PAZ EN ARMONIA CON LA NATURALEZA.;OSCAR ORLANDO;PORRAS ATENCIA;RECTOR;ACUERDO;331;6/06/2018;10/09/2018;9/09/2022;OSCAR ORLANDO;PORRAS ATENCIA;REPRESENTANTE LEGAL;ACUERDO;CDI 09;6/06/2018;10/09/2018;9/09/2022;;SANTANDER;BARRANCABERMEJA
9128;LCI - FUNDACION TECNOLOGICA;ACTIVA;900262351;PRINCIPAL;FUNDACION;PRIVADA;INSTITUCION TECNOLOGICA;BOGOTA D.C;BOGOTA D.C.;Cra. 13 # 75-74;2174757;MINISTERIO DE EDUCACION NACIONAL;RESOLUCION;8973;1/12/2008;17;No disponible;NO;;;;Mision no diponible;PAULA;Perotti;RECTOR;ACTA;8973;14/06/2011;14/06/2011;;prueba 4;prueba 4;SEGUNDO REPRESENTANTE LEGAL SUPLENTE;ACUERDO;565656;16/05/2017;9/05/2017;24/05/2017;;BOGOTA D.C;BOGOTA D.C.
9128;LCI - FUNDACION TECNOLOGICA;ACTIVA;900262351;PRINCIPAL;FUNDACION;PRIVADA;INSTITUCION TECNOLOGICA;BOGOTA D.C;BOGOTA D.C.;Cra. 13 # 75-74;2174757;MINISTERIO DE EDUCACION NACIONAL;RESOLUCION;8973;1/12/2008;17;No disponible;NO;;;;Mision no diponible;PAULA;Perotti;RECTOR;ACTA;8973;14/06/2011;14/06/2011;;PAULA;PEROTTI;REPRESENTANTE LEGAL;ACTA;1;14/06/2011;14/06/2011;;;BOGOTA D.C;BOGOTA D.C.
9128;LCI - FUNDACION TECNOLOGICA;ACTIVA;900262351;PRINCIPAL;FUNDACION;PRIVADA;INSTITUCION TECNOLOGICA;BOGOTA D.C;BOGOTA D.C.;Cra. 13 # 75-74;2174757;MINISTERIO DE EDUCACION NACIONAL;RESOLUCION;8973;1/12/2008;17;No disponible;NO;;;;Mision no diponible;PAULA;Perotti;RECTOR;ACTA;8973;14/06/2011;14/06/2011;;KIKE;SANTANDER;SEGUNDO REPRESENTANTE LEGAL ENCARGADO;DECRETO;543;17/05/2017;17/05/2017;16/05/2021;;BOGOTA D.C;BOGOTA D.C.
2209;POLITECNICO COLOMBIANO JAIME ISAZA CADAVID;ACTIVA;890.980.136-6;PRINCIPAL;DEPARTAMENTAL;OFICIAL;INSTITUCION UNIVERSITARIA/ESCUELA TECNOLOGICA;ANTIOQUIA;MEDELLIN;Carrera 48  7-151;3105133;Gobierno Departamental de Antioquia.;DECRETO;33;27/01/1964;44;www.politecnicojic.edu.co;NO;;;;MISION;LIBARDO;Alvarez Lopera;RECTOR;ACUERDO C.D.;33;7/11/2017;9/12/2017;8/12/2021;LIBARDO;Alvarez Lopera;REPRESENTANTE LEGAL;ACUERDO C.D.;22;7/11/2017;9/12/2017;8/12/2021;;ANTIOQUIA;MEDELLIN
2725;POLITECNICO GRANCOLOMBIANO;ACTIVA;860.078.643-1;PRINCIPAL;FUNDACION;PRIVADA;INSTITUCION UNIVERSITARIA/ESCUELA TECNOLOGICA;BOGOTA D.C;BOGOTA D.C.;Calle 57  3-00 Este;7455555;MINISTERIO DE EDUCACION NACIONAL;RESOLUCION;19349;4/11/1980;107;www.poli.edu.co;NO;;;;"EL POLITêCNICO GRANCOLOMBIANO ES UNA FUNDACIÖN PRIVADA SIN ÊNIMO DE LUCRO, CON EL CARACTER DE INSTITUCIÖN UNIVERSITARIA. COMO COMUNIDAD MODERNA, PLURALISTA Y DEMOCRÊTICA, SE FUNDAMENTA EN LOS VALORES DE LA êTICA, LA LIBERTAD, EL RESPETO Y LA CONVIVENCIA. DESEMPEæA LA FUNCIÖN QUE LE COMPETE CON UNA CLARA CONCIENCIA DE RESPONSABILIDAD SOCIAL Y CON LA AUTONOMôA QUE LA CONSTITUCIÖN Y LAS LEYES LE OTORGAN.

EL COMPROMISO DEL POLITêCNICO GRANCOLOMBIANO ES LA FORMACIÖN DEL TALENTO HUMANO CAPAZ DE INFLUIR POSITIVAMENTE EN EL DESARROLLO Y TRANSFORMACIÖN DE LA ORGANIZACIÖN EMPRESARIAL, A TRAVêS DE PROGRAMAS DE EDUCACIÖN FORMAL. CONTINUADA Y AVANZADA.

EN SU PROPOSITO DE ALCANZAR LA EXCELENCIA ACADêMICA, EL POLITêCNICO GRANCOLOMBIANO FORTALECE EL PROCESO DE ENSEæANZA-APRENDIZAJE Y LA INVESTIGACIÖN APLICADA A LA PROYECCIÖN HACIA LA COMUNIDAD, FACILITANDO A LOS ESTUDIANTES, DOCENTES, Y DIRECTIVOS, LA CONSTRUCCIÖN TRANSFORMACIÖN Y EVALUACIÖN DEL CONOCIMIENTO; ASô COMO LAS CAPACIDADES DE LIDERAZGO PARA PARTICIPAR EN UN ENTORNO CARACTERIZADO POR EL DESARROLLO SOSTENIBLE, LA GLOBALIZACIÖN, LA COMPETITIVIDAD Y LOS AVANCES TECNOLÖGICOS";FERNANDO;DAVILA LADRON DE GUEVARA;RECTOR;ACTA C.S.;19349;6/12/2017;1/02/2018;31/01/2020;JURGEN;CHIARI ESCOBAR;PRIMER REPRESENTANTE LEGAL SUPLENTE;ACTA C.S.;75;29/01/2016;1/02/2016;31/01/2018;;BOGOTA D.C;BOGOTA D.C.
2725;POLITECNICO GRANCOLOMBIANO;ACTIVA;860.078.643-1;PRINCIPAL;FUNDACION;PRIVADA;INSTITUCION UNIVERSITARIA/ESCUELA TECNOLOGICA;BOGOTA D.C;BOGOTA D.C.;Calle 57  3-00 Este;7455555;MINISTERIO DE EDUCACION NACIONAL;RESOLUCION;19349;4/11/1980;107;www.poli.edu.co;NO;;;;"EL POLITêCNICO GRANCOLOMBIANO ES UNA FUNDACIÖN PRIVADA SIN ÊNIMO DE LUCRO, CON EL CARACTER DE INSTITUCIÖN UNIVERSITARIA. COMO COMUNIDAD MODERNA, PLURALISTA Y DEMOCRÊTICA, SE FUNDAMENTA EN LOS VALORES DE LA êTICA, LA LIBERTAD, EL RESPETO Y LA CONVIVENCIA. DESEMPEæA LA FUNCIÖN QUE LE COMPETE CON UNA CLARA CONCIENCIA DE RESPONSABILIDAD SOCIAL Y CON LA AUTONOMôA QUE LA CONSTITUCIÖN Y LAS LEYES LE OTORGAN.

EL COMPROMISO DEL POLITêCNICO GRANCOLOMBIANO ES LA FORMACIÖN DEL TALENTO HUMANO CAPAZ DE INFLUIR POSITIVAMENTE EN EL DESARROLLO Y TRANSFORMACIÖN DE LA ORGANIZACIÖN EMPRESARIAL, A TRAVêS DE PROGRAMAS DE EDUCACIÖN FORMAL. CONTINUADA Y AVANZADA.

EN SU PROPOSITO DE ALCANZAR LA EXCELENCIA ACADêMICA, EL POLITêCNICO GRANCOLOMBIANO FORTALECE EL PROCESO DE ENSEæANZA-APRENDIZAJE Y LA INVESTIGACIÖN APLICADA A LA PROYECCIÖN HACIA LA COMUNIDAD, FACILITANDO A LOS ESTUDIANTES, DOCENTES, Y DIRECTIVOS, LA CONSTRUCCIÖN TRANSFORMACIÖN Y EVALUACIÖN DEL CONOCIMIENTO; ASô COMO LAS CAPACIDADES DE LIDERAZGO PARA PARTICIPAR EN UN ENTORNO CARACTERIZADO POR EL DESARROLLO SOSTENIBLE, LA GLOBALIZACIÖN, LA COMPETITIVIDAD Y LOS AVANCES TECNOLÖGICOS";FERNANDO;DAVILA LADRON DE GUEVARA;RECTOR;ACTA C.S.;19349;6/12/2017;1/02/2018;31/01/2020;FERNANDO;DAVILA LADRON DE GUEVARA;REPRESENTANTE LEGAL;ACTA C.S.;75;29/01/2016;1/02/2016;31/01/2018;;BOGOTA D.C;BOGOTA D.C.
3822;POLITECNICO ICAFT;ACTIVA;800.029.090-1;PRINCIPAL;CORPORACION;PRIVADA;INSTITUCION TECNOLOGICA;BOGOTA D.C;BOGOTA D.C.;Calle 39 No.14-62;3239750;MINISTERIO DE EDUCACION NACIONAL.;RESOLUCION;1643;2/03/1988;5;www.icaft.edu.co;NO;;;;CONSISTE EN FACILITAR LA ENSE˘ANZA DE PROGRAMAS EN LA MODALIDAD TECNOL˘GICA, A TRAV˘S DE UN SISTEMA PEDAG˘GICO TE˘RICO-PR˘CTICO, QUE PERMITA LA CAPACITACI˘N DE TECN˘LOGOS ID˘NEOS QUE TENGAN DOMINIO DE LA LENGUA ALEMANA E INGLESA.;Joselyn;Zarate Giraldo;RECTOR;ACUERDO;1643;9/02/2016;9/02/2016;8/02/2018;Justo Hernando;Murcia Pulido;REPRESENTANTE LEGAL SUPLENTE;ACUERDO;8;17/03/2017;31/03/2017;30/03/2019;;BOGOTA D.C;BOGOTA D.C.
3822;POLITECNICO ICAFT;ACTIVA;800.029.090-1;PRINCIPAL;CORPORACION;PRIVADA;INSTITUCION TECNOLOGICA;BOGOTA D.C;BOGOTA D.C.;Calle 39 No.14-62;3239750;MINISTERIO DE EDUCACION NACIONAL.;RESOLUCION;1643;2/03/1988;5;www.icaft.edu.co;NO;;;;CONSISTE EN FACILITAR LA ENSE˘ANZA DE PROGRAMAS EN LA MODALIDAD TECNOL˘GICA, A TRAV˘S DE UN SISTEMA PEDAG˘GICO TE˘RICO-PR˘CTICO, QUE PERMITA LA CAPACITACI˘N DE TECN˘LOGOS ID˘NEOS QUE TENGAN DOMINIO DE LA LENGUA ALEMANA E INGLESA.;Joselyn;Zarate Giraldo;RECTOR;ACUERDO;1643;9/02/2016;9/02/2016;8/02/2018;Daniel Andr?s;Zˇrate Giraldo;REPRESENTANTE LEGAL;ACUERDO;8;17/03/2017;31/03/2017;30/03/2019;;BOGOTA D.C;BOGOTA D.C.
4710;POLITECNICO INDOAMERICANO;ACTIVA;no disponible;PRINCIPAL;FUNDACION;PRIVADA;INSTITUCION TECNICA PROFESIONAL;BOGOTA D.C;BOGOTA D.C.;Carrera 15 Bis No. 39-16;3239750;MINISTERIO DE EDUCACION NACIONAL.;RESOLUCION;9168;6/08/1987;8;politecnicoindoamericano.edu.co;NO;;;;MISION;GERMAN;VILLEGAS GONZALEZ;RECTOR;ACTA;9168;15/10/2015;1/11/2015;31/10/2016;FRANCISCO DE PAULA;NUæEZ LAPEIRA;REPRESENTANTE LEGAL;ACTA;102;15/03/2016;15/03/2016;14/03/2020;;BOGOTA D.C;BOGOTA D.C.
4727;POLITECNICO INTERNACIONAL INSTITUCION DE EDUCACION SUPERIOR;ACTIVA;900002845-0;PRINCIPAL;FUNDACION;PRIVADA;INSTITUCION TECNOLOGICA;BOGOTA D.C;BOGOTA D.C.;Calle 73 10-45;4005700;MINISTERIO DE EDUCACION NACIONAL.;RESOLUCION;4135;11/11/2004;26;www.politecnicointernacional.edu.co;NO;;;;;Maria Margarita;Carrasco Ram≠rez;RECTOR GENERAL;ACUERDO C.D.;4135;4/04/2017;1/05/2017;30/04/2024;Alvaro Enrique;Del Valle Amar≠s;REPRESENTANTE LEGAL SUPLENTE;DECRETO RECTORAL;1;4/04/2017;4/04/2017;;;BOGOTA D.C;BOGOTA D.C.
4727;POLITECNICO INTERNACIONAL INSTITUCION DE EDUCACION SUPERIOR;ACTIVA;900002845-0;PRINCIPAL;FUNDACION;PRIVADA;INSTITUCION TECNOLOGICA;BOGOTA D.C;BOGOTA D.C.;Calle 73 10-45;4005700;MINISTERIO DE EDUCACION NACIONAL.;RESOLUCION;4135;11/11/2004;26;www.politecnicointernacional.edu.co;NO;;;;;JUAN CARLOS DE MARIA;SAMPEDRO ARRUBLA;RECTOR;ACTA;4135;16/12/2004;16/12/2004;;JUAN CARLOS DE MARIA;SAMPEDRO ARRUBLA;REPRESENTANTE LEGAL;ACTA;5;16/12/2004;16/12/2004;;;BOGOTA D.C;BOGOTA D.C.
4727;POLITECNICO INTERNACIONAL INSTITUCION DE EDUCACION SUPERIOR;ACTIVA;900002845-0;PRINCIPAL;FUNDACION;PRIVADA;INSTITUCION TECNOLOGICA;BOGOTA D.C;BOGOTA D.C.;Calle 73 10-45;4005700;MINISTERIO DE EDUCACION NACIONAL.;RESOLUCION;4135;11/11/2004;26;www.politecnicointernacional.edu.co;NO;;;;;JUAN CARLOS DE MARIA;SAMPEDRO ARRUBLA;RECTOR;ACTA;4135;16/12/2004;16/12/2004;;Alvaro Enrique;Del Valle Amar≠s;REPRESENTANTE LEGAL SUPLENTE;DECRETO RECTORAL;1;4/04/2017;4/04/2017;;;BOGOTA D.C;BOGOTA D.C.
4727;POLITECNICO INTERNACIONAL INSTITUCION DE EDUCACION SUPERIOR;ACTIVA;900002845-0;PRINCIPAL;FUNDACION;PRIVADA;INSTITUCION TECNOLOGICA;BOGOTA D.C;BOGOTA D.C.;Calle 73 10-45;4005700;MINISTERIO DE EDUCACION NACIONAL.;RESOLUCION;4135;11/11/2004;26;www.politecnicointernacional.edu.co;NO;;;;;Maria Margarita;Carrasco Ram≠rez;RECTOR GENERAL;ACUERDO C.D.;4135;4/04/2017;1/05/2017;30/04/2024;JUAN CARLOS DE MARIA;SAMPEDRO ARRUBLA;REPRESENTANTE LEGAL;ACTA;5;16/12/2004;16/12/2004;;;BOGOTA D.C;BOGOTA D.C.
3827;POLITECNICO SANTAFE DE BOGOTA;ACTIVA;860070298-7;PRINCIPAL;CORPORACION;PRIVADA;INSTITUCION TECNOLOGICA;BOGOTA D.C;BOGOTA D.C.;Transversal 18 A Bis N˘ 37 - 11;3209056263;MINISTERIO DE EDUCACION NACIONAL;RESOLUCION;9097;4/06/1979;5;www.psb.edu.co;NO;;;;MISION;OVIDIO;L˘pez Robayo;RECTOR;ACTA C.S.;9097;10/04/2018;6/05/2018;5/05/2019;OVIDIO;L˘pez Robayo;REPRESENTANTE LEGAL;ACTA C.S.;2;10/04/2018;6/05/2018;5/05/2019;;BOGOTA D.C;BOGOTA D.C.
1701;PONTIFICIA UNIVERSIDAD JAVERIANA;ACTIVA;860.013.720-1;PRINCIPAL;FUNDACION;PRIVADA;UNIVERSIDAD;BOGOTA D.C;BOGOTA D.C.;Carrera 7  40-62;3208130;MINISTERIO DE GOBIERNO.;RESOLUCION;73;12/12/1933;210;www.javeriana.edu.co;SI;6/03/2012;2323;8;MISION;Camilo;Cifuentes;DIRECTOR;ARTICULO;73;24/08/2015;28/08/2015;31/08/2015;JORGE HUMBERTO;PELAEZ PIEDRAHITA;REPRESENTANTE LEGAL;NO INFORMA;672;13/01/2014;28/02/2014;27/02/2020;;BOGOTA D.C;BOGOTA D.C.
1701;PONTIFICIA UNIVERSIDAD JAVERIANA;ACTIVA;860.013.720-1;PRINCIPAL;FUNDACION;PRIVADA;UNIVERSIDAD;BOGOTA D.C;BOGOTA D.C.;Carrera 7  40-62;3208130;MINISTERIO DE GOBIERNO.;RESOLUCION;73;12/12/1933;210;www.javeriana.edu.co;SI;6/03/2012;2323;8;MISION;JORGE HUMBERTO;PELAEZ PIEDRAHITA;RECTOR;NO INFORMA;73;13/01/2014;28/02/2014;27/02/2020;JORGE HUMBERTO;PELAEZ PIEDRAHITA;REPRESENTANTE LEGAL;NO INFORMA;672;13/01/2014;28/02/2014;27/02/2020;;BOGOTA D.C;BOGOTA D.C.
1702;PONTIFICIA UNIVERSIDAD JAVERIANA;ACTIVA;No Informa;SECCIONAL;FUNDACION;PRIVADA;UNIVERSIDAD;VALLE DEL CAUCA;CALI;Clle 18 No. 118-250 Av Caœasgordas;3218200;MINISTERIO DE GOBIERNO;RESOLUCION;73;12/12/1933;71;www.puj.edu.co;SI;6/03/2012;2333;8;;LUIS FELIPE;GOMEZ RESTREPO;RECTOR;NO INFORMA;73;17/03/2014;25/03/2014;24/03/2020;JOAQUIN EMILIO;SANCHEZ GARCIA;REPRESENTANTE LEGAL;ACTA;.;15/08/2007;1/10/2007;;;VALLE DEL CAUCA;CALI
9110;SERVICIO NACIONAL DE APRENDIZAJE-SENA-;ACTIVA;899.999.034-1;PRINCIPAL;NACIONAL;OFICIAL;INSTITUCION TECNOLOGICA;BOGOTA D.C;BOGOTA D.C.;Carrera 13 No. 65-10;5944001;CONGRESO DE COLOMBIA;LEY;30;28/12/1992;699;www.sena.edu.co;NO;;;;MISION;CARLOS MARIO;ESTRADA MOLINA;DIRECTOR;DECRETO;30;4/09/2018;11/09/2018;;JOSE ANTONIO;LIZARAZO SARMIENTO;REPRESENTANTE LEGAL (E);DECRETO;1770;1/11/2017;2/11/2017;;;BOGOTA D.C;BOGOTA D.C.
9110;SERVICIO NACIONAL DE APRENDIZAJE-SENA-;ACTIVA;899.999.034-1;PRINCIPAL;NACIONAL;OFICIAL;INSTITUCION TECNOLOGICA;BOGOTA D.C;BOGOTA D.C.;Carrera 13 No. 65-10;5944001;CONGRESO DE COLOMBIA;LEY;30;28/12/1992;699;www.sena.edu.co;NO;;;;MISION;CARLOS MARIO;ESTRADA MOLINA;DIRECTOR;DECRETO;30;4/09/2018;11/09/2018;;MARIA ANDREA;NIETO ROMERO;REPRESENTANTE LEGAL;DECRETO;739;8/05/2017;8/05/2017;;;BOGOTA D.C;BOGOTA D.C.
9111;SERVICIO NACIONAL DE APRENDIZAJE-SENA-;ACTIVA;899.999.034-1;SECCIONAL;NACIONAL;OFICIAL;INSTITUCION TECNOLOGICA;VALLE DEL CAUCA;CALI;Carrera (Avenida Guadalupe) No.3 - 88;;Congreso de la Republica;NO INFORMA;30;19/03/2007;0;www.senavalle.edu.co;NO;;;;EL SENA , ESTA ENCARGADO DE CUMPLIR LA FUNCION QUE CORRESPONDE AL ESTADO DE INVERTIR EN EL DESARROLLO SOCIAL Y TECNICO DE LOS TRABAJADORES COLOMBIANOS, OFRECIENDO Y EJECUTANDO LA FORMACION PROFESIONAL;CARLOS MARIO;ESTRADA MOLINA;DIRECTOR;DECRETO;30;4/09/2018;11/09/2018;;JOSE ANTONIO;LIZARAZO SARMIENTO;REPRESENTANTE LEGAL (E);DECRETO;1770;1/11/2017;2/11/2017;;;VALLE DEL CAUCA;CALI
9111;SERVICIO NACIONAL DE APRENDIZAJE-SENA-;ACTIVA;899.999.034-1;SECCIONAL;NACIONAL;OFICIAL;INSTITUCION TECNOLOGICA;VALLE DEL CAUCA;CALI;Carrera (Avenida Guadalupe) No.3 - 88;;Congreso de la Republica;NO INFORMA;30;19/03/2007;0;www.senavalle.edu.co;NO;;;;EL SENA , ESTA ENCARGADO DE CUMPLIR LA FUNCION QUE CORRESPONDE AL ESTADO DE INVERTIR EN EL DESARROLLO SOCIAL Y TECNICO DE LOS TRABAJADORES COLOMBIANOS, OFRECIENDO Y EJECUTANDO LA FORMACION PROFESIONAL;CARLOS MARIO;ESTRADA MOLINA;DIRECTOR;DECRETO;30;4/09/2018;11/09/2018;;MARIA ANDREA;NIETO ROMERO;REPRESENTANTE LEGAL;DECRETO;739;8/05/2017;8/05/2017;;;VALLE DEL CAUCA;CALI
9112;SERVICIO NACIONAL DE APRENDIZAJE-SENA-;ACTIVA;899.999.034-1;SECCIONAL;NACIONAL;OFICIAL;INSTITUCION TECNOLOGICA;ANTIOQUIA;MEDELLIN;Calle 51  57-70;;CONGRESO DE LA REPUBLICA;NO INFORMA;30;19/03/2007;0;www.senamed.edu.co;NO;;;;"INVERTIR EN EL DESARROLLO SOCIAL Y  TECNICO DE LOS TRABAJADORES COLOMBIANOS; OFRECIENDO Y EJECUTANDO FORMACION PROFESIONAL, PARA LA INCORPORACION Y EL DESARROLLO DE LAS PERSONAS EN ACTIVIDADES PRODUCT";CARLOS MARIO;ESTRADA MOLINA;DIRECTOR;DECRETO;30;4/09/2018;11/09/2018;;JOSE ANTONIO;LIZARAZO SARMIENTO;REPRESENTANTE LEGAL (E);DECRETO;1770;1/11/2017;2/11/2017;;;ANTIOQUIA;MEDELLIN
9112;SERVICIO NACIONAL DE APRENDIZAJE-SENA-;ACTIVA;899.999.034-1;SECCIONAL;NACIONAL;OFICIAL;INSTITUCION TECNOLOGICA;ANTIOQUIA;MEDELLIN;Calle 51  57-70;;CONGRESO DE LA REPUBLICA;NO INFORMA;30;19/03/2007;0;www.senamed.edu.co;NO;;;;"INVERTIR EN EL DESARROLLO SOCIAL Y  TECNICO DE LOS TRABAJADORES COLOMBIANOS; OFRECIENDO Y EJECUTANDO FORMACION PROFESIONAL, PARA LA INCORPORACION Y EL DESARROLLO DE LAS PERSONAS EN ACTIVIDADES PRODUCT";CARLOS MARIO;ESTRADA MOLINA;DIRECTOR;DECRETO;30;4/09/2018;11/09/2018;;MARIA ANDREA;NIETO ROMERO;REPRESENTANTE LEGAL;DECRETO;739;8/05/2017;8/05/2017;;;ANTIOQUIA;MEDELLIN
9113;SERVICIO NACIONAL DE APRENDIZAJE-SENA-;ACTIVA;899.999.034-1;SECCIONAL;NACIONAL;OFICIAL;INSTITUCION TECNOLOGICA;CUNDINAMARCA;MOSQUERA;Km. 16 Via Bogota- Mosquera;;Congreso de la Republica;NO INFORMA;30;19/03/2007;0;www.sena.edu.co;NO;;;;MISION;CARLOS MARIO;ESTRADA MOLINA;DIRECTOR;DECRETO;30;4/09/2018;11/09/2018;;JOSE ANTONIO;LIZARAZO SARMIENTO;REPRESENTANTE LEGAL (E);DECRETO;1770;1/11/2017;2/11/2017;;;CUNDINAMARCA;MOSQUERA
9113;SERVICIO NACIONAL DE APRENDIZAJE-SENA-;ACTIVA;899.999.034-1;SECCIONAL;NACIONAL;OFICIAL;INSTITUCION TECNOLOGICA;CUNDINAMARCA;MOSQUERA;Km. 16 Via Bogota- Mosquera;;Congreso de la Republica;NO INFORMA;30;19/03/2007;0;www.sena.edu.co;NO;;;;MISION;CARLOS MARIO;ESTRADA MOLINA;DIRECTOR;DECRETO;30;4/09/2018;11/09/2018;;MARIA ANDREA;NIETO ROMERO;REPRESENTANTE LEGAL;DECRETO;739;8/05/2017;8/05/2017;;;CUNDINAMARCA;MOSQUERA
9114;SERVICIO NACIONAL DE APRENDIZAJE-SENA-;ACTIVA;899.999.034-1;SECCIONAL;NACIONAL;OFICIAL;INSTITUCION TECNOLOGICA;QUINDIO;ARMENIA;Carrera 19  7-75;;Congreso de la Republica;NO INFORMA;30;19/03/2007;0;www.sena.edu.co;NO;;;;MISION;CARLOS MARIO;ESTRADA MOLINA;DIRECTOR;DECRETO;30;4/09/2018;11/09/2018;;JOSE ANTONIO;LIZARAZO SARMIENTO;REPRESENTANTE LEGAL (E);DECRETO;1770;1/11/2017;2/11/2017;;;QUINDIO;ARMENIA
9114;SERVICIO NACIONAL DE APRENDIZAJE-SENA-;ACTIVA;899.999.034-1;SECCIONAL;NACIONAL;OFICIAL;INSTITUCION TECNOLOGICA;QUINDIO;ARMENIA;Carrera 19  7-75;;Congreso de la Republica;NO INFORMA;30;19/03/2007;0;www.sena.edu.co;NO;;;;MISION;CARLOS MARIO;ESTRADA MOLINA;DIRECTOR;DECRETO;30;4/09/2018;11/09/2018;;MARIA ANDREA;NIETO ROMERO;REPRESENTANTE LEGAL;DECRETO;739;8/05/2017;8/05/2017;;;QUINDIO;ARMENIA
9115;SERVICIO NACIONAL DE APRENDIZAJE-SENA-;ACTIVA;899.999.034-1;SECCIONAL;NACIONAL;OFICIAL;INSTITUCION TECNOLOGICA;VALLE DEL CAUCA;GUADALAJARA DE BUGA ;Variante Tulua- Buenaventura;;Congreso de la Republica;NO INFORMA;30;19/03/2007;0;www.sena.edu.co;NO;;;;MISION;CARLOS MARIO;ESTRADA MOLINA;DIRECTOR;DECRETO;30;4/09/2018;11/09/2018;;JOSE ANTONIO;LIZARAZO SARMIENTO;REPRESENTANTE LEGAL (E);DECRETO;1770;1/11/2017;2/11/2017;;;VALLE DEL CAUCA;GUADALAJARA DE BUGA 
9115;SERVICIO NACIONAL DE APRENDIZAJE-SENA-;ACTIVA;899.999.034-1;SECCIONAL;NACIONAL;OFICIAL;INSTITUCION TECNOLOGICA;VALLE DEL CAUCA;GUADALAJARA DE BUGA ;Variante Tulua- Buenaventura;;Congreso de la Republica;NO INFORMA;30;19/03/2007;0;www.sena.edu.co;NO;;;;MISION;CARLOS MARIO;ESTRADA MOLINA;DIRECTOR;DECRETO;30;4/09/2018;11/09/2018;;MARIA ANDREA;NIETO ROMERO;REPRESENTANTE LEGAL;DECRETO;739;8/05/2017;8/05/2017;;;VALLE DEL CAUCA;GUADALAJARA DE BUGA 
3828;TECNOLOGICA DEL SUR;ACTIVA;805.031.011-4;PRINCIPAL;CORPORACION;PRIVADA;INSTITUCION TECNOLOGICA;VALLE DEL CAUCA;CALI;Calle 5 24A-52 Miraflores;5142111;MINISTERIO DE EDUCACION NACIONAL.;RESOLUCION;5050;22/09/1993;1;www.tecnologica.edu.co;NO;;;;MISION;WILSON   GIOVANI;Rodriguez  Rodri˘guez;RECTOR;ACUERDO;5050;30/10/2017;31/10/2017;30/10/2019;WILSON   GIOVANI;Rodri˘guez  Rodri˘guez;REPRESENTANTE LEGAL;ACUERDO;5;30/10/2017;31/10/2017;30/10/2019;;VALLE DEL CAUCA;CALI
3716;TECNOLOGICA FITEC;ACTIVA;800.189.702-6;PRINCIPAL;FUNDACION;PRIVADA;INSTITUCION TECNOLOGICA;SANTANDER;BUCARAMANGA;Calle 58 32-16 Barrio Conucos;6431301;MINISTERIO DE EDUCACION NACIONAL.;RESOLUCION;5;3/01/1992;36;www.fitec.edu.co;NO;;;;MISION;FABIOLA;Montero Ojeda;RECTOR;ACUERDO;5;1/06/2018;1/06/2018;1/06/2020;CECILIA;GARCIA PADILLA;REPRESENTANTE LEGAL;ACTA;2;8/05/2008;23/05/2008;;"CONVENIO,SANTANDER,BUCARAMANGA;CONVENIO,SANTANDER,SAN GIL;";SANTANDER;BUCARAMANGA
3204;TECNOLOGICO DE ANTIOQUIA;ACTIVA;890905419-6;PRINCIPAL;DEPARTAMENTAL;OFICIAL;INSTITUCION UNIVERSITARIA/ESCUELA TECNOLOGICA;ANTIOQUIA;MEDELLIN;Calle 78B  72A-220;4443700;Gobierno Departamental de Antioquia;DECRETO;262;28/02/1979;49;www.tdea.edu.co;SI;22/08/2016;16890;4;PROMOVEMOS Y FORTALECEMOS LA EDUCACI˘N SUPERIOR A NIVEL  LOCAL, REGIONAL Y NACIONAL, A TRAV˘S DEL OFRECIMIENTO DE PROGRAMAS T˘CNICOS, TECNOL˘GICOS Y PROFESIONALES, APLICANDO MODELOS DE DESCENTRALIZACI˘N EDUCATIVA AL SERVICIO Y ALCANCE DE LA COMUNIDAD EN GENERAL PARA LOGRAR SU DESARROLLO INTEGRAL CON CRITERIO PLURALISTA, PARTICIPATIVO, INVESTIGATIVO Y DE SENTIDO ECOL˘GICO, FUNDAMENTADOS EN LOS PRINCIPIOS ˘TICOS, LA MORAL Y LA JUSTICIA.;LORENZO;PORTOCARRERO SIERRA;RECTOR SUPLENTE;ACUERDO C.D.;262;31/10/2016;14/11/2016;14/11/2020;LORENZO;PORTOCARRERO SIERRA;REPRESENTANTE LEGAL;ACUERDO C.D.;5;31/10/2016;14/11/2016;14/11/2020;;ANTIOQUIA;MEDELLIN
3204;TECNOLOGICO DE ANTIOQUIA;ACTIVA;890905419-6;PRINCIPAL;DEPARTAMENTAL;OFICIAL;INSTITUCION UNIVERSITARIA/ESCUELA TECNOLOGICA;ANTIOQUIA;MEDELLIN;Calle 78B  72A-220;4443700;Gobierno Departamental de Antioquia;DECRETO;262;28/02/1979;49;www.tdea.edu.co;SI;22/08/2016;16890;4;PROMOVEMOS Y FORTALECEMOS LA EDUCACI˘N SUPERIOR A NIVEL  LOCAL, REGIONAL Y NACIONAL, A TRAV˘S DEL OFRECIMIENTO DE PROGRAMAS T˘CNICOS, TECNOL˘GICOS Y PROFESIONALES, APLICANDO MODELOS DE DESCENTRALIZACI˘N EDUCATIVA AL SERVICIO Y ALCANCE DE LA COMUNIDAD EN GENERAL PARA LOGRAR SU DESARROLLO INTEGRAL CON CRITERIO PLURALISTA, PARTICIPATIVO, INVESTIGATIVO Y DE SENTIDO ECOL˘GICO, FUNDAMENTADOS EN LOS PRINCIPIOS ˘TICOS, LA MORAL Y LA JUSTICIA.;LORENZO;PORTOCARRERO SIERRA;RECTOR;ACUERDO C.D.;262;31/10/2016;14/11/2016;14/11/2020;LORENZO;PORTOCARRERO SIERRA;REPRESENTANTE LEGAL;ACUERDO C.D.;5;31/10/2016;14/11/2016;14/11/2020;;ANTIOQUIA;MEDELLIN
9919;TECNOLOGICO DE ENERGIA E INNOVACION-  E-LERNOVA;ACTIVA;900720515-5;PRINCIPAL;FUNDACION;PRIVADA;INSTITUCION TECNOLOGICA;CUNDINAMARCA;CHIA;Cra. 7 Km 17 Los Arrayanes;4926130;Ministerio de EducaciΩn Nacional;NO INFORMA;4283;27/03/2014;0;www.;NO;;;;;RICARDO AURELIO;STRIEDINGER CEPEDA;RECTOR;ACTA;4283;13/03/2012;1/04/2014;;RICARDO AURELIO;STRIEDINGER CEPEDA;REPRESENTANTE LEGAL;ACTA;1;13/03/2012;1/04/2014;;;CUNDINAMARCA;CHIA
2301;UNIDAD CENTRAL DEL VALLE DEL CAUCA;ACTIVA;891.900.853-0;PRINCIPAL;MUNICIPAL;OFICIAL;INSTITUCION UNIVERSITARIA/ESCUELA TECNOLOGICA;VALLE DEL CAUCA;TULUA;Carrera 27 A No.48-144 Km.1 salida Sur Tuluˇ;2242200;Concejo Municipal de Tulua.;ACUERDO;24;30/06/1971;20;www.uceva.edu.co;NO;;;;MISION;Jairo;Gutierrez Obando;RECTOR;ACUERDO C.D.;24;8/03/2016;31/03/2016;30/03/2020;JAIRO;GUTIERREZ OBANDO;REPRESENTANTE LEGAL;ACTA C.D.;4;8/03/2016;31/03/2016;31/03/2020;;VALLE DEL CAUCA;TULUA
4301;UNIDAD TECNICA PROFESIONAL DE SEVILLA-UNITEPS-;ACTIVA;NO INFORMA;PRINCIPAL;MUNICIPAL;OFICIAL;INSTITUCION TECNICA PROFESIONAL;VALLE DEL CAUCA;SEVILLA;Calle 51 No. 48 - 31;2198444;Concejo Municipal;ACUERDO;11;5/12/1980;0;uniteps@col2.telecom.com.co;NO;;;;LA UNITEPS PROPENDE POR LA INTEGRACION DEL CAMPO ACADEMICO CON EL HUMANISTICO, A FIN DE QUE LOS FUTUROS PROFESIONALES EGRESADOS DE ESTA INSTITUCION, ASUMAN UNA VERDADERA ACTITUD PARTICIPATIVA Y DE LIDERAZGO QUE APUNTE HACIA EL DESARROLLO SOCIAL, ECONOMICO Y CULTURAL DE SU COMUNIDAD, EN ARMONIA CON LA ETICA, LA MORAL, LA CONVIVENCIA SOCIAL, EL PROFESIONALISMO Y EL RECONOCIMIENTO DE CAPACIDADES PARA CONTRIBUIR EN LA SOLUCION DE PROBLEMAS REALES DENTRO DEL MARCO DE LIBRE PENSAMIENTO.;;;;;11;;;;;;;;;;;;;VALLE DEL CAUCA;SEVILLA
9935;UNIDAD TECNOL˘GICA DEL MAGDALENA MEDIO - UTEM -;ACTIVA;901.167.074-0;PRINCIPAL;CORPORACION;PRIVADA;INSTITUCION TECNOLOGICA;SANTANDER;BARRANCABERMEJA;Calle 55 # 19-25;6024379;Consejo Directivo Provisional;NO INFORMA;1;14/06/2013;0;www.utem.edu.co;NO;;;;;JORGE EL˘AS;Vidal D˘az;RECTOR;ACUERDO;1;26/09/2018;26/09/2019;;JORGE EL˘AS;Vidal D˘az;REPRESENTANTE LEGAL;ACUERDO;1;26/09/2018;26/09/2018;;;SANTANDER;BARRANCABERMEJA
3201;UNIDADES TECNOLOGICAS DE SANTANDER;ACTIVA;890.208.727;PRINCIPAL;DEPARTAMENTAL;OFICIAL;INSTITUCION TECNOLOGICA;SANTANDER;BUCARAMANGA;Calle de los Estudiantes No.9 - 82;6413000;Asamblea Departamental de Santander;ORDENANZA;90;23/12/1963;54;www.uts.edu.co;NO;;;;"SOMOS UNA INSTITUCIÖN DE EDUCACIÖN SUPERIOR, DE CARÊCTER TECNOLÖGICO, COMPROMETIDA EN EL PROCESO DE AUTOEVALUACIÖN PARA GARANTIZAR LA CALIDAD DE NUESTROS PROGRAMAS ACADêMICOS Y LA FORMACIÖN INTEGRAL DE TECNÖLOGOS, CIMENTADA EN LA INVESTIGACIÖN, LA CIENCIA, LA TECNOLOGôA, LA CONSTRUCCIÖN Y APLICACIÖN DEL CONOCIMIENTO, EL COMPROMISO SOCIAL, LOS VALORES êTICOS, EL BIENESTAR Y LA CALIDAD DE VIDA.
EL EJERCICIO LIBRE DE LA CÊTEDRA, LA AUTONOMôA UNIVERSITARIA, LA DEMOCRACIA, EL ANÊLISIS CRôTICO, EL RESPETO POR LA DIFERENCIA, LA INDIVIDUALIDAD Y LA CULTURA ECOLÖGICA, SON PRINCIPIOS QUE ORIENTAN NUESTRO CRECIMIENTO Y DESARROLLO INSTITUCIONAL PARA RESPONDER A LAS POLôTICAS NACIONALES DE CIENCIA Y TECNOLOGôA, LOS RETOS DE PRODUCTIVIDAD Y COMPETITIVIDAD DEL ENTORNO REGIONAL Y NACIONAL.";OMAR;LENGERKE PEREZ;RECTOR;ACUERDO;90;6/03/2015;16/03/2015;15/03/2019;OMAR;LENGERKE PEREZ;REPRESENTANTE LEGAL;ACUERDO;1-may;6/03/2015;16/03/2015;15/03/2019;;SANTANDER;BUCARAMANGA
3823;UNION AMERICANA DE EDUCACION SUPERIOR- UNION AMERICANA;INACTIVA;800.042.129-3;PRINCIPAL;CORPORACION;PRIVADA;INSTITUCION TECNOLOGICA;BOGOTA D.C;BOGOTA D.C.;Carrera 14A 57-43;7030040;MINISTERIO DE EDUCACION NACIONAL.;RESOLUCION;2214;18/03/1988;0;http://unaes.edu.co/;NO;;;;EN VIRTUD DE SU MISION EDUCADORA Y MEDIANTE EL EJERCICIO DE LA RAZON, IMPULSAR LA REALIZACION DE UN PROYECTO EDUCATIVO INSTITUCIONAL EN ESTRECHO CONTACTO CON LA COMUNIDAD Y LA REALIDAD SOCIAL QUE GESTE EN LOS EDUCANTOS ESPACIOS DE CAMBIO CON SENTIDO DE FRATERNIDAD Y SERVICIO EN PROCURA DE RESPUESTAS ADECUADAS A LAS NECESIDADES.;Maria Esperanza;Luna Parra;RECTOR;ACTA;2214;25/01/2016;1/02/2016;;Maria Esperanza;Luna Parra;REPRESENTANTE LEGAL;ACTA;AG-40;25/01/2016;1/02/2016;;;BOGOTA D.C;BOGOTA D.C.
2745;UNIPANAMERICANA - FUNDACION UNIVERSITARIA PANAMERICANA;ACTIVA;860.506.140-6;PRINCIPAL;FUNDACION;PRIVADA;INSTITUCION UNIVERSITARIA/ESCUELA TECNOLOGICA;BOGOTA D.C;BOGOTA D.C.;Av. 32   17-30;3380606;MINISTERIO DE EDUCACION NACIONAL.;RESOLUCION;23635;23/12/1981;114;www.unipanamericana.edu.co;NO;;;;MISION;MARCO AURELIO;Llinas Volpe;RECTOR;ACTA;23635;16/03/2018;2/05/2018;2/05/2022;MARCO AURELIO;Llinas Volpe;REPRESENTANTE LEGAL;ACTA;189;16/03/2018;2/05/2018;2/05/2022;;BOGOTA D.C;BOGOTA D.C.
1826;UNIVERSIDAD ANTONIO NARIæO;ACTIVA;860.056.070;PRINCIPAL;CORPORACION;PRIVADA;UNIVERSIDAD;BOGOTA D.C;BOGOTA D.C.;Carrera 38  58 A 77;3152973;MINISTERIO DE EDUCACION NACIONAL.;RESOLUCION;4571;24/05/1977;233;www.uanarino.edu.co;NO;;;;"LA UNIVERSIDA ANTONIO NARI?O, EN UN CLARO COMPROMISO CON EL DESARROLLO DEL PAIS SE PROPONE COMO MISION: 
LA DEMOCRATIZACION DEL CONOCIMIENTO MEDIANTE LA GENERACION DE OPORTUNIDADES DE ACCESO A LA EDUCACION SUPERIOR, LA DESCENTRALIZACION, LA COBERTURA DE LA OFERTA EDUCATIVA Y LA DIVERSIFICACION DE PROGRAMAS ORIENTADOS A LA FORMACION DE CIUDADANOS IDONEOS Y COMPETITIVOS, ETICOS Y HUMANISTAS, CON PENSAMIENTO AUTONOMO Y CRITICO, QUE PARTICIPEN EN LOS PROCESOS DE TRANSFORMACION DE LA SOCIEDAD.";VICTOR HUGO;PRIETO BERNAL;RECTOR;ACTA;4571;20/12/2018;1/01/2018;21/12/2021;VICTOR HUGO;PRIETO BERNAL;REPRESENTANTE LEGAL;ACTA;17;20/12/2018;1/01/2018;21/12/2021;"CONVENIO,SAN ANDRES Y PROVIDENCIA,SAN ANDRES;";BOGOTA D.C;BOGOTA D.C.
9123;UNIVERSIDAD ANTONIO NARIæO;ACTIVA;860.056.070;SECCIONAL;CORPORACION;PRIVADA;UNIVERSIDAD;HUILA;NEIVA;Clle 7 #3-27 y Clle 19 #42-98;8719541;MINISTERIO DE EDUCACION NACIONAL;NO INFORMA;4571;24/05/1977;0;http://www.uan.edu.co/design/sedes/home.htm;NO;;;;;VICTOR HUGO;PRIETO BERNAL;RECTOR(E);ACUERDO;4571;24/09/2018;24/09/2018;31/12/2018;VICTOR HUGO;PRIETO BERNAL;REPRESENTANTE LEGAL (E);ACUERDO;52;24/09/2018;24/09/2018;31/12/2018;;HUILA;NEIVA
9929;Universidad Aut˘noma Ind˘gena Intercultural - UAIIN;ACTIVA;8242153;PRINCIPAL;NACIONAL;OFICIAL;UNIVERSIDAD;CAUCA;POPAYAN;Calle 78N - Carrera 19N Urbanizaci˘n La Aldea;8240343;SIN DATO;NO INFORMA;SIN DATO;26/06/2018;10;www.uaiinpebi-cric.edu.co;NO;;;;;NEIS OLIVERIO;LAME CAMAYO;RECTOR;NO INFORMA;SIN DATO;19/06/2018;26/06/2018;;NEIS OLIVERIO;LAME CAMAYO;REPRESENTANTE LEGAL;ACTO ADMINISTRATIVO;1;4/07/2018;4/07/2018;;;CAUCA;POPAYAN
1823;UNIVERSIDAD AUTONOMA DE BUCARAMANGA-UNAB-;ACTIVA;890.200.499-9;PRINCIPAL;CORPORACION;PRIVADA;UNIVERSIDAD;SANTANDER;BUCARAMANGA;Calle 48  39-234;6436111;MINISTERIO DE JUSTICIA.;RESOLUCION;3284;21/12/1956;114;www.unab.edu.co;SI;25/05/2017;10820;6;SOMOS UNA COMUNIDAD EDUCATIVA CREADA EN 1952, ORGANIZADA SEGÇN LAS LEYES COLOMBIANAS COMO CORPORACIÖN CIVIL, PRIVADA Y DE UTILIDAD COMÇN, SIN ÊNIMO DE LUCRO, FUNDADA EN PRINCIPIOS DEMOCRÊTICOS, QUE PROPENDE A LA TOLERANCIA, EL RESPETO POR LAS CREENCIAS Y DERECHOS DE LOS DEMÊS, LA CÊTEDRA LIBRE Y LA LIBERTAD DE EXPRESIÖN. NUESTRO OBJETO EN LA UNIVERSIDAD ES PROPICIAR LA FORMACIÖN INTEGRAL DE PERSONAS EN PROGRAMAS DE PREGRADO Y POSGRADO, LA CONSTRUCCIÖN, PRESERVACIÖN Y DIFUSIÖN DEL CONOCIMIENTO, Y LA PARTICIPACIÖN EN LOS PROCESOS DE MEJORAMIENTO DE LA SOCIEDAD. EJERCEMOS LA DOCENCIA, LA INVESTIGACIÖN Y LA EXTENSIÖN ORIENTADAS HACIA VALORES LÖGICOS, êTICOS Y ESTêTICOS, GENERANDO ESPACIOS PARA EL EJERCICIO DE LA CIUDADANôA, EL DESARROLLO DE LA CULTURA, EL PENSAMIENTO CIENTôFICO, LA PROTECCIÖN Y EL APROVECHAMIENTO DE LOS RECURSOS NATURALES. FAVORECEMOS LAS COMPETENCIAS PARA EL EJERCICIO PROFESIONAL COMO APORTE INNOVADOR AL PROGRESO REGIONAL Y DEL PAôS PARA LA CONSTRUCCIÖN DE LA IDENTIDAD NACIONAL EN UN CONTEXTO GLOBAL.;ALBERTO DE JESUS;MONTOYA PUYANA;RECTOR;ACTA;3284;28/11/2006;5/12/2006;;ALBERTO DE JESUS;MONTOYA PUYANA;REPRESENTANTE LEGAL;ACTA;263;28/11/2006;13/01/2012;;"CONVENIO,CESAR,VALLEDUPAR;CONVENIO,CESAR,VALLEDUPAR;CONVENIO,CESAR,VALLEDUPAR;CONVENIO,CESAR,VALLEDUPAR;CONVENIO,CESAR,VALLEDUPAR;CONVENIO,CORDOBA,MONTERIA;CONVENIO,ANTIOQUIA,MEDELLIN;CONVENIO,QUINDIO,ARMENIA;CONVENIO,QUINDIO,ARMENIA;CONVENIO,SANTANDER,SAN GIL;CONVENIO,SANTANDER,SAN GIL;CONVENIO,SANTANDER,SAN GIL;CONVENIO,SANTANDER,SAN GIL;CONVENIO,SANTANDER,SAN GIL;CONVENIO,SANTANDER,SAN GIL;CONVENIO,ATLANTICO,BARRANQUILLA;CONVENIO,ATLANTICO,BARRANQUILLA;";SANTANDER;BUCARAMANGA
1825;UNIVERSIDAD AUTONOMA DE MANIZALES;ACTIVA;890.805.051-0;PRINCIPAL;CORPORACION;PRIVADA;UNIVERSIDAD;CALDAS;MANIZALES;Antigua Estacion del Ferocarril;8727272;MINISTERIO DE EDUCACION NACIONAL;RESOLUCION;1549;25/02/1981;62;www.autonoma.edu.co;SI;17/06/2015;8676;4;SOMOS UNA COMUNIDAD EDUCADORA, DINAMIZADORA DEL CONOCIMIENTO, COMPROMETIDA CON LA CONVIVENCIA PACIFICA Y EL DESARROLLO, QUE CONTRIBUYE A LA FORMACION DE PERSONAS ETICAS, CON PENSAMIENTO CRITICO E INNOVADOR;Gabriel;Cadena GΩmez;RECTOR;ACUERDO;1549;31/05/2017;1/06/2017;31/05/2019;CARLOS EDUARDO;JARAMILLO SANINT;SEGUNDO REPRESENTANTE LEGAL SUPLENTE;RESOLUCION;19;26/04/2016;1/06/2016;31/05/2018;"CONVENIO,TOLIMA,IBAGUE;CONVENIO,ATLANTICO,BARRANQUILLA;";CALDAS;MANIZALES
1825;UNIVERSIDAD AUTONOMA DE MANIZALES;ACTIVA;890.805.051-0;PRINCIPAL;CORPORACION;PRIVADA;UNIVERSIDAD;CALDAS;MANIZALES;Antigua Estacion del Ferocarril;8727272;MINISTERIO DE EDUCACION NACIONAL;RESOLUCION;1549;25/02/1981;62;www.autonoma.edu.co;SI;17/06/2015;8676;4;SOMOS UNA COMUNIDAD EDUCADORA, DINAMIZADORA DEL CONOCIMIENTO, COMPROMETIDA CON LA CONVIVENCIA PACIFICA Y EL DESARROLLO, QUE CONTRIBUYE A LA FORMACION DE PERSONAS ETICAS, CON PENSAMIENTO CRITICO E INNOVADOR;Gabriel;Cadena GΩmez;RECTOR;ACUERDO;1549;31/05/2017;1/06/2017;31/05/2019;GABRIEL;CADENA GOMEZ;REPRESENTANTE LEGAL;ACUERDO C.S.;1;31/05/2017;1/06/2017;31/05/2019;"CONVENIO,TOLIMA,IBAGUE;CONVENIO,ATLANTICO,BARRANQUILLA;";CALDAS;MANIZALES
1825;UNIVERSIDAD AUTONOMA DE MANIZALES;ACTIVA;890.805.051-0;PRINCIPAL;CORPORACION;PRIVADA;UNIVERSIDAD;CALDAS;MANIZALES;Antigua Estacion del Ferocarril;8727272;MINISTERIO DE EDUCACION NACIONAL;RESOLUCION;1549;25/02/1981;62;www.autonoma.edu.co;SI;17/06/2015;8676;4;SOMOS UNA COMUNIDAD EDUCADORA, DINAMIZADORA DEL CONOCIMIENTO, COMPROMETIDA CON LA CONVIVENCIA PACIFICA Y EL DESARROLLO, QUE CONTRIBUYE A LA FORMACION DE PERSONAS ETICAS, CON PENSAMIENTO CRITICO E INNOVADOR;Gabriel;Cadena GΩmez;RECTOR;ACUERDO;1549;31/05/2017;1/06/2017;31/05/2019;IVAN;ESCOBAR ESCOBAR;PRIMER REPRESENTANTE LEGAL SUPLENTE;RESOLUCION;18;26/04/2016;1/06/2016;31/05/2018;"CONVENIO,TOLIMA,IBAGUE;CONVENIO,ATLANTICO,BARRANQUILLA;";CALDAS;MANIZALES
1830;UNIVERSIDAD AUTONOMA DE OCCIDENTE;ACTIVA;890.305.881-1;PRINCIPAL;CORPORACION;PRIVADA;UNIVERSIDAD;VALLE DEL CAUCA;CALI;Calle 25 115 - 85  Km. 2 V≠a Jamund≠;3188000;GOBERNACION DEL VALLE;RESOLUCION;618;20/02/1970;61;www.uao.edu.co;SI;24/08/2017;16740;4;La Universidad AutΩnoma de Occidente es una InstituciΩn de EducaciΩn Superior de carˇcter privado, cuya misiΩn es la de integrar, con perspectiva internacional, las funciones sustantivas de docencia, investigaciΩn y proyecciΩn social para contribuir a la formaciΩn de personas con visiΩn human≠stica, creativas y emprendedoras, a la generaciΩn de conocimiento y a la soluciΩn de problemas del entorno regional, nacional e internacional;LUIS HERNAN;PEREZ PAEZ;RECTOR;ACTA;618;18/06/2018;1/07/2018;30/06/2020;ALVARO DEL CAMPO;PARRA LARA;REPRESENTANTE LEGAL SUPLENTE;ACTA C.S.;285;20/06/2016;1/07/2016;30/06/2018;"CONVENIO,CAUCA,POPAYAN;CONVENIO,TOLIMA,IBAGUE;";VALLE DEL CAUCA;CALI
1830;UNIVERSIDAD AUTONOMA DE OCCIDENTE;ACTIVA;890.305.881-1;PRINCIPAL;CORPORACION;PRIVADA;UNIVERSIDAD;VALLE DEL CAUCA;CALI;Calle 25 115 - 85  Km. 2 V≠a Jamund≠;3188000;GOBERNACION DEL VALLE;RESOLUCION;618;20/02/1970;61;www.uao.edu.co;SI;24/08/2017;16740;4;La Universidad AutΩnoma de Occidente es una InstituciΩn de EducaciΩn Superior de carˇcter privado, cuya misiΩn es la de integrar, con perspectiva internacional, las funciones sustantivas de docencia, investigaciΩn y proyecciΩn social para contribuir a la formaciΩn de personas con visiΩn human≠stica, creativas y emprendedoras, a la generaciΩn de conocimiento y a la soluciΩn de problemas del entorno regional, nacional e internacional;LUIS HERNAN;PEREZ PAEZ;RECTOR;ACTA;618;18/06/2018;1/07/2018;30/06/2020;LUIS HERNAN;PEREZ PAEZ;REPRESENTANTE LEGAL;ACTA C.S.;285;20/06/2016;1/07/2016;30/06/2018;"CONVENIO,CAUCA,POPAYAN;CONVENIO,TOLIMA,IBAGUE;";VALLE DEL CAUCA;CALI
1804;UNIVERSIDAD AUTONOMA DEL CARIBE- UNIAUTONOMA;ACTIVA;8901025729;PRINCIPAL;CORPORACION;PRIVADA;UNIVERSIDAD;ATLANTICO;BARRANQUILLA;Calle 90  46-112;3671000;GOBERNACION DEPARTAMENTO DEL ATLANTICO;RESOLUCION;303;3/04/1967;50;www.uac.edu.co;NO;;;;"LA UNIVERSIDAD AUT˘NOMA DEL CARIBE ES UN CENTRO DE CULTURA Y CIENCIA QUE TIENE EL PROP˘SITO DE GENERAR, VALIDAR, DIFUNDIR Y APLICAR CONOCIMIENTO EN DISTINTAS ˘REAS DEL SABER DENTRO DEL MARCO DE LOS DESARROLLOS HUMAN˘STICOS, CIENT˘FICOS Y TECNOL˘GICOS UNIVERSALES. LA UNIVERSIDAD AUT˘NOMA DEL CARIBE, ARTICULA LA ACADEMIA, LA INVESTIGACI˘N Y LA EXTENSI˘N, MEDIANTE EL DESARROLLO DE PROCESOS PEDAG˘GICOS AUTORREGULADOS Y CON ENFOQUE INTERNACIONAL QUE CONTRIBUYEN A SOLUCIONAR PROBLEMAS PROPIOS DE LA SOCIEDAD Y A CONSOLIDAR LAS COMUNIDADES CIENT˘FICAS Y TECNOL˘GICAS DEL PA˘S.

EN ESTE SENTIDO, LA UNIVERSIDAD PROPORCIONA A SUS ESTUDIANTES FORMACI˘N INTEGRAL DE ALTA CALIDAD, SUSTENTADA EN UN EXCELENTE DESEMPE˘O INSTITUCIONAL, EL ENFOQUE SIST˘MICO HOL˘STICO DE LA REALIDAD Y LA VIVENCIA COTIDIANA DE LOS PRINCIPIOS Y VALORES EXPRESADOS EN EL PROYECTO EDUCATIVO INSTITUCIONAL.";CLAUDIA PATRICIA;Da Cunha Tcachman;RECTOR;NO INFORMA;303;18/04/2018;19/04/2018;18/04/2019;EFRAIN AUGUSTO;MALDONADO PALMA;REPRESENTANTE LEGAL SUPLENTE;DECRETO;22;28/12/2016;1/01/2017;31/12/2017;"CONVENIO,BOLIVAR,CARTAGENA;";ATLANTICO;BARRANQUILLA
1804;UNIVERSIDAD AUTONOMA DEL CARIBE- UNIAUTONOMA;ACTIVA;8901025729;PRINCIPAL;CORPORACION;PRIVADA;UNIVERSIDAD;ATLANTICO;BARRANQUILLA;Calle 90  46-112;3671000;GOBERNACION DEPARTAMENTO DEL ATLANTICO;RESOLUCION;303;3/04/1967;50;www.uac.edu.co;NO;;;;"LA UNIVERSIDAD AUT˘NOMA DEL CARIBE ES UN CENTRO DE CULTURA Y CIENCIA QUE TIENE EL PROP˘SITO DE GENERAR, VALIDAR, DIFUNDIR Y APLICAR CONOCIMIENTO EN DISTINTAS ˘REAS DEL SABER DENTRO DEL MARCO DE LOS DESARROLLOS HUMAN˘STICOS, CIENT˘FICOS Y TECNOL˘GICOS UNIVERSALES. LA UNIVERSIDAD AUT˘NOMA DEL CARIBE, ARTICULA LA ACADEMIA, LA INVESTIGACI˘N Y LA EXTENSI˘N, MEDIANTE EL DESARROLLO DE PROCESOS PEDAG˘GICOS AUTORREGULADOS Y CON ENFOQUE INTERNACIONAL QUE CONTRIBUYEN A SOLUCIONAR PROBLEMAS PROPIOS DE LA SOCIEDAD Y A CONSOLIDAR LAS COMUNIDADES CIENT˘FICAS Y TECNOL˘GICAS DEL PA˘S.

EN ESTE SENTIDO, LA UNIVERSIDAD PROPORCIONA A SUS ESTUDIANTES FORMACI˘N INTEGRAL DE ALTA CALIDAD, SUSTENTADA EN UN EXCELENTE DESEMPE˘O INSTITUCIONAL, EL ENFOQUE SIST˘MICO HOL˘STICO DE LA REALIDAD Y LA VIVENCIA COTIDIANA DE LOS PRINCIPIOS Y VALORES EXPRESADOS EN EL PROYECTO EDUCATIVO INSTITUCIONAL.";CLAUDIA PATRICIA;Da Cunha Tcachman;RECTOR;NO INFORMA;303;18/04/2018;19/04/2018;18/04/2019;RAMSES JONAS;VARGAS LAMADRID;REPRESENTANTE LEGAL;ACUERDO C.D.;837-01;18/10/2016;18/10/2016;17/10/2026;"CONVENIO,BOLIVAR,CARTAGENA;";ATLANTICO;BARRANQUILLA
1814;UNIVERSIDAD AUTONOMA LATINOAMERICANA-UNAULA-;ACTIVA;890905456-9;PRINCIPAL;CORPORACION;PRIVADA;UNIVERSIDAD;ANTIOQUIA;MEDELLIN;Carrera 55A  49 - 51;5112199;GOBIERNO DEPARTAMENTAL DE ANTIOQUIA;RESOLUCION;203;30/10/1968;30;www.unaula.edu.co;NO;;;;"LA UNIVERSIDAD AUTÖNOMA LATINOAMERICANA SE COMPROMETE CON LA BÇSQUEDA, CREACIÖN, DESARROLLO, DIFUSIÖN Y DIVULGACIÖN DEL CONOCIMIENTO EN LOS CAMPOS DE LAS CIENCIAS, LAS HUMANIDADES, LAS ARTES Y LA FILOSOFôA, MEDIANTE ACTIVIDADES DE INVESTIGACIÖN, DOCENCIA Y EXTENSIÖN, A TRAVêS DE PROGRAMAS DE PREGRADO Y POSGRADO, DE EXTENSIÖN Y EDUCACIÖN CONTINUADA, PARA PONERLOS AL SERVICIO DEL PAôS.

FORMARÊ UN NUEVO PROFESIONAL PARA UNA NUEVA êPOCA QUE SEA MÊS PRODUCTIVO EN LO ECONÖMICO, POR SU IMAGINACIÖN Y CREATIVIDAD, MÊS SOLIDARIO EN LO SOCIAL, POR SU ESPECIAL SENCIBILIDAD, MÊS PARTICIPATIVO Y TOLERANTE EN LO POLôTICO, MÊS RESPETUOSO DE LOS DERECHOS HUMANOS, MÊS CONSCIENTE DEL VALOR DE LA NATURALEZA, MÊS INTEGRADO EN LO CULTURAL Y MÊS ORGULLOSO DE SU CONDICIÖN DE COLOMBIANO.";JOSE RODRIGO;FLOREZ RUIZ;RECTOR;ACUERDO;203;25/04/2018;1/05/2018;30/04/2020;JOSE RODRIGO;FLOREZ RUIZ;REPRESENTANTE LEGAL;ACUERDO;9;25/04/2018;1/05/2018;30/04/2020;;ANTIOQUIA;MEDELLIN
1719;UNIVERSIDAD CATOLICA DE COLOMBIA;ACTIVA;860.028.971;PRINCIPAL;FUNDACION;PRIVADA;UNIVERSIDAD;BOGOTA D.C;BOGOTA D.C.;Av Caracas No. 46-72;3277300;MINISTERIO DE JUSTICIA.;RESOLUCION;2271;7/07/1970;32;www.ucatolica.edu.co;NO;;;;"MISION:

LA UNIVERSIDAD CATOLICA DE COLOMBIA ES UNA INSTITUCION PRIVADA FUNDADA EN LOS PRINCIPIOS DE LA DOCTRINA DE CRISTO, EN LOS IDEALES DEMOCRATICOS Y EN EL RESPETO Y APRECIO POR EL CONOCIMIENTO.
COMO CATOLICA, LA UNIVERSIDAD PROPENDE POR LA DIGNIFICACION DEL HOMBRE, EL RESPETO AL OTRO, LA JUSTICIA, LA SOLIDARIDAD, LA EQUIDAD, LA PAZ, EL AMOR Y LA ESPERANZA Y EL DESARROLLO DE UNA ETICA MORAL.
DENTRO DE UN MARCO DEMOCRATICO, LA UNIVERSIDAD CATOLICA BUSCA DE UN LADO, EL CRECIMIENTO DEL HOMBRE, EN TANTO QUE PERSONA, CIUDADANO Y PROFESIONAL, Y DE OTRO LADO, LA PARTICIPACION Y EL COMPROMISO DE LA COMUNIDAD EDUCATIVA EN LA CONSTRUCCION DE UNA SOCIEDAD DEMOCRATICA, BASADA EN LOS PRINCIPIOS DE LIBERTAD, PLURALISMO, CONVIVENCIA, TOLERANCIA, RESPETO A LAS IDEAS AJENAS, CAPACIDAD DE AUTONOMIA Y DECISION RESPONSABLES Y DE UNA ETICA CIUDADANA.
LA UNIVERSIDAD CATOLICA COMO UNA ORGANIZACION DEL CONOCIMIENTO, ES ANTE TODO UN ESPACIO DE DEBATE EN DONDE SE ABORDAN LAS PREGUNTAS ESENCIALES SOBRE LA REALIDAD DEL PAIS Y SU FUTURO, SOBRE EL HOMBRE Y SU CONTEXTO, SOBRE LA EVOLUCION Y CREACION DE LA CULTURA, INCLUYENDO EL DEVENIR Y LA CONSTRUCCION DE LOS SABERES Y LAS PRACTICAS SOCIALES.
EL COMPROMISO FUNDAMENTAL DE LA UNIVERSIDAD CATOLICA DE COLOMBIA ES LA INDAGACION DEL SABER UNIVERSAL, LA BUSQUEDAD DE LA VERDAD SIN RESTRICCIONES, LA TRANSMISION Y LA GENERACION DE CONOCIMIENTO DIRIGIDOS A LA COMPRENSION Y TRANSFORMACION DEL SER HUMANO Y DE SU ENTORNO Y A LA APLICACION DE ESOS CONOCIMIENTOS AL SERVICIO DEL HOMBRE Y A LOS INTERESES DE LA COMUNIDAD.
PARA EL CUMPLIMIENTO DE SU MISION, LA UNIVERSIDAD CATOLICA DESENVUELVE SU QUEHACER INSTITUCIONAL A TRAVES DE LA DOCENCIA, LA INVESTIGACION Y LA EXTENSION.
EN EL CAMPO DE LA DOCENCIA, OFRECIENDO PROGRAMAS ACADEMICOS EN LOS QUE FORMA PROFESIONALES, ESPECIALISTAS, E INVESTIGADORES DE MANERA INTEGRAL, CON UNA ALTA COMPETENCIA INTELECTUAL, SOLVENCIA MORAL E IDONEIDAD LABORAL, CAPACES DE ASUMIR LOS CAMBIOS Y LAS TRANSFORMACIONES QUE DEMANDA";FRANCISCO JOSE;GOMEZ ORTIZ;RECTOR;ACTA;2271;14/09/2017;17/09/2017;16/09/2019;FRANCISCO JOSE;GOMEZ ORTIZ;REPRESENTANTE LEGAL SUPLENTE;ACTA;5;18/10/2016;31/10/2016;30/10/2018;;BOGOTA D.C;BOGOTA D.C.
1719;UNIVERSIDAD CATOLICA DE COLOMBIA;ACTIVA;860.028.971;PRINCIPAL;FUNDACION;PRIVADA;UNIVERSIDAD;BOGOTA D.C;BOGOTA D.C.;Av Caracas No. 46-72;3277300;MINISTERIO DE JUSTICIA.;RESOLUCION;2271;7/07/1970;32;www.ucatolica.edu.co;NO;;;;"MISION:

LA UNIVERSIDAD CATOLICA DE COLOMBIA ES UNA INSTITUCION PRIVADA FUNDADA EN LOS PRINCIPIOS DE LA DOCTRINA DE CRISTO, EN LOS IDEALES DEMOCRATICOS Y EN EL RESPETO Y APRECIO POR EL CONOCIMIENTO.
COMO CATOLICA, LA UNIVERSIDAD PROPENDE POR LA DIGNIFICACION DEL HOMBRE, EL RESPETO AL OTRO, LA JUSTICIA, LA SOLIDARIDAD, LA EQUIDAD, LA PAZ, EL AMOR Y LA ESPERANZA Y EL DESARROLLO DE UNA ETICA MORAL.
DENTRO DE UN MARCO DEMOCRATICO, LA UNIVERSIDAD CATOLICA BUSCA DE UN LADO, EL CRECIMIENTO DEL HOMBRE, EN TANTO QUE PERSONA, CIUDADANO Y PROFESIONAL, Y DE OTRO LADO, LA PARTICIPACION Y EL COMPROMISO DE LA COMUNIDAD EDUCATIVA EN LA CONSTRUCCION DE UNA SOCIEDAD DEMOCRATICA, BASADA EN LOS PRINCIPIOS DE LIBERTAD, PLURALISMO, CONVIVENCIA, TOLERANCIA, RESPETO A LAS IDEAS AJENAS, CAPACIDAD DE AUTONOMIA Y DECISION RESPONSABLES Y DE UNA ETICA CIUDADANA.
LA UNIVERSIDAD CATOLICA COMO UNA ORGANIZACION DEL CONOCIMIENTO, ES ANTE TODO UN ESPACIO DE DEBATE EN DONDE SE ABORDAN LAS PREGUNTAS ESENCIALES SOBRE LA REALIDAD DEL PAIS Y SU FUTURO, SOBRE EL HOMBRE Y SU CONTEXTO, SOBRE LA EVOLUCION Y CREACION DE LA CULTURA, INCLUYENDO EL DEVENIR Y LA CONSTRUCCION DE LOS SABERES Y LAS PRACTICAS SOCIALES.
EL COMPROMISO FUNDAMENTAL DE LA UNIVERSIDAD CATOLICA DE COLOMBIA ES LA INDAGACION DEL SABER UNIVERSAL, LA BUSQUEDAD DE LA VERDAD SIN RESTRICCIONES, LA TRANSMISION Y LA GENERACION DE CONOCIMIENTO DIRIGIDOS A LA COMPRENSION Y TRANSFORMACION DEL SER HUMANO Y DE SU ENTORNO Y A LA APLICACION DE ESOS CONOCIMIENTOS AL SERVICIO DEL HOMBRE Y A LOS INTERESES DE LA COMUNIDAD.
PARA EL CUMPLIMIENTO DE SU MISION, LA UNIVERSIDAD CATOLICA DESENVUELVE SU QUEHACER INSTITUCIONAL A TRAVES DE LA DOCENCIA, LA INVESTIGACION Y LA EXTENSION.
EN EL CAMPO DE LA DOCENCIA, OFRECIENDO PROGRAMAS ACADEMICOS EN LOS QUE FORMA PROFESIONALES, ESPECIALISTAS, E INVESTIGADORES DE MANERA INTEGRAL, CON UNA ALTA COMPETENCIA INTELECTUAL, SOLVENCIA MORAL E IDONEIDAD LABORAL, CAPACES DE ASUMIR LOS CAMBIOS Y LAS TRANSFORMACIONES QUE DEMANDA";FRANCISCO JOSE;GOMEZ ORTIZ;RECTOR;ACTA;2271;14/09/2017;17/09/2017;16/09/2019;JOSE EDGAR;GOMEZ BETANCOURT;REPRESENTANTE LEGAL;ACTA;1;5/02/2016;8/02/2016;7/02/2021;;BOGOTA D.C;BOGOTA D.C.
1731;UNIVERSIDAD CATOLICA DE COLOMBIA;ACTIVA;860.028.971;SECCIONAL;FUNDACION;PRIVADA;UNIVERSIDAD;CUNDINAMARCA;CHIA;Km. 21 V≠a Carrera 7 La Caro;6766071;MINISTERIO DE JUSTICIA;RESOLUCION;2271;7/07/1970;0;www.ucatolica.edu.co;NO;;;;;FRANCISCO JOSE;GOMEZ ORTIZ;RECTOR;ACTA;2271;14/09/2017;17/09/2017;16/09/2019;JOSE EDGAR;GOMEZ BETANCOURT;REPRESENTANTE LEGAL;ACTA;1;5/02/2016;8/02/2016;7/02/2021;;CUNDINAMARCA;CHIA
1827;UNIVERSIDAD CATOLICA DE MANIZALES;ACTIVA;890806477-9;PRINCIPAL;CORPORACION;PRIVADA;UNIVERSIDAD;CALDAS;MANIZALES;Carrera 23  60-63;8933050;ARQUIDIOCESIS DE MANIZALES.;DECRETO;271;19/06/1962;29;www.ucm.edu.co;NO;;;;"LA UNIVERSIDAD CATOLICA DE MANIZALES, ILUMINADA POR LA DOCTRINA DE LA IGLESIA Y EL CARISMA CONGREGACIONAL DE LAS HERMANAS DE LA CARIDAD DOMINICAS DE LA PRESENTACION, DESDE SU COMPROMISO CON LA VERDAD Y LA CARIDAD, TIENE COMO MISION FUNDAMENTAL CONTRIBUIR A LA FORMACION INTEGRAL DE LA PERSONA HUMANA. OFRECE CON CRITERIO DE UNIVERSABILIDAD PROGRAMAS DE FORMACION PROFESIONAL, FORMACION AVANZADA Y EDUCACION PERMANENTE,  A TRAVES DE PROCESOS DE DOCENCIA INVESTIGACION Y EXTENSION.
FUNDADA EN LOS PILARES DE HUMANIZACION PERSONALIZACION, SOCIALIZACION Y TRASCENDENCIA Y EN LOS VALORES DE LA VERDAD, LA CONFIANZA, LOS IDEALES, LA JUSTICIA, LA ESPERANZA Y LA VOCACION POR LA PAZ; LA UNIVERSIDAD ORIENTA SU ACADEMIA HACIA LA BUSQUEDA Y CONSOLIDACION DEL DESARROLLO HUMANO, SOCIAL, CIENTIFICO Y TECNOLOGICO, A PARTIR DE LA COMUNICACION DEL CONOCIMIENTO ACUMULADO, LA GENERACION DE NUEVOS SABERES Y LA PROYECCION SOCIAL DE DICHOS CONOCIMIENTOS.";MARIA ELIZABETH;CAICEDO CAICEDO;RECTOR;ACUERDO;271;1/06/2016;26/06/2016;26/06/2020;MARIA ELIZABETH;CAICEDO CAICEDO;REPRESENTANTE LEGAL;ACUERDO;6;1/06/2016;26/06/2016;26/06/2020;"CENTROS TUTORIALES,CAUCA,POPAYAN;CENTROS TUTORIALES,CAUCA,POPAYAN;CENTROS TUTORIALES,CAUCA,POPAYAN;CENTROS TUTORIALES,CAUCA,POPAYAN;CENTROS TUTORIALES,CHOCO,QUIBDO;CENTROS TUTORIALES,HUILA,PITALITO;CENTROS TUTORIALES,ANTIOQUIA,MEDELLIN;CENTROS TUTORIALES,ANTIOQUIA,MEDELLIN;CENTROS TUTORIALES,NORTE DE SANTANDER,CUCUTA;CENTROS TUTORIALES,NORTE DE SANTANDER,CUCUTA;CENTROS TUTORIALES,VALLE DEL CAUCA,CALI;CENTROS TUTORIALES,VALLE DEL CAUCA,TULUA;";CALDAS;MANIZALES
1726;UNIVERSIDAD CATOLICA DE ORIENTE -UCO;ACTIVA;890.984.746-7;PRINCIPAL;FUNDACION;PRIVADA;UNIVERSIDAD;ANTIOQUIA;RIONEGRO;Carrera 46 #40B-50 Sector 3;5699090;MINISTERIO DE EDUCACION NACIONAL.;RESOLUCION;2650;24/02/1983;50;www.uco.edu.co;NO;;;;LA UNIVERSIDAD CAT˘LICA DE ORIENTE DECLARA COMO MISION EL SERVICIO A LA COMUNIDAD, ENTENDIDO COMO LA VOLUNTAD DE BRINDAR DESDE SU INSPIRACION CRISTIANA , SUS FUNCIONES UNIVERSITARIAS Y SU COMPROMISO REGIONAL, APORTES Y SOLUCIONES A LOS PROBLEMAS  DEL DESARROLLO HUMANO INTEGRAL, CON PROYECCI˘N NACIONAL E INTERNACIONAL.;ELKIN DE JESUS;Narvaez Gom˘z;RECTOR;DECRETO;2650;14/01/2019;14/01/2019;;ELKIN DE JESUS;Narvaez Gom˘z;REPRESENTANTE LEGAL;DECRETO;CA-01;14/01/2019;14/01/2019;;"CONVENIO,ANTIOQUIA,SANTA ROSA DE OSOS;CONVENIO,ANTIOQUIA,SANTA ROSA DE OSOS;";ANTIOQUIA;RIONEGRO
2711;UNIVERSIDAD CATOLICA DE PEREIRA;ACTIVA;891.408.261;PRINCIPAL;FUNDACION;PRIVADA;UNIVERSIDAD;RISARALDA;PEREIRA;Avenida de las Am?ricas Cra. 21  49-95;3124000;MINISTERIO DE EDUCACION NACIONAL.;RESOLUCION;10918;1/12/1976;35;www.ucpr.edu.co;NO;;;;"LA UNIVERSIDAD CATOLICA POPULAR DEL RISARALDA ES UNA INSTITUCION PRIVADA INSPIRADA EN LOS PRINCIPIOS DE LA FE CATOLICA QUE SE ESFUERZA POR SER APOYO PARA QUE EL ESTUDIANTE LLEGUE A SER GENTE, GENTE DE BIEN Y PROFESIONALMENTE CAPAZ.

COMO INSTITUCION EDUCATIVA SUS CAMPOS DE ACCION SON LA CIENCIA, LA TECNOLOGIA, EL ARTE Y LA CULTURA. PARA SU DESARROLLO SE COMPROMETE CON LA BUSQUEDA PERMANENTE DE LA EXCELENCIA ACADEMICA ATRAVEZ DE LA DOCENCIA INSVESTIGACION Y EXTENSION.

GUIADOS POR SUS PRINCIPIOS PROPENDE POR LA FORMACION INTEGRAL DE SUS ESTUDIANTES Y POR ORGANIZAR UN AMBIENTE DE PARTICIPACION Y DE EXSALTACION POR EL RESPETO DE LA DIGNIDAD HUMANA, DE REAFIRMACION DE LOS VALORES DE LA DEMOCRACIA Y LA BUSQUEDA DEL BIEN.

SE PROPONE SER FUENTE Y REFERENCIA DEL CONOCIMEINTO SOBRE EL DESARROLLO DE LA COMUNIDAD Y LA REGION.

MEDIANTE LOS PROGRAMAS DE INVESTIGACION Y EXTENSION ATIENDE LAS NECESIDADES DE LA COMUNIDAD PARA CONTRIBUIR AL DESARROLLO, EL BIENESTRAR Y EL MEJORAMIENTO EN LA CALIDAD DE VIDA.

SOMOS UNA COMUNIDAD UNIVERSITARIA QUE ASUME CON SERIEDAD SUS RESPONSABILIDADES DE CAPACITACION Y ACTUALIZACION PERMANTE DE SUS DOCENTES Y EMPLEADOS. NOS COMPROMETEMOS CON UNA PROPUESTA PEDAGOGICA QUE GARANTICE EN LA ACTIVIDAD DOCENTE Y EN TODAS NUESTRAS ACTIVIDADES ACADEMICAS EL CUMPLIMIENTO DE NUESTROS OBJETIVOS, METAS Y VALORES.

PARA EL LOGRO DE LA EXCELENCIA ACADEMICA Y EL CUMPLIMIENTO DE SUS RESPONSABILIDADES CON LA COMUNIDAD LA UNIVERSIDAD FOMENTA PROGRAMAS DE DESARROLLO DOCENTE Y ADMINISTRATIVO Y PROPICIA LAS CONDICIONES PARA QUE SUS DIRECTIVOS, DOCENTES  Y DEMAS FUNCIONARIOS APROPIEN Y ASIMILEN SU PROYECTO PERSONAL DE VIDA CON EL DE LA INSTITUCION.";Jhon Fredy;Franco Delgado;RECTOR;ACTA;10918;13/07/2017;27/07/2017;26/07/2021;Jhon Fredy;Franco Delgado;REPRESENTANTE LEGAL;ACTA C.S.;6;13/07/2017;27/07/2017;26/07/2021;;RISARALDA;PEREIRA
2719;UNIVERSIDAD CATÖLICA LUIS AMIGÖ-FUNLAM;ACTIVA;890.985.189-9;PRINCIPAL;FUNDACION;PRIVADA;UNIVERSIDAD;ANTIOQUIA;MEDELLIN;Transversal  51A  67B - 90;4487666;MINISTERIO DE EDUCACION NACIONAL.;RESOLUCION;17701;9/11/1984;90;www.funlam.edu.co;NO;;;;"LA FUNDACI˘N UNIVERSITARIA LUIS AMIG˘ ES UNA INSTITUCI˘N CAT˘LICA DE CAR˘CTER PRIVADO, SIN ˘NIMO DE LUCRO Y NATURALEZA AUT˘NOMA, QUE PRESTA UN SERVICIO P˘BLICO CULTURAL EN EDUCACI˘N SUPERIOR, CON METODOLOG˘AS PRESENCIALES, SEMIPRESENCIALES Y A DISTANCIA.  CREADA Y DIRIGIDA POR LA CONGREGACI˘N DE RELIGIOSOS TERCIARIOS CAPUCHINOS DE NUESTRA SE˘ORA DE LOS DOLORES DE LA PROVINCIA DE SAN JOS˘, COMO CENTRO HUMAN˘STICO CRISTIANO, PARA LA GENERACI˘N, CONSERVACI˘N Y COMUNICACI˘N DEL CONOCIMIENTO CIENT˘FICO, TECNOL˘GICO Y CULTURAL, EN LA PERSPECTIVA DE INTERVENIR LA PROBLEM˘TICA QUE AFECTA LA CALIDAD DE VIDA DE LA NI˘EZ Y DE LA JUVENTUD, DE LA FAMILIA Y DE LA SOCIEDAD; Y PARA EL FOMENTO DE LA ˘TICA, LA PARTICIPACI˘N, LA SOLIDARIDAD, LA AUTOGESTI˘N, LA CONVIVENCIA ARM˘NICA Y LA JUSTICIA SOCIAL, POR MEDIO DE LA FORMACI˘N DE PROFESIONALES CON AUTONOM˘A INTELECTUAL, SOCIAL Y ˘TICA, CAPACES DE INSCRIBIR SU OBJETO DE FORMACI˘N EN EL CONTEXTO DE LA INTERDISCIPLINARIDAD DE LA CIENCIA.";CARLOS ENRIQUE;CARDONA QUICENO;RECTOR GENERAL;ACUERDO C.S.;17701;4/09/2018;17/09/2018;22/01/2022;CARLOS ENRIQUE;CARDONA QUICENO;REPRESENTANTE LEGAL;ACUERDO C.S.;9;4/09/2018;17/09/2018;22/01/2022;;ANTIOQUIA;MEDELLIN
1709;UNIVERSIDAD CENTRAL;ACTIVA;860.024.746-1;PRINCIPAL;FUNDACION;PRIVADA;UNIVERSIDAD;BOGOTA D.C;BOGOTA D.C.;Carrera 5  21-38;3239868;MINISTERIO DE JUSTICIA;RESOLUCION;1876;5/06/1967;38;www.ucentral.edu.co;SI;16/01/2019;256;4;"LA UNIVERSIDAD CENTRAL, INSPIRADA EN EL RESPETO POR LA DIGNIDAD HUMANA Y CONSCIENTE DE SU RESPONSABILIDAD SOCIAL Y CULTURAL, TIENE COMO MISION FORMAR INTEGRALMENTE INDIVIDUOS COMPROMETIDOS CON EL DESARROLLO DEL PAIS EN DISTINTAS AREAS DEL CONOCIMIENTO, POR MEDIO DE PROGRAMAS DE PREGRADO Y POSGRADO, DENTRO DE UN AMBIENTE DEMOCRATICO Y PLURAL, DE TOLERANCIA Y EXALTACION DE VALORESETICOS Y DE ESTIMULO A LA CREATIVIDADY A LA LIBRE INICIATIVA.
LA UNIVERSIDAD CENTRAL BUSCA SER RECONOCIDA NACIONAL E INTERNACIONALMENTE POR LA CALIDAD ACADEMICA, INVESTIGATIVA Y DE PROYECCION SOCIAL DE SUS PROGRAMAS, POR EL DESARROLLO DE UNA CULTURA INSTITUCIONAL ABIERTA Y DE RESPETO POR LA DIFERENCIA Y LAS DISTINTAS MANIFESTACIONES ETNICAS Y LINGUISTICAS, POR EL DESARROLLO DE LA CAPACIDAD INTELECTUAL DE ALUMNOS Y PROFESORES QUE PROPICIEN EL CAMBIO SOCIAL Y CONSTRUYAN UNA NUEVA CIUDADANIA, POR EL ENFASISEN EL PARADIGMA DE RECONSTRUCCION Y/O CONSTRUCCION DEL CONOCIMIENTO, POR LA UTILIZACION Y RENOVACION PERMANENTE DE LAS MAS AVANZADAS TECNOLOGIAS Y POR EL MANEJO DE LAS RELACIONES INSTITUCIONALES SOLIDAS.";Rafael;Santos CalderΩn;RECTOR(E);ACUERDO C.S.;1876;7/09/2017;1/09/2017;28/02/2018;Rafael;Santos CalderΩn;REPRESENTANTE LEGAL (E);ACUERDO C.S.;11;7/09/2017;1/09/2017;28/02/2018;"CONVENIO,BOGOTA D.C,BOGOTA D.C.;";BOGOTA D.C;BOGOTA D.C.
1709;UNIVERSIDAD CENTRAL;ACTIVA;860.024.746-1;PRINCIPAL;FUNDACION;PRIVADA;UNIVERSIDAD;BOGOTA D.C;BOGOTA D.C.;Carrera 5  21-38;3239868;MINISTERIO DE JUSTICIA;RESOLUCION;1876;5/06/1967;38;www.ucentral.edu.co;SI;16/01/2019;256;4;"LA UNIVERSIDAD CENTRAL, INSPIRADA EN EL RESPETO POR LA DIGNIDAD HUMANA Y CONSCIENTE DE SU RESPONSABILIDAD SOCIAL Y CULTURAL, TIENE COMO MISION FORMAR INTEGRALMENTE INDIVIDUOS COMPROMETIDOS CON EL DESARROLLO DEL PAIS EN DISTINTAS AREAS DEL CONOCIMIENTO, POR MEDIO DE PROGRAMAS DE PREGRADO Y POSGRADO, DENTRO DE UN AMBIENTE DEMOCRATICO Y PLURAL, DE TOLERANCIA Y EXALTACION DE VALORESETICOS Y DE ESTIMULO A LA CREATIVIDADY A LA LIBRE INICIATIVA.
LA UNIVERSIDAD CENTRAL BUSCA SER RECONOCIDA NACIONAL E INTERNACIONALMENTE POR LA CALIDAD ACADEMICA, INVESTIGATIVA Y DE PROYECCION SOCIAL DE SUS PROGRAMAS, POR EL DESARROLLO DE UNA CULTURA INSTITUCIONAL ABIERTA Y DE RESPETO POR LA DIFERENCIA Y LAS DISTINTAS MANIFESTACIONES ETNICAS Y LINGUISTICAS, POR EL DESARROLLO DE LA CAPACIDAD INTELECTUAL DE ALUMNOS Y PROFESORES QUE PROPICIEN EL CAMBIO SOCIAL Y CONSTRUYAN UNA NUEVA CIUDADANIA, POR EL ENFASISEN EL PARADIGMA DE RECONSTRUCCION Y/O CONSTRUCCION DEL CONOCIMIENTO, POR LA UTILIZACION Y RENOVACION PERMANENTE DE LAS MAS AVANZADAS TECNOLOGIAS Y POR EL MANEJO DE LAS RELACIONES INSTITUCIONALES SOLIDAS.";RAFAEL;SANTOS CALDERON;RECTOR;ACUERDO C.S.;1876;20/08/2015;1/09/2015;31/08/2017;RAFAEL;SANTOS CALDERON;REPRESENTANTE LEGAL;ACUERDO C.S.;11;20/08/2015;1/09/2015;31/08/2017;"CONVENIO,BOGOTA D.C,BOGOTA D.C.;";BOGOTA D.C;BOGOTA D.C.
1709;UNIVERSIDAD CENTRAL;ACTIVA;860.024.746-1;PRINCIPAL;FUNDACION;PRIVADA;UNIVERSIDAD;BOGOTA D.C;BOGOTA D.C.;Carrera 5  21-38;3239868;MINISTERIO DE JUSTICIA;RESOLUCION;1876;5/06/1967;38;www.ucentral.edu.co;SI;16/01/2019;256;4;"LA UNIVERSIDAD CENTRAL, INSPIRADA EN EL RESPETO POR LA DIGNIDAD HUMANA Y CONSCIENTE DE SU RESPONSABILIDAD SOCIAL Y CULTURAL, TIENE COMO MISION FORMAR INTEGRALMENTE INDIVIDUOS COMPROMETIDOS CON EL DESARROLLO DEL PAIS EN DISTINTAS AREAS DEL CONOCIMIENTO, POR MEDIO DE PROGRAMAS DE PREGRADO Y POSGRADO, DENTRO DE UN AMBIENTE DEMOCRATICO Y PLURAL, DE TOLERANCIA Y EXALTACION DE VALORESETICOS Y DE ESTIMULO A LA CREATIVIDADY A LA LIBRE INICIATIVA.
LA UNIVERSIDAD CENTRAL BUSCA SER RECONOCIDA NACIONAL E INTERNACIONALMENTE POR LA CALIDAD ACADEMICA, INVESTIGATIVA Y DE PROYECCION SOCIAL DE SUS PROGRAMAS, POR EL DESARROLLO DE UNA CULTURA INSTITUCIONAL ABIERTA Y DE RESPETO POR LA DIFERENCIA Y LAS DISTINTAS MANIFESTACIONES ETNICAS Y LINGUISTICAS, POR EL DESARROLLO DE LA CAPACIDAD INTELECTUAL DE ALUMNOS Y PROFESORES QUE PROPICIEN EL CAMBIO SOCIAL Y CONSTRUYAN UNA NUEVA CIUDADANIA, POR EL ENFASISEN EL PARADIGMA DE RECONSTRUCCION Y/O CONSTRUCCION DEL CONOCIMIENTO, POR LA UTILIZACION Y RENOVACION PERMANENTE DE LAS MAS AVANZADAS TECNOLOGIAS Y POR EL MANEJO DE LAS RELACIONES INSTITUCIONALES SOLIDAS.";RAFAEL;SANTOS CALDERON;RECTOR;ACUERDO C.S.;1876;20/08/2015;1/09/2015;31/08/2017;Rafael;Santos CalderΩn;REPRESENTANTE LEGAL (E);ACUERDO C.S.;11;7/09/2017;1/09/2017;28/02/2018;"CONVENIO,BOGOTA D.C,BOGOTA D.C.;";BOGOTA D.C;BOGOTA D.C.
1709;UNIVERSIDAD CENTRAL;ACTIVA;860.024.746-1;PRINCIPAL;FUNDACION;PRIVADA;UNIVERSIDAD;BOGOTA D.C;BOGOTA D.C.;Carrera 5  21-38;3239868;MINISTERIO DE JUSTICIA;RESOLUCION;1876;5/06/1967;38;www.ucentral.edu.co;SI;16/01/2019;256;4;"LA UNIVERSIDAD CENTRAL, INSPIRADA EN EL RESPETO POR LA DIGNIDAD HUMANA Y CONSCIENTE DE SU RESPONSABILIDAD SOCIAL Y CULTURAL, TIENE COMO MISION FORMAR INTEGRALMENTE INDIVIDUOS COMPROMETIDOS CON EL DESARROLLO DEL PAIS EN DISTINTAS AREAS DEL CONOCIMIENTO, POR MEDIO DE PROGRAMAS DE PREGRADO Y POSGRADO, DENTRO DE UN AMBIENTE DEMOCRATICO Y PLURAL, DE TOLERANCIA Y EXALTACION DE VALORESETICOS Y DE ESTIMULO A LA CREATIVIDADY A LA LIBRE INICIATIVA.
LA UNIVERSIDAD CENTRAL BUSCA SER RECONOCIDA NACIONAL E INTERNACIONALMENTE POR LA CALIDAD ACADEMICA, INVESTIGATIVA Y DE PROYECCION SOCIAL DE SUS PROGRAMAS, POR EL DESARROLLO DE UNA CULTURA INSTITUCIONAL ABIERTA Y DE RESPETO POR LA DIFERENCIA Y LAS DISTINTAS MANIFESTACIONES ETNICAS Y LINGUISTICAS, POR EL DESARROLLO DE LA CAPACIDAD INTELECTUAL DE ALUMNOS Y PROFESORES QUE PROPICIEN EL CAMBIO SOCIAL Y CONSTRUYAN UNA NUEVA CIUDADANIA, POR EL ENFASISEN EL PARADIGMA DE RECONSTRUCCION Y/O CONSTRUCCION DEL CONOCIMIENTO, POR LA UTILIZACION Y RENOVACION PERMANENTE DE LAS MAS AVANZADAS TECNOLOGIAS Y POR EL MANEJO DE LAS RELACIONES INSTITUCIONALES SOLIDAS.";Rafael;Santos CalderΩn;RECTOR(E);ACUERDO C.S.;1876;7/09/2017;1/09/2017;28/02/2018;RAFAEL;SANTOS CALDERON;REPRESENTANTE LEGAL;ACUERDO C.S.;11;20/08/2015;1/09/2015;31/08/2017;"CONVENIO,BOGOTA D.C,BOGOTA D.C.;";BOGOTA D.C;BOGOTA D.C.
2708;UNIVERSIDAD CES;ACTIVA;890.984.002-6;PRINCIPAL;FUNDACION;PRIVADA;UNIVERSIDAD;ANTIOQUIA;MEDELLIN;Calle 10A  22-04;4440555;MINISTERIO DE EDUCACION NACIONAL.;RESOLUCION;11154;4/08/1978;109;www.ces.edu.co;SI;28/02/2014;2675;6;EL INSTITUTO DE CIENCIAS DE LA SALUD CES ES UNA ENTIDAD EDUCATIVA AUTÖNOMA DE CARÊCTER PRIVADO NO CONFESIONAL, SIN ÊNIMO DE LUCRO QUE BUSCA LA FORMACIÖN DE PROFESIONALES EN PRE Y POSTGRADO EN EL ÊREA DE LA SALUD, CON LAS MÊS ALTAS CUALIDADES HUMANAS, êTICAS Y CIENTôFICAS. CAPACES DE DAR ATENCIÖN INTEGRAL AL INDIVIDUO, LA FAMILIA Y LA SOCIEDAD ACTUANDO EN LA PROMOCIÖN, PREVENCIÖN Y SOLUCIÖN DE SUS PROBLEMAS DE SALUD. EJERCER UNA FUNCIÖN DE LIDERAZGO EN EL SECTOR SALUD EN EL ENTORNO SOCIAL. PARA LOGRARLO MANTENDRÊ UNA ACTUALIZACIÖN DINÊMICA DEL CURRICULLUM QUE PROPICIE LA AUTOFORMACIÖN Y LA INNOVACIÖN PERMANENTE. EL INSTITUTO SE COMPROMETE A DESARROLLAR UNA ACTIVIDAD INVESTIGATIVA QUE PROMUEVA EL AVANCE DEL CONOCIMIENTO PARA BENEFICIO DEL SER HUMANO Y SU ENTORNO. IGUALMENTE EL INSTITUTO BUSCA PRESTAR SERVICIOS ASISTENCIALES DE SALUD, DE ALTA CALIDAD HUMANA Y CIENTIFICA A LA COMUNIDAD, A TRAVêS DE SUS INSTITUCIONES Y DE CONVENIOS DOCENTE ASISTENCIALES.;JORGE JULIAN;OSORIO GOMEZ;RECTOR;ACTA C.S.;11154;28/11/2018;16/01/2019;15/01/2022;JORGE JULIAN;OSORIO GOMEZ;REPRESENTANTE LEGAL;ACTA C.S.;720;28/11/2018;16/01/2019;15/01/2022;"CONVENIO,BOGOTA D.C,BOGOTA D.C.;CONVENIO,BOGOTA D.C,BOGOTA D.C.;CONVENIO,BOGOTA D.C,BOGOTA D.C.;CONVENIO,BOGOTA D.C,BOGOTA D.C.;CONVENIO,BOGOTA D.C,BOGOTA D.C.;CONVENIO,ANTIOQUIA,MEDELLIN;CONVENIO,ANTIOQUIA,MEDELLIN;CONVENIO,ANTIOQUIA,MEDELLIN;CONVENIO,NARINIO,PASTO;CONVENIO,NARINIO,PASTO;CONVENIO,NARINIO,PASTO;CONVENIO,NARINIO,PASTO;CONVENIO,QUINDIO,ARMENIA;CONVENIO,SANTANDER,BUCARAMANGA;CONVENIO,SANTANDER,BUCARAMANGA;";ANTIOQUIA;MEDELLIN
1816;UNIVERSIDAD COOPERATIVA DE COLOMBIA;ACTIVA;860.029.924-7;SECCIONAL;CORPORACION;PRIVADA;UNIVERSIDAD;ANTIOQUIA;MEDELLIN;Calle 50  41-70;2391100;SIN DATO;NO INFORMA;SIN DATO;19/03/2007;34;www.ucc.edu.co;NO;;;;MISION;MARITZA;RONDON RANGEL;RECTOR;ACTA;SIN DATO;23/01/2015;24/01/2015;23/01/2020;HERNAN DARIO;ARENAS CORDOBA;REPRESENTANTE LEGAL SUPLENTE;RESOLUCION;400;12/04/2013;12/04/2013;;;ANTIOQUIA;MEDELLIN
1816;UNIVERSIDAD COOPERATIVA DE COLOMBIA;ACTIVA;860.029.924-7;SECCIONAL;CORPORACION;PRIVADA;UNIVERSIDAD;ANTIOQUIA;MEDELLIN;Calle 50  41-70;2391100;SIN DATO;NO INFORMA;SIN DATO;19/03/2007;34;www.ucc.edu.co;NO;;;;MISION;MARITZA;RONDON RANGEL;RECTOR;ACTA;SIN DATO;23/01/2015;24/01/2015;23/01/2020;MARITZA;RONDON RANGEL;REPRESENTANTE LEGAL;ACTA;9;23/01/2015;24/01/2015;23/01/2020;;ANTIOQUIA;MEDELLIN
1817;UNIVERSIDAD COOPERATIVA DE COLOMBIA;ACTIVA;860.029.924-7;SECCIONAL;CORPORACION;PRIVADA;UNIVERSIDAD;SANTANDER;BUCARAMANGA;Calle 30A  33-51;343825;SIN DATO;NO INFORMA;SIN DATO;19/03/2007;19;www.ucc.edu.co;NO;;;;MISION;MARITZA;RONDON RANGEL;RECTOR;ACTA;SIN DATO;2/02/2015;24/01/2015;23/01/2020;HERNAN DARIO;ARENAS CORDOBA;REPRESENTANTE LEGAL SUPLENTE;RESOLUCION;400;12/04/2013;12/04/2013;;;SANTANDER;BUCARAMANGA
1817;UNIVERSIDAD COOPERATIVA DE COLOMBIA;ACTIVA;860.029.924-7;SECCIONAL;CORPORACION;PRIVADA;UNIVERSIDAD;SANTANDER;BUCARAMANGA;Calle 30A  33-51;343825;SIN DATO;NO INFORMA;SIN DATO;19/03/2007;19;www.ucc.edu.co;NO;;;;MISION;MARITZA;RONDON RANGEL;RECTOR;ACTA;SIN DATO;2/02/2015;24/01/2015;23/01/2020;MARITZA;RONDON RANGEL;REPRESENTANTE LEGAL;ACTA;9;2/02/2015;24/01/2015;23/01/2020;;SANTANDER;BUCARAMANGA
1818;UNIVERSIDAD COOPERATIVA DE COLOMBIA;ACTIVA;860.029.924-7;PRINCIPAL;CORPORACION;PRIVADA;UNIVERSIDAD;BOGOTA D.C;BOGOTA D.C.;Av. Caracas  No. 44-21, Recibo Correspondencia: Av. Caracas No. 37-63;3323565;SIN DATO;NO INFORMA;SIN DATO;19/03/2007;120;www.ucc.edu.co;NO;;;;"LA UNIVERSIDAD COOPERATIVA DE COLOMBIA ES UNA INSTITUCION DE EDUCACION SUPERIOR, AUXILIAR DEL COOPERATIVISMO, DE PROPIEDAD SOCIAL, QUE POR SU HISTORIA Y ORGANIZACION PERTENECE AL SECTOR DE LA ECONOMIA SOLIDARIA. 

CORPORACION SIN ANIMO DE CARACTER PRIVADO E INTERES SOCIAL, AUXILIAR DEL COOPERATIVISMO, Y PERTENECIENTE AL SECTOR DE LA ECONOMIA SOLIDARIA

SON SUS FUNCIONES SUSTANTIVAS: LA FORMACION DE PROFESIONALES CON CRITERIOS POLITICOS Y SOLIDARIOS QUE CONTRIBUYAN A LA TRANSFORMACION ARMONICA DE LA SOCIEDAD; LA INVESTIGACION COMO ACTIVIDAD BASICA DE LA DOCENCIA Y COMO APORTE A LOS PROBLEMAS CIENTIFICOS, TECNOLOGICOS Y SOCIALES; Y LA EXTENSION COMO PROYECCION SOCIAL ORIENTADA AL SERVICIO PUBLICO Y AL VINCULO EFECTIVO CON EL SECTOR PRODUCTIVO.

IMPARTE FORMACION EN LOS CAMPOS DE LAS CIENCIAS, LAS TECNICAS, LAS TECNOLOGIAS Y LAS HUMANIDADES A NIVEL DE PREGRADO Y POSTGRADO, EN UN AMBIENTE DE BIENESTAR INSTITUCIONAL ACTIVO Y FLEXIBLE DE APRENDIZAJE PERMANENTE.

ES UNA UNIVERSIDAD DE CARACTER NACIONAL, DESCENTRALIZADA Y ABIERTA AL MUNDO.";MARITZA;RONDON RANGEL;RECTOR;ACTA;SIN DATO;23/01/2015;24/01/2015;23/01/2020;HERNAN DARIO;ARENAS CORDOBA;REPRESENTANTE LEGAL SUPLENTE;RESOLUCION;400;12/04/2013;12/04/2013;;;BOGOTA D.C;BOGOTA D.C.
1818;UNIVERSIDAD COOPERATIVA DE COLOMBIA;ACTIVA;860.029.924-7;PRINCIPAL;CORPORACION;PRIVADA;UNIVERSIDAD;BOGOTA D.C;BOGOTA D.C.;Av. Caracas  No. 44-21, Recibo Correspondencia: Av. Caracas No. 37-63;3323565;SIN DATO;NO INFORMA;SIN DATO;19/03/2007;120;www.ucc.edu.co;NO;;;;"LA UNIVERSIDAD COOPERATIVA DE COLOMBIA ES UNA INSTITUCION DE EDUCACION SUPERIOR, AUXILIAR DEL COOPERATIVISMO, DE PROPIEDAD SOCIAL, QUE POR SU HISTORIA Y ORGANIZACION PERTENECE AL SECTOR DE LA ECONOMIA SOLIDARIA. 

CORPORACION SIN ANIMO DE CARACTER PRIVADO E INTERES SOCIAL, AUXILIAR DEL COOPERATIVISMO, Y PERTENECIENTE AL SECTOR DE LA ECONOMIA SOLIDARIA

SON SUS FUNCIONES SUSTANTIVAS: LA FORMACION DE PROFESIONALES CON CRITERIOS POLITICOS Y SOLIDARIOS QUE CONTRIBUYAN A LA TRANSFORMACION ARMONICA DE LA SOCIEDAD; LA INVESTIGACION COMO ACTIVIDAD BASICA DE LA DOCENCIA Y COMO APORTE A LOS PROBLEMAS CIENTIFICOS, TECNOLOGICOS Y SOCIALES; Y LA EXTENSION COMO PROYECCION SOCIAL ORIENTADA AL SERVICIO PUBLICO Y AL VINCULO EFECTIVO CON EL SECTOR PRODUCTIVO.

IMPARTE FORMACION EN LOS CAMPOS DE LAS CIENCIAS, LAS TECNICAS, LAS TECNOLOGIAS Y LAS HUMANIDADES A NIVEL DE PREGRADO Y POSTGRADO, EN UN AMBIENTE DE BIENESTAR INSTITUCIONAL ACTIVO Y FLEXIBLE DE APRENDIZAJE PERMANENTE.

ES UNA UNIVERSIDAD DE CARACTER NACIONAL, DESCENTRALIZADA Y ABIERTA AL MUNDO.";MARITZA;RONDON RANGEL;RECTOR;ACTA;SIN DATO;23/01/2015;24/01/2015;23/01/2020;MARITZA;RONDON RANGEL;REPRESENTANTE LEGAL;ACTA;9;23/01/2015;24/01/2015;23/01/2020;;BOGOTA D.C;BOGOTA D.C.
1819;UNIVERSIDAD COOPERATIVA DE COLOMBIA;ACTIVA;860.029.924-7;SECCIONAL;CORPORACION;PRIVADA;UNIVERSIDAD;SANTANDER;BARRANCABERMEJA;Calle 57 entre carrerras 24 y 27 Barrio G;213277;SIN DATO;NO INFORMA;SIN DATO;19/03/2007;8;ucc.edu.co;NO;;;;"SOMOS UNA INSTITUCIÖN DE EDUCACIÖN SUPERIOR, DE PROPIEDAD SOCIAL,  QUE POR SU ORIGEN Y ORGANIZACIÖN PERTENECE AL SECTOR DE LA ECONOMôA SOLIDARIA.

NUESTROS PRINCIPIOS FUNDAMENTALES SON:  LA FORMACIÖN DE PROFESIONALES CON CRITERIOS POLôTICOS, CREATIVOS Y SOLIDARIOS QUE CONTRIBUYAN AL DESARROLLO ARMÖNICO DE LA SOCIEDAD.

LA INVESTIGACIÖN  COMO ACTIVIDAD COMPLEMENTARIA DE LA DOCENCIA Y COMO APORTE A LA SOLUCIÖN DE PROBLEMAS CIENTôFICOS, TECNOLÖGICOS Y SOCIALES.

LA EXTENSIÖN  ORIENTADA AL SERVICIO PÇBLICO Y EL VINCULO EFECTIVO CON EL SECTOR PRODUCTIVO.

IMPARTIMOS FORMACIÖN EN LOS CAMPOS DE LAS CIENCIAS,  LAS TECNOLOGôAS Y LAS HUMANIDADES A NIVEL DE PREGRADO,  POSGRADO Y EDUCACIÖN NO FORMAL EN UN AMBIENTE ACTIVO Y FLEXIBLE DE APRENDIZAJE.

COMO COMUNIDAD UNIVERSITARIA VALORAMOS LA SOLIDARIDAD,  LA EQUIDAD,  EL RESPETO  A LA DIVERSIDAD Y LA LIBERTAD COMO FUNDAMENTO DE LA CONSTRUCCIÖN DE UNA NUEVA SOCIEDAD. SOMOS UNA UNIVERSIDAD DE CARÊCTER NACIONAL, DESCENTRALIZADA Y ABIERTA AL MUNDO.";MARITZA;RONDON RANGEL;RECTOR;ACTA;SIN DATO;23/01/2015;24/01/2015;23/01/2020;HERNAN DARIO;ARENAS CORDOBA;REPRESENTANTE LEGAL SUPLENTE;RESOLUCION;400;12/04/2013;12/04/2013;;;SANTANDER;BARRANCABERMEJA
1819;UNIVERSIDAD COOPERATIVA DE COLOMBIA;ACTIVA;860.029.924-7;SECCIONAL;CORPORACION;PRIVADA;UNIVERSIDAD;SANTANDER;BARRANCABERMEJA;Calle 57 entre carrerras 24 y 27 Barrio G;213277;SIN DATO;NO INFORMA;SIN DATO;19/03/2007;8;ucc.edu.co;NO;;;;"SOMOS UNA INSTITUCIÖN DE EDUCACIÖN SUPERIOR, DE PROPIEDAD SOCIAL,  QUE POR SU ORIGEN Y ORGANIZACIÖN PERTENECE AL SECTOR DE LA ECONOMôA SOLIDARIA.

NUESTROS PRINCIPIOS FUNDAMENTALES SON:  LA FORMACIÖN DE PROFESIONALES CON CRITERIOS POLôTICOS, CREATIVOS Y SOLIDARIOS QUE CONTRIBUYAN AL DESARROLLO ARMÖNICO DE LA SOCIEDAD.

LA INVESTIGACIÖN  COMO ACTIVIDAD COMPLEMENTARIA DE LA DOCENCIA Y COMO APORTE A LA SOLUCIÖN DE PROBLEMAS CIENTôFICOS, TECNOLÖGICOS Y SOCIALES.

LA EXTENSIÖN  ORIENTADA AL SERVICIO PÇBLICO Y EL VINCULO EFECTIVO CON EL SECTOR PRODUCTIVO.

IMPARTIMOS FORMACIÖN EN LOS CAMPOS DE LAS CIENCIAS,  LAS TECNOLOGôAS Y LAS HUMANIDADES A NIVEL DE PREGRADO,  POSGRADO Y EDUCACIÖN NO FORMAL EN UN AMBIENTE ACTIVO Y FLEXIBLE DE APRENDIZAJE.

COMO COMUNIDAD UNIVERSITARIA VALORAMOS LA SOLIDARIDAD,  LA EQUIDAD,  EL RESPETO  A LA DIVERSIDAD Y LA LIBERTAD COMO FUNDAMENTO DE LA CONSTRUCCIÖN DE UNA NUEVA SOCIEDAD. SOMOS UNA UNIVERSIDAD DE CARÊCTER NACIONAL, DESCENTRALIZADA Y ABIERTA AL MUNDO.";MARITZA;RONDON RANGEL;RECTOR;ACTA;SIN DATO;23/01/2015;24/01/2015;23/01/2020;MARITZA;RONDON RANGEL;REPRESENTANTE LEGAL;ACTA;9;23/01/2015;24/01/2015;23/01/2020;;SANTANDER;BARRANCABERMEJA
1820;UNIVERSIDAD COOPERATIVA DE COLOMBIA;ACTIVA;860.029.924-7;SECCIONAL;CORPORACION;PRIVADA;UNIVERSIDAD;MAGDALENA;SANTA MARTA;Troncal del Caribe Sector Mamatoco;4331715;SIN DATO;NO INFORMA;SIN DATO;19/03/2007;16;www.ucc.edu.co;NO;;;;MISION;MARITZA;RONDON RANGEL;RECTOR;ACTA;SIN DATO;23/01/2015;24/01/2015;23/01/2020;HERNAN DARIO;ARENAS CORDOBA;REPRESENTANTE LEGAL SUPLENTE;RESOLUCION;400;12/04/2013;12/04/2013;;;MAGDALENA;SANTA MARTA
1820;UNIVERSIDAD COOPERATIVA DE COLOMBIA;ACTIVA;860.029.924-7;SECCIONAL;CORPORACION;PRIVADA;UNIVERSIDAD;MAGDALENA;SANTA MARTA;Troncal del Caribe Sector Mamatoco;4331715;SIN DATO;NO INFORMA;SIN DATO;19/03/2007;16;www.ucc.edu.co;NO;;;;MISION;MARITZA;RONDON RANGEL;RECTOR;ACTA;SIN DATO;23/01/2015;24/01/2015;23/01/2020;MARITZA;RONDON RANGEL;REPRESENTANTE LEGAL;ACTA;9;23/01/2015;24/01/2015;23/01/2020;;MAGDALENA;SANTA MARTA
1201;UNIVERSIDAD DE ANTIOQUIA;ACTIVA;890.980.040-8;PRINCIPAL;DEPARTAMENTAL;OFICIAL;UNIVERSIDAD;ANTIOQUIA;MEDELLIN;CLLE 67 No. 51 - 08;2128332;Asamblea;LEY;71;31/12/1969;518;www.udea.edu.co;SI;14/12/2012;16516;10;MISION;ÊLVARO DE JESÇS;FRANCO GIRALDO;PRIMER SUPLENTE DEL RECTOR;RESOLUCION;71;15/11/2016;1/12/2016;30/11/2017;EDISON DARIO;NEIRA PALACIO;REPRESENTANTE LEGAL SUPLENTE;RESOLUCION;41404;29/04/2016;2/05/2016;1/05/2017;"CONVENIO,BOGOTA D.C,BOGOTA D.C.;CONVENIO,CAUCA,POPAYAN;CONVENIO,CESAR,VALLEDUPAR;CONVENIO,ANTIOQUIA,MEDELLIN;CONVENIO,ANTIOQUIA,RIONEGRO;CONVENIO,NORTE DE SANTANDER,PAMPLONA;CONVENIO,NORTE DE SANTANDER,PAMPLONA;CONVENIO,NORTE DE SANTANDER,PAMPLONA;CONVENIO,TOLIMA,IBAGUE;CONVENIO,TOLIMA,IBAGUE;CONVENIO,VALLE DEL CAUCA,CALI;CENTROS TUTORIALES,ANTIOQUIA,ANDES;CENTROS TUTORIALES,ANTIOQUIA,CARMEN DE VIBORAL;CENTROS TUTORIALES,ANTIOQUIA,CARMEN DE VIBORAL;CENTROS TUTORIALES,ANTIOQUIA,LA PINTADA;CENTROS TUTORIALES,VALLE DEL CAUCA,CALI;";ANTIOQUIA;MEDELLIN
1201;UNIVERSIDAD DE ANTIOQUIA;ACTIVA;890.980.040-8;PRINCIPAL;DEPARTAMENTAL;OFICIAL;UNIVERSIDAD;ANTIOQUIA;MEDELLIN;CLLE 67 No. 51 - 08;2128332;Asamblea;LEY;71;31/12/1969;518;www.udea.edu.co;SI;14/12/2012;16516;10;MISION;MAURICIO;ALVIAR RAMIREZ;RECTOR;RESOLUCION;71;24/02/2015;7/04/2015;6/03/2018;MAURICIO;ALVIAR RAMIREZ;REPRESENTANTE LEGAL;RESOLUCION;1989;24/02/2015;7/04/2015;6/03/2018;"CONVENIO,BOGOTA D.C,BOGOTA D.C.;CONVENIO,CAUCA,POPAYAN;CONVENIO,CESAR,VALLEDUPAR;CONVENIO,ANTIOQUIA,MEDELLIN;CONVENIO,ANTIOQUIA,RIONEGRO;CONVENIO,NORTE DE SANTANDER,PAMPLONA;CONVENIO,NORTE DE SANTANDER,PAMPLONA;CONVENIO,NORTE DE SANTANDER,PAMPLONA;CONVENIO,TOLIMA,IBAGUE;CONVENIO,TOLIMA,IBAGUE;CONVENIO,VALLE DEL CAUCA,CALI;CENTROS TUTORIALES,ANTIOQUIA,ANDES;CENTROS TUTORIALES,ANTIOQUIA,CARMEN DE VIBORAL;CENTROS TUTORIALES,ANTIOQUIA,CARMEN DE VIBORAL;CENTROS TUTORIALES,ANTIOQUIA,LA PINTADA;CENTROS TUTORIALES,VALLE DEL CAUCA,CALI;";ANTIOQUIA;MEDELLIN
1201;UNIVERSIDAD DE ANTIOQUIA;ACTIVA;890.980.040-8;PRINCIPAL;DEPARTAMENTAL;OFICIAL;UNIVERSIDAD;ANTIOQUIA;MEDELLIN;CLLE 67 No. 51 - 08;2128332;Asamblea;LEY;71;31/12/1969;518;www.udea.edu.co;SI;14/12/2012;16516;10;MISION;MAURICIO;ALVIAR RAMIREZ;RECTOR;RESOLUCION;71;24/02/2015;7/04/2015;6/03/2018;EDISON DARIO;NEIRA PALACIO;REPRESENTANTE LEGAL SUPLENTE;RESOLUCION;41404;29/04/2016;2/05/2016;1/05/2017;"CONVENIO,BOGOTA D.C,BOGOTA D.C.;CONVENIO,CAUCA,POPAYAN;CONVENIO,CESAR,VALLEDUPAR;CONVENIO,ANTIOQUIA,MEDELLIN;CONVENIO,ANTIOQUIA,RIONEGRO;CONVENIO,NORTE DE SANTANDER,PAMPLONA;CONVENIO,NORTE DE SANTANDER,PAMPLONA;CONVENIO,NORTE DE SANTANDER,PAMPLONA;CONVENIO,TOLIMA,IBAGUE;CONVENIO,TOLIMA,IBAGUE;CONVENIO,VALLE DEL CAUCA,CALI;CENTROS TUTORIALES,ANTIOQUIA,ANDES;CENTROS TUTORIALES,ANTIOQUIA,CARMEN DE VIBORAL;CENTROS TUTORIALES,ANTIOQUIA,CARMEN DE VIBORAL;CENTROS TUTORIALES,ANTIOQUIA,LA PINTADA;CENTROS TUTORIALES,VALLE DEL CAUCA,CALI;";ANTIOQUIA;MEDELLIN
1201;UNIVERSIDAD DE ANTIOQUIA;ACTIVA;890.980.040-8;PRINCIPAL;DEPARTAMENTAL;OFICIAL;UNIVERSIDAD;ANTIOQUIA;MEDELLIN;CLLE 67 No. 51 - 08;2128332;Asamblea;LEY;71;31/12/1969;518;www.udea.edu.co;SI;14/12/2012;16516;10;MISION;EDISON DARIO;NEIRA PALACIO;RECTOR SUPLENTE;RESOLUCION;71;29/04/2016;2/05/2016;1/05/2017;MAURICIO;ALVIAR RAMIREZ;REPRESENTANTE LEGAL;RESOLUCION;1989;24/02/2015;7/04/2015;6/03/2018;"CONVENIO,BOGOTA D.C,BOGOTA D.C.;CONVENIO,CAUCA,POPAYAN;CONVENIO,CESAR,VALLEDUPAR;CONVENIO,ANTIOQUIA,MEDELLIN;CONVENIO,ANTIOQUIA,RIONEGRO;CONVENIO,NORTE DE SANTANDER,PAMPLONA;CONVENIO,NORTE DE SANTANDER,PAMPLONA;CONVENIO,NORTE DE SANTANDER,PAMPLONA;CONVENIO,TOLIMA,IBAGUE;CONVENIO,TOLIMA,IBAGUE;CONVENIO,VALLE DEL CAUCA,CALI;CENTROS TUTORIALES,ANTIOQUIA,ANDES;CENTROS TUTORIALES,ANTIOQUIA,CARMEN DE VIBORAL;CENTROS TUTORIALES,ANTIOQUIA,CARMEN DE VIBORAL;CENTROS TUTORIALES,ANTIOQUIA,LA PINTADA;CENTROS TUTORIALES,VALLE DEL CAUCA,CALI;";ANTIOQUIA;MEDELLIN
1201;UNIVERSIDAD DE ANTIOQUIA;ACTIVA;890.980.040-8;PRINCIPAL;DEPARTAMENTAL;OFICIAL;UNIVERSIDAD;ANTIOQUIA;MEDELLIN;CLLE 67 No. 51 - 08;2128332;Asamblea;LEY;71;31/12/1969;518;www.udea.edu.co;SI;14/12/2012;16516;10;MISION;EDISON DARIO;NEIRA PALACIO;RECTOR SUPLENTE;RESOLUCION;71;29/04/2016;2/05/2016;1/05/2017;EDISON DARIO;NEIRA PALACIO;REPRESENTANTE LEGAL SUPLENTE;RESOLUCION;41404;29/04/2016;2/05/2016;1/05/2017;"CONVENIO,BOGOTA D.C,BOGOTA D.C.;CONVENIO,CAUCA,POPAYAN;CONVENIO,CESAR,VALLEDUPAR;CONVENIO,ANTIOQUIA,MEDELLIN;CONVENIO,ANTIOQUIA,RIONEGRO;CONVENIO,NORTE DE SANTANDER,PAMPLONA;CONVENIO,NORTE DE SANTANDER,PAMPLONA;CONVENIO,NORTE DE SANTANDER,PAMPLONA;CONVENIO,TOLIMA,IBAGUE;CONVENIO,TOLIMA,IBAGUE;CONVENIO,VALLE DEL CAUCA,CALI;CENTROS TUTORIALES,ANTIOQUIA,ANDES;CENTROS TUTORIALES,ANTIOQUIA,CARMEN DE VIBORAL;CENTROS TUTORIALES,ANTIOQUIA,CARMEN DE VIBORAL;CENTROS TUTORIALES,ANTIOQUIA,LA PINTADA;CENTROS TUTORIALES,VALLE DEL CAUCA,CALI;";ANTIOQUIA;MEDELLIN
1201;UNIVERSIDAD DE ANTIOQUIA;ACTIVA;890.980.040-8;PRINCIPAL;DEPARTAMENTAL;OFICIAL;UNIVERSIDAD;ANTIOQUIA;MEDELLIN;CLLE 67 No. 51 - 08;2128332;Asamblea;LEY;71;31/12/1969;518;www.udea.edu.co;SI;14/12/2012;16516;10;MISION;ÊLVARO DE JESÇS;FRANCO GIRALDO;PRIMER SUPLENTE DEL RECTOR;RESOLUCION;71;15/11/2016;1/12/2016;30/11/2017;MAURICIO;ALVIAR RAMIREZ;REPRESENTANTE LEGAL;RESOLUCION;1989;24/02/2015;7/04/2015;6/03/2018;"CONVENIO,BOGOTA D.C,BOGOTA D.C.;CONVENIO,CAUCA,POPAYAN;CONVENIO,CESAR,VALLEDUPAR;CONVENIO,ANTIOQUIA,MEDELLIN;CONVENIO,ANTIOQUIA,RIONEGRO;CONVENIO,NORTE DE SANTANDER,PAMPLONA;CONVENIO,NORTE DE SANTANDER,PAMPLONA;CONVENIO,NORTE DE SANTANDER,PAMPLONA;CONVENIO,TOLIMA,IBAGUE;CONVENIO,TOLIMA,IBAGUE;CONVENIO,VALLE DEL CAUCA,CALI;CENTROS TUTORIALES,ANTIOQUIA,ANDES;CENTROS TUTORIALES,ANTIOQUIA,CARMEN DE VIBORAL;CENTROS TUTORIALES,ANTIOQUIA,CARMEN DE VIBORAL;CENTROS TUTORIALES,ANTIOQUIA,LA PINTADA;CENTROS TUTORIALES,VALLE DEL CAUCA,CALI;";ANTIOQUIA;MEDELLIN
1219;UNIVERSIDAD DE ANTIOQUIA;ACTIVA;890.980.040-8;SECCIONAL;DEPARTAMENTAL;OFICIAL;UNIVERSIDAD;ANTIOQUIA;CARMEN DE VIBORAL;Km 6 Via Rionegro, La Ceja, El Tambo Jurisdiccion El Carmen de Viboral;5311177;SIN DATO;NO INFORMA;SIN DATO;19/03/2007;19;www.udea.edu.co;NO;;2087;;SIN DEFINIR;JOHN JAIRO;Arboleda Cespedes;RECTOR;NO INFORMA;SIN DATO;27/02/2018;7/04/2018;6/04/2021;JOHN JAIRO;Arboleda Cespedes;REPRESENTANTE LEGAL;NO INFORMA;2239;27/02/2018;7/04/2018;6/04/2021;;ANTIOQUIA;CARMEN DE VIBORAL
1220;UNIVERSIDAD DE ANTIOQUIA;ACTIVA;890.980.040-8;SECCIONAL;DEPARTAMENTAL;OFICIAL;UNIVERSIDAD;ANTIOQUIA;ANDES;Km. 4 Salida Medellin Vereda Campamento;8418052;SIN DATO;NO INFORMA;SIN DATO;19/03/2007;16;www.udea.edu.co;NO;;2087;;SIN DEFINIR;MAURICIO;ALVIAR RAMIREZ;RECTOR;RESOLUCION;SIN DATO;24/02/2015;7/04/2015;6/04/2018;MAURICIO;ALVIAR RAMIREZ;REPRESENTANTE LEGAL;RESOLUCION;1989;24/02/2015;7/04/2015;6/04/2018;;ANTIOQUIA;ANDES
1221;UNIVERSIDAD DE ANTIOQUIA;ACTIVA;890.980.040-8;SECCIONAL;DEPARTAMENTAL;OFICIAL;UNIVERSIDAD;ANTIOQUIA;CAUCASIA;Liceo Municipal Caucasi Carretera.TR Av. Pajonal;8395350;SIN DATO;NO INFORMA;SIN DATO;19/03/2007;18;www.udea.edu.co;NO;;2087;;SIN DEFINIR;JOHN JAIRO;Arboleda Cespedes;RECTOR;NO INFORMA;SIN DATO;27/02/2018;7/04/2018;6/04/2021;JOHN JAIRO;Arboleda Cespedes;REPRESENTANTE LEGAL;NO INFORMA;2239;27/02/2018;7/04/2018;6/04/2021;;ANTIOQUIA;CAUCASIA
1222;UNIVERSIDAD DE ANTIOQUIA;ACTIVA;890.980.040-8;SECCIONAL;DEPARTAMENTAL;OFICIAL;UNIVERSIDAD;ANTIOQUIA;PUERTO BERRIO;Salida  Medellin Barrio Cacique;8333522;SIN DATO;NO INFORMA;SIN DATO;19/03/2007;8;www.udea.edu.co;NO;;2087;;SIN DEFINIR;JOHN JAIRO;Arboleda Cespedes;RECTOR;NO INFORMA;SIN DATO;27/02/2018;7/04/2018;6/04/2021;JOHN JAIRO;Arboleda Cespedes;REPRESENTANTE LEGAL;NO INFORMA;2239;27/02/2018;7/04/2018;6/04/2021;;ANTIOQUIA;PUERTO BERRIO
1223;UNIVERSIDAD DE ANTIOQUIA;ACTIVA;890.980.040-8;SECCIONAL;DEPARTAMENTAL;OFICIAL;UNIVERSIDAD;ANTIOQUIA;TURBO;Calle 104 entre Carreras 18 A - 19 B.Jesus;8272588;SIN DATO;NO INFORMA;SIN DATO;19/03/2007;16;www.udea.edu.co;NO;;2087;;SIN DEFINIR;JOHN JAIRO;Arboleda Cespedes;RECTOR;NO INFORMA;SIN DATO;27/02/2018;7/04/2018;6/04/2021;JOHN JAIRO;Arboleda Cespedes;REPRESENTANTE LEGAL;NO INFORMA;2239;27/02/2018;7/04/2018;6/04/2021;;ANTIOQUIA;TURBO
9125;UNIVERSIDAD DE ANTIOQUIA;ACTIVA;890.980.040-8;SECCIONAL;NACIONAL;OFICIAL;UNIVERSIDAD;ANTIOQUIA;SANTA FE DE ANTIOQUIA;Calle 9 7-36 Diagonal al Comando de Policia;8531743;SIN DATO;NO INFORMA;SIN DATO;12/03/2008;6;www.udea.edu.co;NO;;;;SIN DEFINIR;JOHN JAIRO;Arboleda Cespedes;RECTOR;NO INFORMA;SIN DATO;27/02/2018;7/04/2018;6/04/2021;JOHN JAIRO;Arboleda Cespedes;REPRESENTANTE LEGAL;NO INFORMA;2239;27/02/2018;7/04/2018;6/04/2021;;ANTIOQUIA;SANTA FE DE ANTIOQUIA
1734;UNIVERSIDAD DE BOYACA UNIBOYACA;ACTIVA;891.801.101-6;PRINCIPAL;FUNDACION;PRIVADA;UNIVERSIDAD;BOYACA;TUNJA;Carrera 2a. Este No. 64-169;7450044;MINISTERIO DE EDUCACION NACIONAL.;RESOLUCION;6553;25/05/1981;55;www.uniboyaca.edu.co;NO;;;;BASADOS EN EL PODER DEL SABER FORMAR HOMBRES Y MUJERES LIBRES CRôTICOS Y COMPROMETIDOS SOCIALMENTE;Osmar Rodrigo;Correal Cuervo;RECTOR(E);ACTA C.D.;6553;25/05/2017;12/06/2017;7/08/2017;Osmar Rodrigo;Correal Cuervo;REPRESENTANTE LEGAL (E);ACTA C.D.;122;25/05/2017;12/06/2017;7/08/2017;;BOYACA;TUNJA
1734;UNIVERSIDAD DE BOYACA UNIBOYACA;ACTIVA;891.801.101-6;PRINCIPAL;FUNDACION;PRIVADA;UNIVERSIDAD;BOYACA;TUNJA;Carrera 2a. Este No. 64-169;7450044;MINISTERIO DE EDUCACION NACIONAL.;RESOLUCION;6553;25/05/1981;55;www.uniboyaca.edu.co;NO;;;;BASADOS EN EL PODER DEL SABER FORMAR HOMBRES Y MUJERES LIBRES CRôTICOS Y COMPROMETIDOS SOCIALMENTE;Rosa   Amalia;Cuervo  de Correal;RECTOR;ACTA C.S.;6553;14/12/2016;11/01/2017;11/01/2019;Rosa   Amalia;Cuervo de Correal;REPRESENTANTE LEGAL;ACTA FUNDA;51;14/12/2016;11/01/2017;11/01/2019;;BOYACA;TUNJA
1734;UNIVERSIDAD DE BOYACA UNIBOYACA;ACTIVA;891.801.101-6;PRINCIPAL;FUNDACION;PRIVADA;UNIVERSIDAD;BOYACA;TUNJA;Carrera 2a. Este No. 64-169;7450044;MINISTERIO DE EDUCACION NACIONAL.;RESOLUCION;6553;25/05/1981;55;www.uniboyaca.edu.co;NO;;;;BASADOS EN EL PODER DEL SABER FORMAR HOMBRES Y MUJERES LIBRES CRôTICOS Y COMPROMETIDOS SOCIALMENTE;Rosa   Amalia;Cuervo  de Correal;RECTOR;ACTA C.S.;6553;14/12/2016;11/01/2017;11/01/2019;Osmar Rodrigo;Correal Cuervo;REPRESENTANTE LEGAL (E);ACTA C.D.;122;25/05/2017;12/06/2017;7/08/2017;;BOYACA;TUNJA
1734;UNIVERSIDAD DE BOYACA UNIBOYACA;ACTIVA;891.801.101-6;PRINCIPAL;FUNDACION;PRIVADA;UNIVERSIDAD;BOYACA;TUNJA;Carrera 2a. Este No. 64-169;7450044;MINISTERIO DE EDUCACION NACIONAL.;RESOLUCION;6553;25/05/1981;55;www.uniboyaca.edu.co;NO;;;;BASADOS EN EL PODER DEL SABER FORMAR HOMBRES Y MUJERES LIBRES CRôTICOS Y COMPROMETIDOS SOCIALMENTE;Osmar Rodrigo;Correal Cuervo;RECTOR(E);ACTA C.D.;6553;25/05/2017;12/06/2017;7/08/2017;Rosa   Amalia;Cuervo de Correal;REPRESENTANTE LEGAL;ACTA FUNDA;51;14/12/2016;11/01/2017;11/01/2019;;BOYACA;TUNJA
1112;UNIVERSIDAD DE CALDAS;ACTIVA;890.801.063;PRINCIPAL;NACIONAL;OFICIAL;UNIVERSIDAD;CALDAS;MANIZALES;Calle 65  26-10;8861250;Asamblea Departamental de Caldas;ORDENANZA;6;24/05/1943;120;www.ucaldas.edu.co;SI;24/10/2018;17202;8;LA UNIVERSIDAD DE CALDAS, EN CUMPLIMIENTO DE LA FUNCIÖN SOCIAL QUE CORRESPONDE A SU NATURALEZA PÇBLICA, TIENE LA MISIÖN DE GENERAR, APROPIAR, DIFUNDIR Y APLICAR CONOCIMIENTOS, MEDIANTE PROCESOS CURRICULARES, INVESTIGATIVOS Y DE PROYECCIÖN, PARA FORMAR INTEGRALMENTE CIUDADANOS ÇTILES A LA SOCIEDAD, APORTAR SOLUCIONES A LOS PROBLEMAS REGIONALES Y NACIONALES Y CONTRIBUIR AL DESARROLLO SUSTENTABLE Y A LA INTEGRACIÖN DEL CENTRO OCCIDENTE COLOMBIANO.;ALEJANDRO;CEBALLOS MARQUEZ;RECTOR;ACTO ADMINISTRATIVO;6;16/05/2018;21/05/2018;20/05/2022;ALEJANDRO;CEBALLOS MARQUEZ;REPRESENTANTE LEGAL;ACTO ADMINISTRATIVO;14;16/05/2018;21/05/2018;20/05/2022;"CONVENIO,META,VILLAVICENCIO;CERES,CALDAS,MANIZALES;CERES,CALDAS,MANIZALES;CERES,CALDAS,AGUADAS;CERES,CALDAS,ANSERMA;CERES,CALDAS,ANSERMA;CERES,CALDAS,LA DORADA;CERES,CALDAS,LA DORADA;CERES,CALDAS,RIOSUCIO;CERES,CALDAS,RIOSUCIO;CERES,CALDAS,SALAMINA;CERES,CALDAS,SALAMINA;CERES,CALDAS,SALAMINA;CERES,CALDAS,SAMANA;CENTROS TUTORIALES,RISARALDA,PEREIRA;";CALDAS;MANIZALES
1205;UNIVERSIDAD DE CARTAGENA;ACTIVA;890.480.123-5;PRINCIPAL;DEPARTAMENTAL;OFICIAL;UNIVERSIDAD;BOLIVAR;CARTAGENA;Centro Carrera 6 No. 36-100;6600676;el Libertador Simon Bolivar.;DECRETO;0;31/12/1969;114;www.unicartagena.edu.co;SI;12/02/2018;1968;6;MISION;EDGAR;PARRA CHACON;RECTOR;NO INFORMA;0;11/05/2018;5/06/2018;4/06/2022;EDGAR;PARRA CHACON;REPRESENTANTE LEGAL;NO INFORMA;8;11/05/2018;5/06/2018;4/06/2022;"CONVENIO,BOGOTA D.C,BOGOTA D.C.;CONVENIO,BOGOTA D.C,BOGOTA D.C.;CENTROS TUTORIALES,BOLIVAR,CARTAGENA;CENTROS TUTORIALES,BOLIVAR,CARTAGENA;CENTROS TUTORIALES,BOLIVAR,CARTAGENA;CENTROS TUTORIALES,BOLIVAR,EL CARMEN DE BOLIVAR;CENTROS TUTORIALES,BOLIVAR,EL CARMEN DE BOLIVAR;CENTROS TUTORIALES,BOLIVAR,EL CARMEN DE BOLIVAR;CENTROS TUTORIALES,BOLIVAR,EL CARMEN DE BOLIVAR;CENTROS TUTORIALES,BOLIVAR,EL CARMEN DE BOLIVAR;CENTROS TUTORIALES,BOLIVAR,MAGANGUE;CENTROS TUTORIALES,BOLIVAR,MAGANGUE;CENTROS TUTORIALES,BOLIVAR,MAGANGUE;CENTROS TUTORIALES,BOLIVAR,MAGANGUE;CENTROS TUTORIALES,BOLIVAR,MAGANGUE;CENTROS TUTORIALES,BOLIVAR,MAGANGUE;CENTROS TUTORIALES,BOLIVAR,MAGANGUE;CENTROS TUTORIALES,BOLIVAR,MAGANGUE;CENTROS TUTORIALES,BOLIVAR,MAGANGUE;CENTROS TUTORIALES,BOLIVAR,MAGANGUE;CENTROS TUTORIALES,BOLIVAR,MAGANGUE;CENTROS TUTORIALES,BOLIVAR,MAGANGUE;CENTROS TUTORIALES,BOLIVAR,MAGANGUE;CENTROS TUTORIALES,BOLIVAR,MOMPOS;CENTROS TUTORIALES,BOLIVAR,MOMPOS;CENTROS TUTORIALES,BOLIVAR,MOMPOS;CENTROS TUTORIALES,BOLIVAR,MOMPOS;CENTROS TUTORIALES,BOLIVAR,SAN ESTANISLAO;CENTROS TUTORIALES,BOLIVAR,SAN ESTANISLAO;CENTROS TUTORIALES,BOLIVAR,SAN JUAN NEPOMUCENO;CENTROS TUTORIALES,BOLIVAR,SAN JUAN NEPOMUCENO;CENTROS TUTORIALES,BOLIVAR,SAN JUAN NEPOMUCENO;CENTROS TUTORIALES,BOLIVAR,SAN JUAN NEPOMUCENO;CENTROS TUTORIALES,BOLIVAR,SAN JUAN NEPOMUCENO;CENTROS TUTORIALES,BOLIVAR,SAN JUAN NEPOMUCENO;CENTROS TUTORIALES,BOLIVAR,SAN JUAN NEPOMUCENO;CENTROS TUTORIALES,BOLIVAR,SAN JUAN NEPOMUCENO;CENTROS TUTORIALES,BOLIVAR,TURBACO;CENTROS TUTORIALES,BOLIVAR,TURBACO;CENTROS TUTORIALES,CORDOBA,CERETE;CENTROS TUTORIALES,CORDOBA,CERETE;CENTROS TUTORIALES,CORDOBA,CERETE;CENTROS TUTORIALES,CORDOBA,CERETE;CENTROS TUTORIALES,CORDOBA,CERETE;CENTROS TUTORIALES,CORDOBA,CERETE;CENTROS TUTORIALES,CORDOBA,CERETE;CENTROS TUTORIALES,CORDOBA,CERETE;CENTROS TUTORIALES,CORDOBA,CERETE;CENTROS TUTORIALES,CORDOBA,CERETE;CENTROS TUTORIALES,CORDOBA,LORICA;CENTROS TUTORIALES,CORDOBA,LORICA;CENTROS TUTORIALES,CORDOBA,LORICA;CENTROS TUTORIALES,CORDOBA,LORICA;CENTROS TUTORIALES,CORDOBA,LORICA;CENTROS TUTORIALES,CORDOBA,LORICA;CENTROS TUTORIALES,SUCRE,SAN MARCOS;CENTROS TUTORIALES,SUCRE,SAN MARCOS;CENTROS TUTORIALES,SUCRE,SINCE;";BOLIVAR;CARTAGENA
1835;UNIVERSIDAD DE CIENCIAS APLICADAS Y AMBIENTALES UDCA.;ACTIVA;860.403.721.2;PRINCIPAL;CORPORACION;PRIVADA;UNIVERSIDAD;BOGOTA D.C;BOGOTA D.C.;Calle 222  54-37;6684700;MINISTERIO DE EDUCACION NACIONAL.;RESOLUCION;7392;20/05/1983;47;www.udca.edu.co;NO;;;;"LA U.D.C.A. ES UNA INSTITUCIÖN UNIVERSITARIA AUTÖNOMA, DE INSPIRACIÖN PLURALISTA Y DEMOCRÊTICA , CUYA MISION SE FUNDAMENTA EN LOS PRINCIPIOS CONSTITUCIONALES Y LA LEGISLACIÖN SOBRE EDUCACIÖN SUPERIOR PARA DESARROLLAR LA DOCENCIA , LA
 INVESTIGACIÖN Y LA EXTENSIÖN EN FUNCIÖN DE LA FORMACIÖN DE PROFESIONALES INTEGRALES CON COMPROMISO SOCIAL,CON CAPACIDAD DE LIDERAZGO Y CON ALTOS VALORES CIUDADANOS , EN AQUELLOS CAMPOS DE ACCIÖN QUE CONTRIBUYEN A UN DESARROLLO JUSTO Y EQUITATIVO DE LOS GRUPOS MENOS FAVORECIDOS.
PROPENDERÊ,POR LA CALIDAD Y EXCELENCIA ACADêMICA A TRAVêS DE LA UNIVERSALIZACIÖN,GENERACIÖN Y DIFUSIÖN DEL CONOCIMIENTO,CONTRIBUYENDO AL RESPETO DE LOS DERECHOS Y DEBERES COSNTITUCIONALES Y AL DESARROLLO HUMANO SOSTENIBLE.";GERMAN;ANZOLA MONTERO;RECTOR;ACTA;7392;14/03/2018;14/03/2018;14/03/2023;JAIME;CADENA SANTOS;REPRESENTANTE LEGAL SUPLENTE;ACTA;80;30/03/2016;30/03/2016;30/03/2018;"CONVENIO,BOGOTA D.C,BOGOTA D.C.;";BOGOTA D.C;BOGOTA D.C.
1835;UNIVERSIDAD DE CIENCIAS APLICADAS Y AMBIENTALES UDCA.;ACTIVA;860.403.721.2;PRINCIPAL;CORPORACION;PRIVADA;UNIVERSIDAD;BOGOTA D.C;BOGOTA D.C.;Calle 222  54-37;6684700;MINISTERIO DE EDUCACION NACIONAL.;RESOLUCION;7392;20/05/1983;47;www.udca.edu.co;NO;;;;"LA U.D.C.A. ES UNA INSTITUCIÖN UNIVERSITARIA AUTÖNOMA, DE INSPIRACIÖN PLURALISTA Y DEMOCRÊTICA , CUYA MISION SE FUNDAMENTA EN LOS PRINCIPIOS CONSTITUCIONALES Y LA LEGISLACIÖN SOBRE EDUCACIÖN SUPERIOR PARA DESARROLLAR LA DOCENCIA , LA
 INVESTIGACIÖN Y LA EXTENSIÖN EN FUNCIÖN DE LA FORMACIÖN DE PROFESIONALES INTEGRALES CON COMPROMISO SOCIAL,CON CAPACIDAD DE LIDERAZGO Y CON ALTOS VALORES CIUDADANOS , EN AQUELLOS CAMPOS DE ACCIÖN QUE CONTRIBUYEN A UN DESARROLLO JUSTO Y EQUITATIVO DE LOS GRUPOS MENOS FAVORECIDOS.
PROPENDERÊ,POR LA CALIDAD Y EXCELENCIA ACADêMICA A TRAVêS DE LA UNIVERSALIZACIÖN,GENERACIÖN Y DIFUSIÖN DEL CONOCIMIENTO,CONTRIBUYENDO AL RESPETO DE LOS DERECHOS Y DEBERES COSNTITUCIONALES Y AL DESARROLLO HUMANO SOSTENIBLE.";GERMAN;ANZOLA MONTERO;RECTOR;ACTA;7392;14/03/2018;14/03/2018;14/03/2023;GERMAN;ANZOLA MONTERO;REPRESENTANTE LEGAL;ACTA;72;25/03/2014;1/03/2014;31/03/2018;"CONVENIO,BOGOTA D.C,BOGOTA D.C.;";BOGOTA D.C;BOGOTA D.C.
1113;UNIVERSIDAD DE CORDOBA;ACTIVA;891.080.031-3;PRINCIPAL;NACIONAL;OFICIAL;UNIVERSIDAD;CORDOBA;MONTERIA;Carrera 6 No. 77-305;7860300;Congreso de Colombia.;LEY;37;3/08/1966;63;www.unicordoba.edu.co;NO;;;;MISION;JAIRO MIGUEL;Torres Oviedo;RECTOR;ACUERDO C.S.;37;18/12/2015;18/12/2015;18/12/2020;JAIRO MIGUEL;Torres Oviedo;REPRESENTANTE LEGAL;ACUERDO C.S.;118;18/12/2015;18/12/2015;18/12/2020;;CORDOBA;MONTERIA
1214;UNIVERSIDAD DE CUNDINAMARCA-UDEC;ACTIVA;890.680.062;PRINCIPAL;DEPARTAMENTAL;OFICIAL;UNIVERSIDAD;CUNDINAMARCA;FUSAGASUGA;Diagonal 18  No. 20-29;8281483;Asamblea Departamental de Cundinamarca.;ORDENANZA;45;19/12/1969;31;www.unicundi.edu.co;NO;;;;LA UNIVERSIDAD DE CUNDINAMARCA, UDEC, ASUME SU RAZON DE SER A PARTIR DE LAS RELACIONES CON EL SABER, LA CULTURA, EL INDIVIDUO Y LA SOCIEDAD, DE TAL MANERA QUE DESDE EL PUNTO DE VISTA DEL SABER SE OCUP DE SU GENERACION, TRANSMISION, APLICACION, APROPIACION Y DIFUSION, MEDIANTE PROCESOS DE INVESTIGACION, DOCENCIA Y PROYECCION SOCIAL. EN CUANTO A LA CULTURA, TRABAJA EN SU CONSTRUCCION, TRANSFORMACION Y DIFUSION, A LA VEZ QUE BUSCA CONSERVAR SU IDENTIDAD. DESDE EL PUNTO DE VISTA DEL INDIVIDUO Y LA SOCIEDAD, SE COMPROMETE CON LA EDUCACION EN Y PARA LA LIBERTAD, LA VIVENCIA DE LA DEMOCRACIA Y EL DESARROLLO HUMANOS SOSTENIBLE.;GUSTAVO;GRACIA MARTINEZ;RECTOR(E);RESOLUCION;45;1/12/2015;4/12/2015;;GUSTAVO;GRACIA MARTINEZ;REPRESENTANTE LEGAL (E);RESOLUCION;5;1/12/2015;4/12/2015;;;CUNDINAMARCA;FUSAGASUGA
1214;UNIVERSIDAD DE CUNDINAMARCA-UDEC;ACTIVA;890.680.062;PRINCIPAL;DEPARTAMENTAL;OFICIAL;UNIVERSIDAD;CUNDINAMARCA;FUSAGASUGA;Diagonal 18  No. 20-29;8281483;Asamblea Departamental de Cundinamarca.;ORDENANZA;45;19/12/1969;31;www.unicundi.edu.co;NO;;;;LA UNIVERSIDAD DE CUNDINAMARCA, UDEC, ASUME SU RAZON DE SER A PARTIR DE LAS RELACIONES CON EL SABER, LA CULTURA, EL INDIVIDUO Y LA SOCIEDAD, DE TAL MANERA QUE DESDE EL PUNTO DE VISTA DEL SABER SE OCUP DE SU GENERACION, TRANSMISION, APLICACION, APROPIACION Y DIFUSION, MEDIANTE PROCESOS DE INVESTIGACION, DOCENCIA Y PROYECCION SOCIAL. EN CUANTO A LA CULTURA, TRABAJA EN SU CONSTRUCCION, TRANSFORMACION Y DIFUSION, A LA VEZ QUE BUSCA CONSERVAR SU IDENTIDAD. DESDE EL PUNTO DE VISTA DEL INDIVIDUO Y LA SOCIEDAD, SE COMPROMETE CON LA EDUCACION EN Y PARA LA LIBERTAD, LA VIVENCIA DE LA DEMOCRACIA Y EL DESARROLLO HUMANOS SOSTENIBLE.;ADRIANO;MUæOZ BARRERA;RECTOR;RESOLUCION;45;14/12/2015;15/12/2015;15/12/2019;ADRIANO;MUæOZ BARRERA;REPRESENTANTE LEGAL;RESOLUCION;6;14/12/2015;15/12/2015;15/12/2019;;CUNDINAMARCA;FUSAGASUGA
1214;UNIVERSIDAD DE CUNDINAMARCA-UDEC;ACTIVA;890.680.062;PRINCIPAL;DEPARTAMENTAL;OFICIAL;UNIVERSIDAD;CUNDINAMARCA;FUSAGASUGA;Diagonal 18  No. 20-29;8281483;Asamblea Departamental de Cundinamarca.;ORDENANZA;45;19/12/1969;31;www.unicundi.edu.co;NO;;;;LA UNIVERSIDAD DE CUNDINAMARCA, UDEC, ASUME SU RAZON DE SER A PARTIR DE LAS RELACIONES CON EL SABER, LA CULTURA, EL INDIVIDUO Y LA SOCIEDAD, DE TAL MANERA QUE DESDE EL PUNTO DE VISTA DEL SABER SE OCUP DE SU GENERACION, TRANSMISION, APLICACION, APROPIACION Y DIFUSION, MEDIANTE PROCESOS DE INVESTIGACION, DOCENCIA Y PROYECCION SOCIAL. EN CUANTO A LA CULTURA, TRABAJA EN SU CONSTRUCCION, TRANSFORMACION Y DIFUSION, A LA VEZ QUE BUSCA CONSERVAR SU IDENTIDAD. DESDE EL PUNTO DE VISTA DEL INDIVIDUO Y LA SOCIEDAD, SE COMPROMETE CON LA EDUCACION EN Y PARA LA LIBERTAD, LA VIVENCIA DE LA DEMOCRACIA Y EL DESARROLLO HUMANOS SOSTENIBLE.;ADRIANO;MUæOZ BARRERA;RECTOR;RESOLUCION;45;14/12/2015;15/12/2015;15/12/2019;GUSTAVO;GRACIA MARTINEZ;REPRESENTANTE LEGAL (E);RESOLUCION;5;1/12/2015;4/12/2015;;;CUNDINAMARCA;FUSAGASUGA
1214;UNIVERSIDAD DE CUNDINAMARCA-UDEC;ACTIVA;890.680.062;PRINCIPAL;DEPARTAMENTAL;OFICIAL;UNIVERSIDAD;CUNDINAMARCA;FUSAGASUGA;Diagonal 18  No. 20-29;8281483;Asamblea Departamental de Cundinamarca.;ORDENANZA;45;19/12/1969;31;www.unicundi.edu.co;NO;;;;LA UNIVERSIDAD DE CUNDINAMARCA, UDEC, ASUME SU RAZON DE SER A PARTIR DE LAS RELACIONES CON EL SABER, LA CULTURA, EL INDIVIDUO Y LA SOCIEDAD, DE TAL MANERA QUE DESDE EL PUNTO DE VISTA DEL SABER SE OCUP DE SU GENERACION, TRANSMISION, APLICACION, APROPIACION Y DIFUSION, MEDIANTE PROCESOS DE INVESTIGACION, DOCENCIA Y PROYECCION SOCIAL. EN CUANTO A LA CULTURA, TRABAJA EN SU CONSTRUCCION, TRANSFORMACION Y DIFUSION, A LA VEZ QUE BUSCA CONSERVAR SU IDENTIDAD. DESDE EL PUNTO DE VISTA DEL INDIVIDUO Y LA SOCIEDAD, SE COMPROMETE CON LA EDUCACION EN Y PARA LA LIBERTAD, LA VIVENCIA DE LA DEMOCRACIA Y EL DESARROLLO HUMANOS SOSTENIBLE.;GUSTAVO;GRACIA MARTINEZ;RECTOR(E);RESOLUCION;45;1/12/2015;4/12/2015;;ADRIANO;MUæOZ BARRERA;REPRESENTANTE LEGAL;RESOLUCION;6;14/12/2015;15/12/2015;15/12/2019;;CUNDINAMARCA;FUSAGASUGA
1215;UNIVERSIDAD DE CUNDINAMARCA-UDEC;ACTIVA;890.680.062;SECCIONAL;DEPARTAMENTAL;OFICIAL;UNIVERSIDAD;CUNDINAMARCA;GIRARDOT;Calle 19 24-209;8335071;Asamblea Departamental de Cundinamarca.;ORDENANZA;45;19/12/1969;5;www.unicundi.edu.co;NO;;;;MISION;GUSTAVO;GRACIA MARTINEZ;RECTOR(E);RESOLUCION;45;1/12/2015;4/12/2015;;GUSTAVO;GRACIA MARTINEZ;REPRESENTANTE LEGAL (E);RESOLUCION;5;1/12/2015;4/12/2015;;;CUNDINAMARCA;GIRARDOT
1215;UNIVERSIDAD DE CUNDINAMARCA-UDEC;ACTIVA;890.680.062;SECCIONAL;DEPARTAMENTAL;OFICIAL;UNIVERSIDAD;CUNDINAMARCA;GIRARDOT;Calle 19 24-209;8335071;Asamblea Departamental de Cundinamarca.;ORDENANZA;45;19/12/1969;5;www.unicundi.edu.co;NO;;;;MISION;ADRIANO;MUæOZ BARRERA;RECTOR;RESOLUCION;45;14/12/2015;15/12/2015;15/12/2019;ADRIANO;MUæOZ BARRERA;REPRESENTANTE LEGAL;RESOLUCION;6;14/12/2015;15/12/2015;15/12/2019;;CUNDINAMARCA;GIRARDOT
1215;UNIVERSIDAD DE CUNDINAMARCA-UDEC;ACTIVA;890.680.062;SECCIONAL;DEPARTAMENTAL;OFICIAL;UNIVERSIDAD;CUNDINAMARCA;GIRARDOT;Calle 19 24-209;8335071;Asamblea Departamental de Cundinamarca.;ORDENANZA;45;19/12/1969;5;www.unicundi.edu.co;NO;;;;MISION;ADRIANO;MUæOZ BARRERA;RECTOR;RESOLUCION;45;14/12/2015;15/12/2015;15/12/2019;GUSTAVO;GRACIA MARTINEZ;REPRESENTANTE LEGAL (E);RESOLUCION;5;1/12/2015;4/12/2015;;;CUNDINAMARCA;GIRARDOT
1215;UNIVERSIDAD DE CUNDINAMARCA-UDEC;ACTIVA;890.680.062;SECCIONAL;DEPARTAMENTAL;OFICIAL;UNIVERSIDAD;CUNDINAMARCA;GIRARDOT;Calle 19 24-209;8335071;Asamblea Departamental de Cundinamarca.;ORDENANZA;45;19/12/1969;5;www.unicundi.edu.co;NO;;;;MISION;GUSTAVO;GRACIA MARTINEZ;RECTOR(E);RESOLUCION;45;1/12/2015;4/12/2015;;ADRIANO;MUæOZ BARRERA;REPRESENTANTE LEGAL;RESOLUCION;6;14/12/2015;15/12/2015;15/12/2019;;CUNDINAMARCA;GIRARDOT
1216;UNIVERSIDAD DE CUNDINAMARCA-UDEC;ACTIVA;890.680.062;SECCIONAL;DEPARTAMENTAL;OFICIAL;UNIVERSIDAD;CUNDINAMARCA;UBATE;Calle 16 No. 9-80;8553055;Asamblea Departamental de Cundinamarca.;ORDENANZA;45;19/12/1969;3;www.unicundi.edu.co;NO;;;;MISION;GUSTAVO;GRACIA MARTINEZ;RECTOR(E);RESOLUCION;45;1/12/2015;4/12/2015;;GUSTAVO;GRACIA MARTINEZ;REPRESENTANTE LEGAL (E);RESOLUCION;5;1/12/2015;4/12/2015;;;CUNDINAMARCA;UBATE
1216;UNIVERSIDAD DE CUNDINAMARCA-UDEC;ACTIVA;890.680.062;SECCIONAL;DEPARTAMENTAL;OFICIAL;UNIVERSIDAD;CUNDINAMARCA;UBATE;Calle 16 No. 9-80;8553055;Asamblea Departamental de Cundinamarca.;ORDENANZA;45;19/12/1969;3;www.unicundi.edu.co;NO;;;;MISION;ADRIANO;MUæOZ BARRERA;RECTOR;RESOLUCION;45;14/12/2015;15/12/2015;15/12/2019;ADRIANO;MUæOZ BARRERA;REPRESENTANTE LEGAL;RESOLUCION;6;14/12/2015;15/12/2015;15/12/2019;;CUNDINAMARCA;UBATE
1216;UNIVERSIDAD DE CUNDINAMARCA-UDEC;ACTIVA;890.680.062;SECCIONAL;DEPARTAMENTAL;OFICIAL;UNIVERSIDAD;CUNDINAMARCA;UBATE;Calle 16 No. 9-80;8553055;Asamblea Departamental de Cundinamarca.;ORDENANZA;45;19/12/1969;3;www.unicundi.edu.co;NO;;;;MISION;ADRIANO;MUæOZ BARRERA;RECTOR;RESOLUCION;45;14/12/2015;15/12/2015;15/12/2019;GUSTAVO;GRACIA MARTINEZ;REPRESENTANTE LEGAL (E);RESOLUCION;5;1/12/2015;4/12/2015;;;CUNDINAMARCA;UBATE
1216;UNIVERSIDAD DE CUNDINAMARCA-UDEC;ACTIVA;890.680.062;SECCIONAL;DEPARTAMENTAL;OFICIAL;UNIVERSIDAD;CUNDINAMARCA;UBATE;Calle 16 No. 9-80;8553055;Asamblea Departamental de Cundinamarca.;ORDENANZA;45;19/12/1969;3;www.unicundi.edu.co;NO;;;;MISION;GUSTAVO;GRACIA MARTINEZ;RECTOR(E);RESOLUCION;45;1/12/2015;4/12/2015;;ADRIANO;MUæOZ BARRERA;REPRESENTANTE LEGAL;RESOLUCION;6;14/12/2015;15/12/2015;15/12/2019;;CUNDINAMARCA;UBATE
1831;UNIVERSIDAD DE IBAGUE;ACTIVA;890.704.382-1;PRINCIPAL;CORPORACION;PRIVADA;UNIVERSIDAD;TOLIMA;IBAGUE;Barrio Ambala, Carrera 22 Calle 67;2750011;MINISTERIO DE EDUCACION NACIONAL;RESOLUCION;1867;27/02/1981;37;www.unibague.edu.co;NO;;;;"LA CORPORACIÖN UNIVERSITARIA DE IBAGUê TIENE COMO MISIÖN, PROMOVER LA FORMACIÖN INTEGRAL DE LôDERES Y EMPRESARIOS CON SÖLIDA FORMACIÖN CIENTôFICA Y PROFESIONAL, CON ARRAIGADOS PRINCIPIOS êTICOS Y MORALES, Y COMPROMETIDOS CON EL DESARROLLO SOCIAL, CULTURAL Y ECONÖMICO REGIONAL.

FOMENTARÊ SIN DISTINGOS DE RAZA, NACIONALIDAD O SEXO, LA FORMACIÖN PROFESIONAL QUE PROCURE EL DESARROLLO INTEGRAL DEL SER HUMANO Y CONTRIBUYA AL APROVECHAMIENTO DE LOS RECURSOS NATURALES DE LA REGIÖN Y AL BIENESTAR GENERAL DE LA COMUNIDAD.

CORUNIVERSITARIA ENTIENDE LA EDUCACIÖN SUPERIOR COMO UNA ESTRATEGIA Y UNA OPORTUNIDAD DE PERFECCIONAMIENTO Y REALIZACIÖN PERSONALES DE QUIENES HAN DE INTERVENIR EN LA TRANSFORMACIÖN DE SU MEDIO, EN BENEFICIO DE LA COMUNIDAD REGIONAL Y DE LA SOCIEDAD EN GENERAL.

CORUNIVERSITARIA BUSCA LA RECUPERACIÖN DE LOS VALORES ESENCIALES DE LA PERSONA, EL FORTALECIMIENTO DE LA DEMOCRACIA, EL RESPETO A LOS DERECHOS HUMANOS, LA EQUIDAD Y LA JUSTICIA Y LA AFIRMACIÖN DE LA IDENTIDAD REGIONAL Y NACIONAL.

PARA LA REALIZACIÖN DE SUS PROGRAMAS, CONSULTARÊ EL GRADO DE DESARROLLO ACTUAL DE LA REGIÖN, SUS PROYECCIONES Y EN FORMA PREFERENCIAL, LAS NECESIDADES DE LA COMUNIDAD REGIONAL Y DE LAS EMPRESAS Y ENTIDADES DE LA REGIÖN TENIENDO EN CUENTA LOS REQUERIMIENTOS DEL PAôS PARA SU PROGRESO ECONÖMICO , SOCIAL Y CULTURAL.";Gloria Piedad;Barreto Bonilla;RECTOR SUPLENTE;ACTA C.S.;1867;18/05/2017;2/06/2017;31/12/2017;Gloria Piedad;Barreto Bonilla;REPRESENTANTE LEGAL SUPLENTE;ACTA C.S.;306;18/05/2017;2/06/2017;31/12/2017;"CONVENIO,TOLIMA,HONDA;CONVENIO,VALLE DEL CAUCA,CALI;";TOLIMA;IBAGUE
1831;UNIVERSIDAD DE IBAGUE;ACTIVA;890.704.382-1;PRINCIPAL;CORPORACION;PRIVADA;UNIVERSIDAD;TOLIMA;IBAGUE;Barrio Ambala, Carrera 22 Calle 67;2750011;MINISTERIO DE EDUCACION NACIONAL;RESOLUCION;1867;27/02/1981;37;www.unibague.edu.co;NO;;;;"LA CORPORACIÖN UNIVERSITARIA DE IBAGUê TIENE COMO MISIÖN, PROMOVER LA FORMACIÖN INTEGRAL DE LôDERES Y EMPRESARIOS CON SÖLIDA FORMACIÖN CIENTôFICA Y PROFESIONAL, CON ARRAIGADOS PRINCIPIOS êTICOS Y MORALES, Y COMPROMETIDOS CON EL DESARROLLO SOCIAL, CULTURAL Y ECONÖMICO REGIONAL.

FOMENTARÊ SIN DISTINGOS DE RAZA, NACIONALIDAD O SEXO, LA FORMACIÖN PROFESIONAL QUE PROCURE EL DESARROLLO INTEGRAL DEL SER HUMANO Y CONTRIBUYA AL APROVECHAMIENTO DE LOS RECURSOS NATURALES DE LA REGIÖN Y AL BIENESTAR GENERAL DE LA COMUNIDAD.

CORUNIVERSITARIA ENTIENDE LA EDUCACIÖN SUPERIOR COMO UNA ESTRATEGIA Y UNA OPORTUNIDAD DE PERFECCIONAMIENTO Y REALIZACIÖN PERSONALES DE QUIENES HAN DE INTERVENIR EN LA TRANSFORMACIÖN DE SU MEDIO, EN BENEFICIO DE LA COMUNIDAD REGIONAL Y DE LA SOCIEDAD EN GENERAL.

CORUNIVERSITARIA BUSCA LA RECUPERACIÖN DE LOS VALORES ESENCIALES DE LA PERSONA, EL FORTALECIMIENTO DE LA DEMOCRACIA, EL RESPETO A LOS DERECHOS HUMANOS, LA EQUIDAD Y LA JUSTICIA Y LA AFIRMACIÖN DE LA IDENTIDAD REGIONAL Y NACIONAL.

PARA LA REALIZACIÖN DE SUS PROGRAMAS, CONSULTARÊ EL GRADO DE DESARROLLO ACTUAL DE LA REGIÖN, SUS PROYECCIONES Y EN FORMA PREFERENCIAL, LAS NECESIDADES DE LA COMUNIDAD REGIONAL Y DE LAS EMPRESAS Y ENTIDADES DE LA REGIÖN TENIENDO EN CUENTA LOS REQUERIMIENTOS DEL PAôS PARA SU PROGRESO ECONÖMICO , SOCIAL Y CULTURAL.";HANS PETER;KNUDSEN QUEVEDO;RECTOR;ACTA C.S.;1867;14/03/2017;21/04/2017;21/04/2019;HANS PETER;KNUDSEN QUEVEDO;REPRESENTANTE LEGAL;ACTA C.S.;304;14/03/2017;21/04/2017;21/04/2019;"CONVENIO,TOLIMA,HONDA;CONVENIO,VALLE DEL CAUCA,CALI;";TOLIMA;IBAGUE
1831;UNIVERSIDAD DE IBAGUE;ACTIVA;890.704.382-1;PRINCIPAL;CORPORACION;PRIVADA;UNIVERSIDAD;TOLIMA;IBAGUE;Barrio Ambala, Carrera 22 Calle 67;2750011;MINISTERIO DE EDUCACION NACIONAL;RESOLUCION;1867;27/02/1981;37;www.unibague.edu.co;NO;;;;"LA CORPORACIÖN UNIVERSITARIA DE IBAGUê TIENE COMO MISIÖN, PROMOVER LA FORMACIÖN INTEGRAL DE LôDERES Y EMPRESARIOS CON SÖLIDA FORMACIÖN CIENTôFICA Y PROFESIONAL, CON ARRAIGADOS PRINCIPIOS êTICOS Y MORALES, Y COMPROMETIDOS CON EL DESARROLLO SOCIAL, CULTURAL Y ECONÖMICO REGIONAL.

FOMENTARÊ SIN DISTINGOS DE RAZA, NACIONALIDAD O SEXO, LA FORMACIÖN PROFESIONAL QUE PROCURE EL DESARROLLO INTEGRAL DEL SER HUMANO Y CONTRIBUYA AL APROVECHAMIENTO DE LOS RECURSOS NATURALES DE LA REGIÖN Y AL BIENESTAR GENERAL DE LA COMUNIDAD.

CORUNIVERSITARIA ENTIENDE LA EDUCACIÖN SUPERIOR COMO UNA ESTRATEGIA Y UNA OPORTUNIDAD DE PERFECCIONAMIENTO Y REALIZACIÖN PERSONALES DE QUIENES HAN DE INTERVENIR EN LA TRANSFORMACIÖN DE SU MEDIO, EN BENEFICIO DE LA COMUNIDAD REGIONAL Y DE LA SOCIEDAD EN GENERAL.

CORUNIVERSITARIA BUSCA LA RECUPERACIÖN DE LOS VALORES ESENCIALES DE LA PERSONA, EL FORTALECIMIENTO DE LA DEMOCRACIA, EL RESPETO A LOS DERECHOS HUMANOS, LA EQUIDAD Y LA JUSTICIA Y LA AFIRMACIÖN DE LA IDENTIDAD REGIONAL Y NACIONAL.

PARA LA REALIZACIÖN DE SUS PROGRAMAS, CONSULTARÊ EL GRADO DE DESARROLLO ACTUAL DE LA REGIÖN, SUS PROYECCIONES Y EN FORMA PREFERENCIAL, LAS NECESIDADES DE LA COMUNIDAD REGIONAL Y DE LAS EMPRESAS Y ENTIDADES DE LA REGIÖN TENIENDO EN CUENTA LOS REQUERIMIENTOS DEL PAôS PARA SU PROGRESO ECONÖMICO , SOCIAL Y CULTURAL.";HANS PETER;KNUDSEN QUEVEDO;RECTOR;ACTA C.S.;1867;14/03/2017;21/04/2017;21/04/2019;Gloria Piedad;Barreto Bonilla;REPRESENTANTE LEGAL SUPLENTE;ACTA C.S.;306;18/05/2017;2/06/2017;31/12/2017;"CONVENIO,TOLIMA,HONDA;CONVENIO,VALLE DEL CAUCA,CALI;";TOLIMA;IBAGUE
1831;UNIVERSIDAD DE IBAGUE;ACTIVA;890.704.382-1;PRINCIPAL;CORPORACION;PRIVADA;UNIVERSIDAD;TOLIMA;IBAGUE;Barrio Ambala, Carrera 22 Calle 67;2750011;MINISTERIO DE EDUCACION NACIONAL;RESOLUCION;1867;27/02/1981;37;www.unibague.edu.co;NO;;;;"LA CORPORACIÖN UNIVERSITARIA DE IBAGUê TIENE COMO MISIÖN, PROMOVER LA FORMACIÖN INTEGRAL DE LôDERES Y EMPRESARIOS CON SÖLIDA FORMACIÖN CIENTôFICA Y PROFESIONAL, CON ARRAIGADOS PRINCIPIOS êTICOS Y MORALES, Y COMPROMETIDOS CON EL DESARROLLO SOCIAL, CULTURAL Y ECONÖMICO REGIONAL.

FOMENTARÊ SIN DISTINGOS DE RAZA, NACIONALIDAD O SEXO, LA FORMACIÖN PROFESIONAL QUE PROCURE EL DESARROLLO INTEGRAL DEL SER HUMANO Y CONTRIBUYA AL APROVECHAMIENTO DE LOS RECURSOS NATURALES DE LA REGIÖN Y AL BIENESTAR GENERAL DE LA COMUNIDAD.

CORUNIVERSITARIA ENTIENDE LA EDUCACIÖN SUPERIOR COMO UNA ESTRATEGIA Y UNA OPORTUNIDAD DE PERFECCIONAMIENTO Y REALIZACIÖN PERSONALES DE QUIENES HAN DE INTERVENIR EN LA TRANSFORMACIÖN DE SU MEDIO, EN BENEFICIO DE LA COMUNIDAD REGIONAL Y DE LA SOCIEDAD EN GENERAL.

CORUNIVERSITARIA BUSCA LA RECUPERACIÖN DE LOS VALORES ESENCIALES DE LA PERSONA, EL FORTALECIMIENTO DE LA DEMOCRACIA, EL RESPETO A LOS DERECHOS HUMANOS, LA EQUIDAD Y LA JUSTICIA Y LA AFIRMACIÖN DE LA IDENTIDAD REGIONAL Y NACIONAL.

PARA LA REALIZACIÖN DE SUS PROGRAMAS, CONSULTARÊ EL GRADO DE DESARROLLO ACTUAL DE LA REGIÖN, SUS PROYECCIONES Y EN FORMA PREFERENCIAL, LAS NECESIDADES DE LA COMUNIDAD REGIONAL Y DE LAS EMPRESAS Y ENTIDADES DE LA REGIÖN TENIENDO EN CUENTA LOS REQUERIMIENTOS DEL PAôS PARA SU PROGRESO ECONÖMICO , SOCIAL Y CULTURAL.";Gloria Piedad;Barreto Bonilla;RECTOR SUPLENTE;ACTA C.S.;1867;18/05/2017;2/06/2017;31/12/2017;HANS PETER;KNUDSEN QUEVEDO;REPRESENTANTE LEGAL;ACTA C.S.;304;14/03/2017;21/04/2017;21/04/2019;"CONVENIO,TOLIMA,HONDA;CONVENIO,VALLE DEL CAUCA,CALI;";TOLIMA;IBAGUE
1115;UNIVERSIDAD DE LA AMAZONIA;ACTIVA;891.190.346-1;PRINCIPAL;NACIONAL;OFICIAL;UNIVERSIDAD;CAQUETA;FLORENCIA;Avenida Cricunvalar, Barrio Porvenir;4352905;Congreso de Colombia;LEY;60;30/12/1982;46;www.uniamazonia.edu.co;NO;;;;"LA UNIVERSIDAD DE LA AMAZONIA TIENE COMO MISION LA FORMACION DE UN SER HUMANO INTEGRAL, AUTONOMO, CRITICO Y CAPAZ DE CONTRIBUIR ACTIVAMENTE A LA GENERACION, DIFUSION Y APLICACION DEL SABER CIENTIFICO Y TECNOLOGICO Y DE COMPROMETERSE CON LA TRANSFORMACION DE SU REALIDAD Y LA PARTICIPACION EN EL DESARROLLO SUSTENTABLE DE LA AMAZONIA; MEDIANTE UNA EDUCACION PERMANENTE, SIN LIMITES Y DEMOCRATICA, DE LA INVESTIGACION Y DE LA CIENCIA.";Gerardo Antonio;CastrillΩn Artunduaga;RECTOR;ACUERDO C.S.;60;28/10/2016;1/01/2017;31/12/2019;GERARDO ANTONIO;Castrill˘n Artunduaga;REPRESENTANTE LEGAL;ACUERDO C.S.;20;28/10/2016;1/01/2017;31/12/2019;"CONVENIO,HUILA,NEIVA;CONVENIO,NORTE DE SANTANDER,CUCUTA;CONVENIO,NORTE DE SANTANDER,PAMPLONA;CENTROS TUTORIALES,CAQUETA,CARTAGENA DEL CHAIRA;CENTROS TUTORIALES,CAQUETA,SAN JOSE DEL FRAGUA;";CAQUETA;FLORENCIA
1218;UNIVERSIDAD DE LA GUAJIRA;ACTIVA;892.115.029-4;PRINCIPAL;DEPARTAMENTAL;OFICIAL;UNIVERSIDAD;GUAJIRA;RIOHACHA;KilΩlmetro 5 v≠a a Maicao;7822729;Gobierno Departamental de la Guajira.;DECRETO;523;12/11/1976;53;www.uniguajira.edu.co;NO;;;;"SOMOS UNA UNIVERSIDAD PÇBLICA, AUTONOMA DEL ORDEN DEPARTAMENTAL, HUMANISTA, RESPETUOSA DE LOS VALORES Y PRINCIPIOS INSTITUSIONALES, CREADA PARA SERVIR A LA SOCIEDAD, FORMANDO PERMANENTEMENTE PERSONAS CON ACTITUD DE LIDERAZGO Y ESPIRITU INVESTIGATIVO; PROPICIADORA DEL ACCESO DE NUEVAS FORMAS DE CONOCIMIENTO, MODERNIZACIÖN DE LA GESTIÖN UNIVERSITARIA, DE TRANSFERENCIA DE LA CIENCIA Y LA TECNOLOGôA; Y LA DIVERSIDAD CULTURAL COMO UN ELEMENTO DE IDENTIDAD REGIONAL.";CARLOS ARTURO;ROBLES JULIO;RECTOR;ACUERDO;523;21/06/2013;1/01/2014;31/12/2017;CARLOS ARTURO;ROBLES JULIO;REPRESENTANTE LEGAL;ACUERDO;6;21/06/2013;1/01/2014;31/12/2017;"CENTROS TUTORIALES,CORDOBA,MONTERIA;CENTROS TUTORIALES,CORDOBA,MONTERIA;CENTROS TUTORIALES,GUAJIRA,FONSECA;CENTROS TUTORIALES,GUAJIRA,FONSECA;CENTROS TUTORIALES,GUAJIRA,FONSECA;CENTROS TUTORIALES,GUAJIRA,MAICAO;CENTROS TUTORIALES,GUAJIRA,MAICAO;CENTROS TUTORIALES,GUAJIRA,MAICAO;CENTROS TUTORIALES,GUAJIRA,MANAURE;CENTROS TUTORIALES,GUAJIRA,VILLANUEVA;CENTROS TUTORIALES,GUAJIRA,VILLANUEVA;CENTROS TUTORIALES,GUAJIRA,VILLANUEVA;";GUAJIRA;RIOHACHA
1711;UNIVERSIDAD DE LA SABANA;ACTIVA;860.075.558-1;PRINCIPAL;FUNDACION;PRIVADA;UNIVERSIDAD;CUNDINAMARCA;CHIA;Campus  Universitario Puente del Común;8615555;MINISTERIO DE EDUCACION NACIONAL;RESOLUCION;130;14/01/1980;125;www.unisabana.edu.co;SI;31/03/2017;6166;8;"LA UNIVERSIDAD DE LA SABANA, INSTITUCIÖN CIVIL DE EDUCACIÖN SUPERIOR, PROCURA QUE PROFESORES, ALUMNOS Y DEMAS MIEMBROS DEL CLAUSTRO UNIVERSITARIO SE COMPROMETAN LIBREMENTE, EN UNIDAD DE VIDA, CON COHERENCIA DE PENSAMIENTO, PALABRA Y ACCIÖN, A BUSCAR, DESCUBRIR, COMUNICAR Y CONSERVAR LA VERDAD, EN TODOS LOS CAMPOS DEL CONOCIMIENTO, CON FUNDAMENTO EN UNA CONCEPCIÖN CRISTIANA DEL HOMBRE Y DEL MUNDO, COMO CONTRIBUCIÖN AL PROGRESO DE LA SOCIEDAD.
PROMUEVE EL RESPETO A LA DIGNIDAD TRASCENDENTE DE LA PERSONA HUMANA Y, EN UN AMBIENTE DE LIBERTAD RESPONSABLE, PROPICIA EL PERFECCIONAMIENTO INTEGRAL DE TODOS LOS MIEMBROS DE LA COMUNIDAD UNIVERSITARIA, CON UNA ATENCIÖN PERSONALIZADA Y UN EJERCICIO ACADêMICO CREATIVO, RIGUROSO E INTERDISCIPLINARIO.  FOMENTA, ADEMÊS, LA REALIZACIÖN DEL TRABAJO, VIVIDO COMO SERVICIO Y MEDIO PARA CONSTRUIR UNA SOCIEDAD JUSTA, PACôFICA Y SOLIDARIA.
SE RELACIONA CON TODOS LOS SECTORES DE LA SOCIEDAD, Y CONTRIBUYE CON LEGôTIMAS SOLUCIONES A SUS MÇLTIPLES Y COMPLEJOS PROBLEMAS, MEDIANTE UN TRABAJO INTERDISCIPLINARIO, COMPETENTE Y SOLIDARIO, RESULTADO DE LA ACCIÖN ARTICULADA DE INVESTIGACIÖN Y DOCENCIA, QUE MIRA AL BIEN COMÇN, A LA CONVIVENCIA Y COOPERACIÖN ENTRE LOS  HOMBRES, SIN DISCRIMINACIÖN ALGUNA, Y AL RECONOCIMIENTO INCONDICIONADO DE LA VIDA HUMANA, DE LA PERSONA Y DE LA FAMILIA EN LA SOCIEDAD.";Liliana Eugenia;Ospina GΩmez;PRIMER SUPLENTE DEL RECTOR;ACTA;130;10/07/2017;17/07/2017;16/07/2020;Liliana Eugenia;Ospina GΩmez;PRIMER REPRESENTANTE LEGAL SUPLENTE;ACTA;71;10/07/2017;17/07/2017;16/07/2020;"CONVENIO,ANTIOQUIA,MEDELLIN;CONVENIO,ANTIOQUIA,ANDES;CONVENIO,TOLIMA,IBAGUE;";CUNDINAMARCA;CHIA
1711;UNIVERSIDAD DE LA SABANA;ACTIVA;860.075.558-1;PRINCIPAL;FUNDACION;PRIVADA;UNIVERSIDAD;CUNDINAMARCA;CHIA;Campus  Universitario Puente del Común;8615555;MINISTERIO DE EDUCACION NACIONAL;RESOLUCION;130;14/01/1980;125;www.unisabana.edu.co;SI;31/03/2017;6166;8;"LA UNIVERSIDAD DE LA SABANA, INSTITUCIÖN CIVIL DE EDUCACIÖN SUPERIOR, PROCURA QUE PROFESORES, ALUMNOS Y DEMAS MIEMBROS DEL CLAUSTRO UNIVERSITARIO SE COMPROMETAN LIBREMENTE, EN UNIDAD DE VIDA, CON COHERENCIA DE PENSAMIENTO, PALABRA Y ACCIÖN, A BUSCAR, DESCUBRIR, COMUNICAR Y CONSERVAR LA VERDAD, EN TODOS LOS CAMPOS DEL CONOCIMIENTO, CON FUNDAMENTO EN UNA CONCEPCIÖN CRISTIANA DEL HOMBRE Y DEL MUNDO, COMO CONTRIBUCIÖN AL PROGRESO DE LA SOCIEDAD.
PROMUEVE EL RESPETO A LA DIGNIDAD TRASCENDENTE DE LA PERSONA HUMANA Y, EN UN AMBIENTE DE LIBERTAD RESPONSABLE, PROPICIA EL PERFECCIONAMIENTO INTEGRAL DE TODOS LOS MIEMBROS DE LA COMUNIDAD UNIVERSITARIA, CON UNA ATENCIÖN PERSONALIZADA Y UN EJERCICIO ACADêMICO CREATIVO, RIGUROSO E INTERDISCIPLINARIO.  FOMENTA, ADEMÊS, LA REALIZACIÖN DEL TRABAJO, VIVIDO COMO SERVICIO Y MEDIO PARA CONSTRUIR UNA SOCIEDAD JUSTA, PACôFICA Y SOLIDARIA.
SE RELACIONA CON TODOS LOS SECTORES DE LA SOCIEDAD, Y CONTRIBUYE CON LEGôTIMAS SOLUCIONES A SUS MÇLTIPLES Y COMPLEJOS PROBLEMAS, MEDIANTE UN TRABAJO INTERDISCIPLINARIO, COMPETENTE Y SOLIDARIO, RESULTADO DE LA ACCIÖN ARTICULADA DE INVESTIGACIÖN Y DOCENCIA, QUE MIRA AL BIEN COMÇN, A LA CONVIVENCIA Y COOPERACIÖN ENTRE LOS  HOMBRES, SIN DISCRIMINACIÖN ALGUNA, Y AL RECONOCIMIENTO INCONDICIONADO DE LA VIDA HUMANA, DE LA PERSONA Y DE LA FAMILIA EN LA SOCIEDAD.";OBDULIO CESAR;VELASQUEZ POSADA;RECTOR;ACTA;130;19/11/2014;20/01/2015;19/01/2018;OBDULIO CESAR;VELASQUEZ POSADA;REPRESENTANTE LEGAL;ACTA;56;19/11/2014;20/01/2015;19/01/2018;"CONVENIO,ANTIOQUIA,MEDELLIN;CONVENIO,ANTIOQUIA,ANDES;CONVENIO,TOLIMA,IBAGUE;";CUNDINAMARCA;CHIA
1711;UNIVERSIDAD DE LA SABANA;ACTIVA;860.075.558-1;PRINCIPAL;FUNDACION;PRIVADA;UNIVERSIDAD;CUNDINAMARCA;CHIA;Campus  Universitario Puente del Común;8615555;MINISTERIO DE EDUCACION NACIONAL;RESOLUCION;130;14/01/1980;125;www.unisabana.edu.co;SI;31/03/2017;6166;8;"LA UNIVERSIDAD DE LA SABANA, INSTITUCIÖN CIVIL DE EDUCACIÖN SUPERIOR, PROCURA QUE PROFESORES, ALUMNOS Y DEMAS MIEMBROS DEL CLAUSTRO UNIVERSITARIO SE COMPROMETAN LIBREMENTE, EN UNIDAD DE VIDA, CON COHERENCIA DE PENSAMIENTO, PALABRA Y ACCIÖN, A BUSCAR, DESCUBRIR, COMUNICAR Y CONSERVAR LA VERDAD, EN TODOS LOS CAMPOS DEL CONOCIMIENTO, CON FUNDAMENTO EN UNA CONCEPCIÖN CRISTIANA DEL HOMBRE Y DEL MUNDO, COMO CONTRIBUCIÖN AL PROGRESO DE LA SOCIEDAD.
PROMUEVE EL RESPETO A LA DIGNIDAD TRASCENDENTE DE LA PERSONA HUMANA Y, EN UN AMBIENTE DE LIBERTAD RESPONSABLE, PROPICIA EL PERFECCIONAMIENTO INTEGRAL DE TODOS LOS MIEMBROS DE LA COMUNIDAD UNIVERSITARIA, CON UNA ATENCIÖN PERSONALIZADA Y UN EJERCICIO ACADêMICO CREATIVO, RIGUROSO E INTERDISCIPLINARIO.  FOMENTA, ADEMÊS, LA REALIZACIÖN DEL TRABAJO, VIVIDO COMO SERVICIO Y MEDIO PARA CONSTRUIR UNA SOCIEDAD JUSTA, PACôFICA Y SOLIDARIA.
SE RELACIONA CON TODOS LOS SECTORES DE LA SOCIEDAD, Y CONTRIBUYE CON LEGôTIMAS SOLUCIONES A SUS MÇLTIPLES Y COMPLEJOS PROBLEMAS, MEDIANTE UN TRABAJO INTERDISCIPLINARIO, COMPETENTE Y SOLIDARIO, RESULTADO DE LA ACCIÖN ARTICULADA DE INVESTIGACIÖN Y DOCENCIA, QUE MIRA AL BIEN COMÇN, A LA CONVIVENCIA Y COOPERACIÖN ENTRE LOS  HOMBRES, SIN DISCRIMINACIÖN ALGUNA, Y AL RECONOCIMIENTO INCONDICIONADO DE LA VIDA HUMANA, DE LA PERSONA Y DE LA FAMILIA EN LA SOCIEDAD.";OBDULIO CESAR;VELASQUEZ POSADA;RECTOR;ACTA;130;19/11/2014;20/01/2015;19/01/2018;Liliana Eugenia;Ospina GΩmez;PRIMER REPRESENTANTE LEGAL SUPLENTE;ACTA;71;10/07/2017;17/07/2017;16/07/2020;"CONVENIO,ANTIOQUIA,MEDELLIN;CONVENIO,ANTIOQUIA,ANDES;CONVENIO,TOLIMA,IBAGUE;";CUNDINAMARCA;CHIA
1711;UNIVERSIDAD DE LA SABANA;ACTIVA;860.075.558-1;PRINCIPAL;FUNDACION;PRIVADA;UNIVERSIDAD;CUNDINAMARCA;CHIA;Campus  Universitario Puente del Común;8615555;MINISTERIO DE EDUCACION NACIONAL;RESOLUCION;130;14/01/1980;125;www.unisabana.edu.co;SI;31/03/2017;6166;8;"LA UNIVERSIDAD DE LA SABANA, INSTITUCIÖN CIVIL DE EDUCACIÖN SUPERIOR, PROCURA QUE PROFESORES, ALUMNOS Y DEMAS MIEMBROS DEL CLAUSTRO UNIVERSITARIO SE COMPROMETAN LIBREMENTE, EN UNIDAD DE VIDA, CON COHERENCIA DE PENSAMIENTO, PALABRA Y ACCIÖN, A BUSCAR, DESCUBRIR, COMUNICAR Y CONSERVAR LA VERDAD, EN TODOS LOS CAMPOS DEL CONOCIMIENTO, CON FUNDAMENTO EN UNA CONCEPCIÖN CRISTIANA DEL HOMBRE Y DEL MUNDO, COMO CONTRIBUCIÖN AL PROGRESO DE LA SOCIEDAD.
PROMUEVE EL RESPETO A LA DIGNIDAD TRASCENDENTE DE LA PERSONA HUMANA Y, EN UN AMBIENTE DE LIBERTAD RESPONSABLE, PROPICIA EL PERFECCIONAMIENTO INTEGRAL DE TODOS LOS MIEMBROS DE LA COMUNIDAD UNIVERSITARIA, CON UNA ATENCIÖN PERSONALIZADA Y UN EJERCICIO ACADêMICO CREATIVO, RIGUROSO E INTERDISCIPLINARIO.  FOMENTA, ADEMÊS, LA REALIZACIÖN DEL TRABAJO, VIVIDO COMO SERVICIO Y MEDIO PARA CONSTRUIR UNA SOCIEDAD JUSTA, PACôFICA Y SOLIDARIA.
SE RELACIONA CON TODOS LOS SECTORES DE LA SOCIEDAD, Y CONTRIBUYE CON LEGôTIMAS SOLUCIONES A SUS MÇLTIPLES Y COMPLEJOS PROBLEMAS, MEDIANTE UN TRABAJO INTERDISCIPLINARIO, COMPETENTE Y SOLIDARIO, RESULTADO DE LA ACCIÖN ARTICULADA DE INVESTIGACIÖN Y DOCENCIA, QUE MIRA AL BIEN COMÇN, A LA CONVIVENCIA Y COOPERACIÖN ENTRE LOS  HOMBRES, SIN DISCRIMINACIÖN ALGUNA, Y AL RECONOCIMIENTO INCONDICIONADO DE LA VIDA HUMANA, DE LA PERSONA Y DE LA FAMILIA EN LA SOCIEDAD.";Liliana Eugenia;Ospina GΩmez;PRIMER SUPLENTE DEL RECTOR;ACTA;130;10/07/2017;17/07/2017;16/07/2020;OBDULIO CESAR;VELASQUEZ POSADA;REPRESENTANTE LEGAL;ACTA;56;19/11/2014;20/01/2015;19/01/2018;"CONVENIO,ANTIOQUIA,MEDELLIN;CONVENIO,ANTIOQUIA,ANDES;CONVENIO,TOLIMA,IBAGUE;";CUNDINAMARCA;CHIA
1803;UNIVERSIDAD DE LA SALLE;ACTIVA;860.015.542-6;PRINCIPAL;CORPORACION;PRIVADA;UNIVERSIDAD;BOGOTA D.C;BOGOTA D.C.;Cra.5  59A-44;3488000;MINISTERIO DE JUSTICIA;RESOLUCION;597;12/02/1965;56;www.lasalle.edu.co;SI;14/12/2012;16517;6;"EN CUANTO UNIVERSIDAD, SU MISION ES LA CONSTANTE BUSQUEDA, CONSERVACION, TRANSMISION Y DESARROLLO DEL SABER HUMANO, CIENTIFICO Y TECNOLOGICO EN BENEFICIO DEL HOMBRE INTEGRAL DENTRO DE LOS PRINCIPIOS ETICOS Y TENIENDO EN PRESENTES LAS CARACTERISTICAS Y CONDICIONES DE LA SOCIEDAD, CULTURA Y VALORES NACIONALES.

EN CUANTO CATOLICA, ES UNA UNIVERSIDAD INSPIRADA EN LOS PRINCIPIOS EVANGELICOS Y EN EL MAGISTERIO DE LA IGLESIA, COMPROMETIDA EN LA CONSERVACION, PROFUNDIZACION Y TRANSMISION DE LA DOCTRINA CRISTIANA QUE ILUMINA TODOS LOS CAMPOS DEL SABER Y DE LA ACTIVIDAD HUMANA, OFRECIENDO ASI UN AMBITO EN EL QUE EL CRISTIANISMO SEA VIVO Y OPERANTE.


EN CUANTO LASALLISTA, LA UNIVERSIDAD DE LA SALLE SE INSPIRA EN LAS TRADICIONES PEDAGOGICAS DE LOS HERMANOS DE LAS ESCUELAS CRISTIANAS QUE, EN VIRTUD DE SU MSION EDUCADORA, CONTRIBUYE AL DESARROLLO DE TODAS LAS DIMENSIONES DEL SER HUMANO, FORMANDO HOMBRES INSIGNES POR SU SABER, QUE CONTRIBUYAN AL DESARROLLO Y DEFENSA DEL PATRIMONIO CULTURAL Y LOS RECURSOS NATURALES DE LA NACION.";Alberto;Prada Sanmiguel;RECTOR;ACTA C.S.;597;19/10/2016;1/11/2016;31/10/2019;Alberto;Prada Sanmiguel;REPRESENTANTE LEGAL;ACTA C.S.;8;19/10/2016;1/11/2016;31/10/2019;"CENTROS TUTORIALES,HUILA,GIGANTE;CENTROS TUTORIALES,META,VILLAVICENCIO;CENTROS TUTORIALES,NORTE DE SANTANDER,CUCUTA;CENTROS TUTORIALES,CASANARE,YOPAL;";BOGOTA D.C;BOGOTA D.C.
1813;UNIVERSIDAD DE LOS ANDES;ACTIVA;860.007.386-1;PRINCIPAL;CORPORACION;PRIVADA;UNIVERSIDAD;BOGOTA D.C;BOGOTA D.C.;Carrera 1 No. 18A-70;3394949;MINISTERIO DE JUSTICIA.;RESOLUCION;28;23/02/1949;189;www.uniandes.edu.co;SI;9/01/2015;582;10;"LA UNIVERSIDAD DE LOS ANDES ES UNA INSTITUCIÖN AUTÖNOMA E INDEPENDIENTE QUE PROPICIA EL PLURALISMO, LA DIVERSIDAD, EL DIÊLOGO, EL DEBATE, LA CRôTICA, LA TOLERANCIA Y EL RESPETO POR LAS IDEAS, CREENCIAS Y VALORES DE SUS MIEMBROS. LA UNIVERSIDAD BUSCA LA EXCELENCIA ACADêMICA, E IMPARTIR A SUS ESTUDIANTES UNA FORMACIÖN CRôTICA Y DE GRAN RESPONSABILIDAD êTICA Y CôVICA, QUE AFIANCE EN ELLOS VALORES QUE LOS HAGAN CONSCIENTES DE SU RESPONSABILIDAD SOCIAL Y LOS CONDUZCAN A COMPROMETERSE CON EL ANÊLISIS Y LA SOLUCIÖN DE LOS PROBLEMAS DEL PAôS.
PARA LOGRAR TAL FIN, LA UNIVERSIDAD DE LOS ANDES DESARROLLA Y PONE EN PRÊCTICA METODOLOGôAS DE AVANZADA EN LA DOCENCIA Y LA INVESTIGACIÖN, ORIENTADAS A QUE EL ESTUDIANTE SEA EL PRINCIPAL AGENTE DE SU FORMACIÖN Y RESUELVA LOS PROBLEMAS QUE SE LE PRESENTEN CON CREATIVIDAD Y RESPONSABILIDAD; Y PROPICIA UN AMBIENTE INTERDISCIPLINARIO FLEXIBLE QUE PERMITE LA INTEGRACIÖN DE LAS ARTES, LAS CIENCIAS, LA TECNOLOGôA Y LAS HUMANIDADES, ESTIMULANDO ASô LA FORMACIÖN INTEGRAL.
LA UNIVERSIDAD CONSIDERA QUE SU PROYECTO DOCENTE NECESITA UN CUERPO PROFESORAL ALTAMENTE CAPACITADO  Y COMPROMETIDO, QUE SEA VERDADERO GENERADOR Y PROPAGADOR DE CONOCIMIENTO, Y UN ELEMENTO BÊSICO DEL FORTALECIMIENTO INSTITUCIONAL, POR ESTA RAZÖN, HACE POSIBLE QUE SU VINCULACIÖN A LARGO PLAZO SEA PARA ELLOS UN PROYECTO DE VIDA, EN EL CUAL ALCANCEN SUS ASPIRACIONES Y SE DESARROLLEN PROFESIONAL Y HUMANAMENTE, SINTIENDO QUE SON VALORADOS POR LA COMUNIDAD UNIVERSITARIA Y POR LA SOCIEDAD EN GENERAL.
LA UNIVERSIDAD DE LOS ANDES, POR CONTAR CON PROGRAMAS DOCENTES Y DE INVESTIGACIÖN DE GRAN CALIDAD Y DE PROYECCIÖN INTERNACIONAL, QUE LOGRAN UNA ALTA EXIGENCIA ACADêMICA EN UN CLIMA DE LIBERTAD Y DIVERSIDAD, FORMA PROFESIONALES ôNTEGROS, RESPONSABLES E IMAGINATIVOS, QUE AL ALCANZAR LOS MÊS AVANZADOS NIVELES EN SUS DISCIPLINAS, CONTRIBUYEN DECIDIDAMENTE AL MEJORAMIENTO CULTURAL Y ECONÖMICO DEL PAôS Y AL FORTALECIMIENTO DE LOS VALORES DE CONVIVENCIA SOCIAL.";PABLO DEL CARMEN;Navas Sanz de Santamaria;RECTOR;ACTA C.S.;28;21/06/2017;1/11/2017;31/10/2019;Teresa;GΩmez Torres;REPRESENTANTE LEGAL SUPLENTE;ACTA;134-16;25/10/2016;1/11/2016;31/10/2018;"CONVENIO,ANTIOQUIA,MEDELLIN;CONVENIO,VALLE DEL CAUCA,CALI;";BOGOTA D.C;BOGOTA D.C.
1813;UNIVERSIDAD DE LOS ANDES;ACTIVA;860.007.386-1;PRINCIPAL;CORPORACION;PRIVADA;UNIVERSIDAD;BOGOTA D.C;BOGOTA D.C.;Carrera 1 No. 18A-70;3394949;MINISTERIO DE JUSTICIA.;RESOLUCION;28;23/02/1949;189;www.uniandes.edu.co;SI;9/01/2015;582;10;"LA UNIVERSIDAD DE LOS ANDES ES UNA INSTITUCIÖN AUTÖNOMA E INDEPENDIENTE QUE PROPICIA EL PLURALISMO, LA DIVERSIDAD, EL DIÊLOGO, EL DEBATE, LA CRôTICA, LA TOLERANCIA Y EL RESPETO POR LAS IDEAS, CREENCIAS Y VALORES DE SUS MIEMBROS. LA UNIVERSIDAD BUSCA LA EXCELENCIA ACADêMICA, E IMPARTIR A SUS ESTUDIANTES UNA FORMACIÖN CRôTICA Y DE GRAN RESPONSABILIDAD êTICA Y CôVICA, QUE AFIANCE EN ELLOS VALORES QUE LOS HAGAN CONSCIENTES DE SU RESPONSABILIDAD SOCIAL Y LOS CONDUZCAN A COMPROMETERSE CON EL ANÊLISIS Y LA SOLUCIÖN DE LOS PROBLEMAS DEL PAôS.
PARA LOGRAR TAL FIN, LA UNIVERSIDAD DE LOS ANDES DESARROLLA Y PONE EN PRÊCTICA METODOLOGôAS DE AVANZADA EN LA DOCENCIA Y LA INVESTIGACIÖN, ORIENTADAS A QUE EL ESTUDIANTE SEA EL PRINCIPAL AGENTE DE SU FORMACIÖN Y RESUELVA LOS PROBLEMAS QUE SE LE PRESENTEN CON CREATIVIDAD Y RESPONSABILIDAD; Y PROPICIA UN AMBIENTE INTERDISCIPLINARIO FLEXIBLE QUE PERMITE LA INTEGRACIÖN DE LAS ARTES, LAS CIENCIAS, LA TECNOLOGôA Y LAS HUMANIDADES, ESTIMULANDO ASô LA FORMACIÖN INTEGRAL.
LA UNIVERSIDAD CONSIDERA QUE SU PROYECTO DOCENTE NECESITA UN CUERPO PROFESORAL ALTAMENTE CAPACITADO  Y COMPROMETIDO, QUE SEA VERDADERO GENERADOR Y PROPAGADOR DE CONOCIMIENTO, Y UN ELEMENTO BÊSICO DEL FORTALECIMIENTO INSTITUCIONAL, POR ESTA RAZÖN, HACE POSIBLE QUE SU VINCULACIÖN A LARGO PLAZO SEA PARA ELLOS UN PROYECTO DE VIDA, EN EL CUAL ALCANCEN SUS ASPIRACIONES Y SE DESARROLLEN PROFESIONAL Y HUMANAMENTE, SINTIENDO QUE SON VALORADOS POR LA COMUNIDAD UNIVERSITARIA Y POR LA SOCIEDAD EN GENERAL.
LA UNIVERSIDAD DE LOS ANDES, POR CONTAR CON PROGRAMAS DOCENTES Y DE INVESTIGACIÖN DE GRAN CALIDAD Y DE PROYECCIÖN INTERNACIONAL, QUE LOGRAN UNA ALTA EXIGENCIA ACADêMICA EN UN CLIMA DE LIBERTAD Y DIVERSIDAD, FORMA PROFESIONALES ôNTEGROS, RESPONSABLES E IMAGINATIVOS, QUE AL ALCANZAR LOS MÊS AVANZADOS NIVELES EN SUS DISCIPLINAS, CONTRIBUYEN DECIDIDAMENTE AL MEJORAMIENTO CULTURAL Y ECONÖMICO DEL PAôS Y AL FORTALECIMIENTO DE LOS VALORES DE CONVIVENCIA SOCIAL.";PABLO DEL CARMEN;Navas Sanz de Santamaria;RECTOR;ACTA C.S.;28;21/06/2017;1/11/2017;31/10/2019;Pablo del Carmen;Navas Sanz de Santamar≠a;REPRESENTANTE LEGAL;ACTA C.S.;33-17;21/06/2017;1/11/2017;31/10/2019;"CONVENIO,ANTIOQUIA,MEDELLIN;CONVENIO,VALLE DEL CAUCA,CALI;";BOGOTA D.C;BOGOTA D.C.
1119;UNIVERSIDAD DE LOS LLANOS;ACTIVA;892.000.757-3;PRINCIPAL;NACIONAL;OFICIAL;UNIVERSIDAD;META;VILLAVICENCIO;KilΩmetro 12 V≠a Puerto LΩpez, Vereda Barcelona;6616800;Gobierno Nacional;DECRETO;2513;25/11/1974;38;www.rectoria@unillanos.edu.co;NO;;;;LA UNIVERSIDAD DE LOS LLANOS FORMA INTEGRALMENTE CIUDADANOS, PROFESIONALES Y CIENTIFICOS CON SENSIBILIDAD Y APRECIO POR EL PATRIMONIO HISTORICO, SOCIAL, CULTURAL Y ECOLOGICO DE LA HUMANIDAD, COMPETENTES Y COMPROMETIDOS EN LA SOLUCION DE LOS PROBLEMAS DE LA ORINOQUIA Y EL PAIS CON VISION UNIVERSAL, CONSERVANDO SU NATURALEZA COMO CENTRO DE GENERACION, PRESERVACION, TRANSMISION Y DIFUSION DEL CONOCIMIENTO Y LA CULTURA.;PABLO EMILIO;CRUZ CASALLAS;RECTOR(E);RESOLUCION C.S.;2513;20/06/2017;20/06/2017;;PABLO EMILIO;CRUZ CASALLAS;REPRESENTANTE LEGAL (E);RESOLUCION C.S.;31;20/06/2017;20/06/2017;;;META;VILLAVICENCIO
1119;UNIVERSIDAD DE LOS LLANOS;ACTIVA;892.000.757-3;PRINCIPAL;NACIONAL;OFICIAL;UNIVERSIDAD;META;VILLAVICENCIO;KilΩmetro 12 V≠a Puerto LΩpez, Vereda Barcelona;6616800;Gobierno Nacional;DECRETO;2513;25/11/1974;38;www.rectoria@unillanos.edu.co;NO;;;;LA UNIVERSIDAD DE LOS LLANOS FORMA INTEGRALMENTE CIUDADANOS, PROFESIONALES Y CIENTIFICOS CON SENSIBILIDAD Y APRECIO POR EL PATRIMONIO HISTORICO, SOCIAL, CULTURAL Y ECOLOGICO DE LA HUMANIDAD, COMPETENTES Y COMPROMETIDOS EN LA SOLUCION DE LOS PROBLEMAS DE LA ORINOQUIA Y EL PAIS CON VISION UNIVERSAL, CONSERVANDO SU NATURALEZA COMO CENTRO DE GENERACION, PRESERVACION, TRANSMISION Y DIFUSION DEL CONOCIMIENTO Y LA CULTURA.;JAIRO IVAN;FRIAS CARRE˘O;RECTOR;NO INFORMA;2513;11/12/2015;1/01/2016;31/12/2018;JAIRO IVAN;FRIAS CARRE˘O;REPRESENTANTE LEGAL;NO INFORMA;57;11/12/2015;1/01/2016;31/12/2018;;META;VILLAVICENCIO
1119;UNIVERSIDAD DE LOS LLANOS;ACTIVA;892.000.757-3;PRINCIPAL;NACIONAL;OFICIAL;UNIVERSIDAD;META;VILLAVICENCIO;KilΩmetro 12 V≠a Puerto LΩpez, Vereda Barcelona;6616800;Gobierno Nacional;DECRETO;2513;25/11/1974;38;www.rectoria@unillanos.edu.co;NO;;;;LA UNIVERSIDAD DE LOS LLANOS FORMA INTEGRALMENTE CIUDADANOS, PROFESIONALES Y CIENTIFICOS CON SENSIBILIDAD Y APRECIO POR EL PATRIMONIO HISTORICO, SOCIAL, CULTURAL Y ECOLOGICO DE LA HUMANIDAD, COMPETENTES Y COMPROMETIDOS EN LA SOLUCION DE LOS PROBLEMAS DE LA ORINOQUIA Y EL PAIS CON VISION UNIVERSAL, CONSERVANDO SU NATURALEZA COMO CENTRO DE GENERACION, PRESERVACION, TRANSMISION Y DIFUSION DEL CONOCIMIENTO Y LA CULTURA.;JAIRO IVAN;FRIAS CARRE˘O;RECTOR;NO INFORMA;2513;11/12/2015;1/01/2016;31/12/2018;PABLO EMILIO;CRUZ CASALLAS;REPRESENTANTE LEGAL (E);RESOLUCION C.S.;31;20/06/2017;20/06/2017;;;META;VILLAVICENCIO
1119;UNIVERSIDAD DE LOS LLANOS;ACTIVA;892.000.757-3;PRINCIPAL;NACIONAL;OFICIAL;UNIVERSIDAD;META;VILLAVICENCIO;KilΩmetro 12 V≠a Puerto LΩpez, Vereda Barcelona;6616800;Gobierno Nacional;DECRETO;2513;25/11/1974;38;www.rectoria@unillanos.edu.co;NO;;;;LA UNIVERSIDAD DE LOS LLANOS FORMA INTEGRALMENTE CIUDADANOS, PROFESIONALES Y CIENTIFICOS CON SENSIBILIDAD Y APRECIO POR EL PATRIMONIO HISTORICO, SOCIAL, CULTURAL Y ECOLOGICO DE LA HUMANIDAD, COMPETENTES Y COMPROMETIDOS EN LA SOLUCION DE LOS PROBLEMAS DE LA ORINOQUIA Y EL PAIS CON VISION UNIVERSAL, CONSERVANDO SU NATURALEZA COMO CENTRO DE GENERACION, PRESERVACION, TRANSMISION Y DIFUSION DEL CONOCIMIENTO Y LA CULTURA.;PABLO EMILIO;CRUZ CASALLAS;RECTOR(E);RESOLUCION C.S.;2513;20/06/2017;20/06/2017;;JAIRO IVAN;FRIAS CARRE˘O;REPRESENTANTE LEGAL;NO INFORMA;57;11/12/2015;1/01/2016;31/12/2018;;META;VILLAVICENCIO
1722;UNIVERSIDAD DE MANIZALES;ACTIVA;890.086.001-7;PRINCIPAL;FUNDACION;PRIVADA;UNIVERSIDAD;CALDAS;MANIZALES;Carrera 9 No. 19-03 Campohermoso;8879680;MINISTERIO DE EDUCACION NACIONAL;RESOLUCION;314;21/01/1983;72;www.umanizales.edu.co;SI;15/05/2015;6978;4;MISION;GUILLERMO ORLANDO;SIERRA SIERRA;RECTOR;RESOLUCION C.S.;314;18/12/2015;3/09/2016;2/09/2020;GUILLERMO ORLANDO;SIERRA SIERRA;REPRESENTANTE LEGAL;ACTA;7;13/06/2012;3/09/2012;2/09/2016;"CONVENIO,CAUCA,POPAYAN;CONVENIO,HUILA,NEIVA;CONVENIO,HUILA,NEIVA;CONVENIO,HUILA,NEIVA;CONVENIO,META,VILLAVICENCIO;CENTROS TUTORIALES,BOGOTA D.C,BOGOTA D.C.;CENTROS TUTORIALES,CAUCA,POPAYAN;CENTROS TUTORIALES,NARINIO,PASTO;";CALDAS;MANIZALES
1812;UNIVERSIDAD DE MEDELLIN;ACTIVA;890.902.920-1;PRINCIPAL;CORPORACION;PRIVADA;UNIVERSIDAD;ANTIOQUIA;MEDELLIN;Carrera 87 No. 30-65 Los Alpes;3405555;MINISTERIO DE JUSTICIA;RESOLUCION;103;31/07/1950;176;www.udem.edu.co;SI;12/08/2013;10606;6;"- IMPARTIR EDUCACION SUPERIOR PARA LA REALIZACION PLENA DEL SER HUMANO, CON EL PROPOSITO DE CONTRIBUIR A LA ORGANIZACION DE UNA SOCIEDAD MAS JUSTA, EQUILIBRADA Y AUTONOMA QUE PARTICIPE DIGNAMENTE DE LA COMUNIDAD INTERNACIONAL.

- DESARROLLAR PROGRAMAS QUE PROPICIEN EL INGRESO A LA UNIVERSIDAD DE ASPIRANTES PROVENIENTES DE LAS ZONAS MARGINADAS DEL DESARROLLO ECONOMICO Y SOCIAL.

- PROCURAR LA INTEGRACION DE SUS PLANES DE EDUCACION SUPERIOR CON LAS DEMAS MANIFESTACIONES BASICAS DE LA ACTIVIDAD NACIONAL.

- PROMOVER LA MEJOR FORMACION CIENTIFICA Y PEDAGOGICA DEL PERSONAL DOCENTE E INVESTIGADOR, PARA GARANTIZAR LA CALIDAD DE LA EDUCACION.

- INTEGRAR LA INVESTIGACION CON LA DOCENCIA PARA SUSCITAR UN ESPIRITU CRITICO QUE DOTE AL ESTUDIANTE DE CAPACIDAD INTELECTUAL, PARA EJERCITAR CON PLENA RESPONSABILIDAD LAS ACCIONES ENCAMINADAS A SU PERFECCIONAMIENTO PERSONAL Y AL DESARROLLO SOCIAL.

- FOMENTAR LAS FORMAS CIENTIFICAS PARA CONOCER E INTERPRETAR LA REALIDAD, PROCURANDO EL ESTUDIO DE NUEVAS CONCEPCIONES DE ORGANIZACION SOCIAL, EN UN AMBITO DE RESPETO A LA AUTONOMIA Y A LA LIBERTAD ACADEMICA, DE INVESTIGACION, DE APRENDIZAJE Y DE CATEDRA.";Stella;Saba LΩpez;RECTOR(E);RESOLUCION;103;22/08/2017;7/09/2017;24/09/2017;Stella;Saba LΩpez;REPRESENTANTE LEGAL (E);RESOLUCION;1;22/08/2017;7/09/2017;24/09/2017;"CONVENIO,BOLIVAR,CARTAGENA;CONVENIO,BOLIVAR,CARTAGENA;CONVENIO,CESAR,VALLEDUPAR;CONVENIO,CORDOBA,MONTERIA;CONVENIO,CHOCO,QUIBDO;CONVENIO,CHOCO,QUIBDO;CONVENIO,CHOCO,QUIBDO;CONVENIO,CHOCO,QUIBDO;CONVENIO,CHOCO,QUIBDO;CONVENIO,ANTIOQUIA,SANTA ROSA DE OSOS;CONVENIO,NARINIO,PASTO;CONVENIO,NORTE DE SANTANDER,CUCUTA;CONVENIO,RISARALDA,PEREIRA;CONVENIO,SUCRE,SINCELEJO;";ANTIOQUIA;MEDELLIN
1812;UNIVERSIDAD DE MEDELLIN;ACTIVA;890.902.920-1;PRINCIPAL;CORPORACION;PRIVADA;UNIVERSIDAD;ANTIOQUIA;MEDELLIN;Carrera 87 No. 30-65 Los Alpes;3405555;MINISTERIO DE JUSTICIA;RESOLUCION;103;31/07/1950;176;www.udem.edu.co;SI;12/08/2013;10606;6;"- IMPARTIR EDUCACION SUPERIOR PARA LA REALIZACION PLENA DEL SER HUMANO, CON EL PROPOSITO DE CONTRIBUIR A LA ORGANIZACION DE UNA SOCIEDAD MAS JUSTA, EQUILIBRADA Y AUTONOMA QUE PARTICIPE DIGNAMENTE DE LA COMUNIDAD INTERNACIONAL.

- DESARROLLAR PROGRAMAS QUE PROPICIEN EL INGRESO A LA UNIVERSIDAD DE ASPIRANTES PROVENIENTES DE LAS ZONAS MARGINADAS DEL DESARROLLO ECONOMICO Y SOCIAL.

- PROCURAR LA INTEGRACION DE SUS PLANES DE EDUCACION SUPERIOR CON LAS DEMAS MANIFESTACIONES BASICAS DE LA ACTIVIDAD NACIONAL.

- PROMOVER LA MEJOR FORMACION CIENTIFICA Y PEDAGOGICA DEL PERSONAL DOCENTE E INVESTIGADOR, PARA GARANTIZAR LA CALIDAD DE LA EDUCACION.

- INTEGRAR LA INVESTIGACION CON LA DOCENCIA PARA SUSCITAR UN ESPIRITU CRITICO QUE DOTE AL ESTUDIANTE DE CAPACIDAD INTELECTUAL, PARA EJERCITAR CON PLENA RESPONSABILIDAD LAS ACCIONES ENCAMINADAS A SU PERFECCIONAMIENTO PERSONAL Y AL DESARROLLO SOCIAL.

- FOMENTAR LAS FORMAS CIENTIFICAS PARA CONOCER E INTERPRETAR LA REALIDAD, PROCURANDO EL ESTUDIO DE NUEVAS CONCEPCIONES DE ORGANIZACION SOCIAL, EN UN AMBITO DE RESPETO A LA AUTONOMIA Y A LA LIBERTAD ACADEMICA, DE INVESTIGACION, DE APRENDIZAJE Y DE CATEDRA.";NESTOR;HINCAPIE VARGAS;RECTOR;NO INFORMA;103;2/03/2000;7/02/2000;;NESTOR;HINCAPIE VARGAS;REPRESENTANTE LEGAL;NO INFORMA;350;2/03/2000;7/02/2000;;"CONVENIO,BOLIVAR,CARTAGENA;CONVENIO,BOLIVAR,CARTAGENA;CONVENIO,CESAR,VALLEDUPAR;CONVENIO,CORDOBA,MONTERIA;CONVENIO,CHOCO,QUIBDO;CONVENIO,CHOCO,QUIBDO;CONVENIO,CHOCO,QUIBDO;CONVENIO,CHOCO,QUIBDO;CONVENIO,CHOCO,QUIBDO;CONVENIO,ANTIOQUIA,SANTA ROSA DE OSOS;CONVENIO,NARINIO,PASTO;CONVENIO,NORTE DE SANTANDER,CUCUTA;CONVENIO,RISARALDA,PEREIRA;CONVENIO,SUCRE,SINCELEJO;";ANTIOQUIA;MEDELLIN
1812;UNIVERSIDAD DE MEDELLIN;ACTIVA;890.902.920-1;PRINCIPAL;CORPORACION;PRIVADA;UNIVERSIDAD;ANTIOQUIA;MEDELLIN;Carrera 87 No. 30-65 Los Alpes;3405555;MINISTERIO DE JUSTICIA;RESOLUCION;103;31/07/1950;176;www.udem.edu.co;SI;12/08/2013;10606;6;"- IMPARTIR EDUCACION SUPERIOR PARA LA REALIZACION PLENA DEL SER HUMANO, CON EL PROPOSITO DE CONTRIBUIR A LA ORGANIZACION DE UNA SOCIEDAD MAS JUSTA, EQUILIBRADA Y AUTONOMA QUE PARTICIPE DIGNAMENTE DE LA COMUNIDAD INTERNACIONAL.

- DESARROLLAR PROGRAMAS QUE PROPICIEN EL INGRESO A LA UNIVERSIDAD DE ASPIRANTES PROVENIENTES DE LAS ZONAS MARGINADAS DEL DESARROLLO ECONOMICO Y SOCIAL.

- PROCURAR LA INTEGRACION DE SUS PLANES DE EDUCACION SUPERIOR CON LAS DEMAS MANIFESTACIONES BASICAS DE LA ACTIVIDAD NACIONAL.

- PROMOVER LA MEJOR FORMACION CIENTIFICA Y PEDAGOGICA DEL PERSONAL DOCENTE E INVESTIGADOR, PARA GARANTIZAR LA CALIDAD DE LA EDUCACION.

- INTEGRAR LA INVESTIGACION CON LA DOCENCIA PARA SUSCITAR UN ESPIRITU CRITICO QUE DOTE AL ESTUDIANTE DE CAPACIDAD INTELECTUAL, PARA EJERCITAR CON PLENA RESPONSABILIDAD LAS ACCIONES ENCAMINADAS A SU PERFECCIONAMIENTO PERSONAL Y AL DESARROLLO SOCIAL.

- FOMENTAR LAS FORMAS CIENTIFICAS PARA CONOCER E INTERPRETAR LA REALIDAD, PROCURANDO EL ESTUDIO DE NUEVAS CONCEPCIONES DE ORGANIZACION SOCIAL, EN UN AMBITO DE RESPETO A LA AUTONOMIA Y A LA LIBERTAD ACADEMICA, DE INVESTIGACION, DE APRENDIZAJE Y DE CATEDRA.";NESTOR;HINCAPIE VARGAS;RECTOR;NO INFORMA;103;2/03/2000;7/02/2000;;Stella;Saba LΩpez;REPRESENTANTE LEGAL (E);RESOLUCION;1;22/08/2017;7/09/2017;24/09/2017;"CONVENIO,BOLIVAR,CARTAGENA;CONVENIO,BOLIVAR,CARTAGENA;CONVENIO,CESAR,VALLEDUPAR;CONVENIO,CORDOBA,MONTERIA;CONVENIO,CHOCO,QUIBDO;CONVENIO,CHOCO,QUIBDO;CONVENIO,CHOCO,QUIBDO;CONVENIO,CHOCO,QUIBDO;CONVENIO,CHOCO,QUIBDO;CONVENIO,ANTIOQUIA,SANTA ROSA DE OSOS;CONVENIO,NARINIO,PASTO;CONVENIO,NORTE DE SANTANDER,CUCUTA;CONVENIO,RISARALDA,PEREIRA;CONVENIO,SUCRE,SINCELEJO;";ANTIOQUIA;MEDELLIN
1812;UNIVERSIDAD DE MEDELLIN;ACTIVA;890.902.920-1;PRINCIPAL;CORPORACION;PRIVADA;UNIVERSIDAD;ANTIOQUIA;MEDELLIN;Carrera 87 No. 30-65 Los Alpes;3405555;MINISTERIO DE JUSTICIA;RESOLUCION;103;31/07/1950;176;www.udem.edu.co;SI;12/08/2013;10606;6;"- IMPARTIR EDUCACION SUPERIOR PARA LA REALIZACION PLENA DEL SER HUMANO, CON EL PROPOSITO DE CONTRIBUIR A LA ORGANIZACION DE UNA SOCIEDAD MAS JUSTA, EQUILIBRADA Y AUTONOMA QUE PARTICIPE DIGNAMENTE DE LA COMUNIDAD INTERNACIONAL.

- DESARROLLAR PROGRAMAS QUE PROPICIEN EL INGRESO A LA UNIVERSIDAD DE ASPIRANTES PROVENIENTES DE LAS ZONAS MARGINADAS DEL DESARROLLO ECONOMICO Y SOCIAL.

- PROCURAR LA INTEGRACION DE SUS PLANES DE EDUCACION SUPERIOR CON LAS DEMAS MANIFESTACIONES BASICAS DE LA ACTIVIDAD NACIONAL.

- PROMOVER LA MEJOR FORMACION CIENTIFICA Y PEDAGOGICA DEL PERSONAL DOCENTE E INVESTIGADOR, PARA GARANTIZAR LA CALIDAD DE LA EDUCACION.

- INTEGRAR LA INVESTIGACION CON LA DOCENCIA PARA SUSCITAR UN ESPIRITU CRITICO QUE DOTE AL ESTUDIANTE DE CAPACIDAD INTELECTUAL, PARA EJERCITAR CON PLENA RESPONSABILIDAD LAS ACCIONES ENCAMINADAS A SU PERFECCIONAMIENTO PERSONAL Y AL DESARROLLO SOCIAL.

- FOMENTAR LAS FORMAS CIENTIFICAS PARA CONOCER E INTERPRETAR LA REALIDAD, PROCURANDO EL ESTUDIO DE NUEVAS CONCEPCIONES DE ORGANIZACION SOCIAL, EN UN AMBITO DE RESPETO A LA AUTONOMIA Y A LA LIBERTAD ACADEMICA, DE INVESTIGACION, DE APRENDIZAJE Y DE CATEDRA.";Stella;Saba LΩpez;RECTOR(E);RESOLUCION;103;22/08/2017;7/09/2017;24/09/2017;NESTOR;HINCAPIE VARGAS;REPRESENTANTE LEGAL;NO INFORMA;350;2/03/2000;7/02/2000;;"CONVENIO,BOLIVAR,CARTAGENA;CONVENIO,BOLIVAR,CARTAGENA;CONVENIO,CESAR,VALLEDUPAR;CONVENIO,CORDOBA,MONTERIA;CONVENIO,CHOCO,QUIBDO;CONVENIO,CHOCO,QUIBDO;CONVENIO,CHOCO,QUIBDO;CONVENIO,CHOCO,QUIBDO;CONVENIO,CHOCO,QUIBDO;CONVENIO,ANTIOQUIA,SANTA ROSA DE OSOS;CONVENIO,NARINIO,PASTO;CONVENIO,NORTE DE SANTANDER,CUCUTA;CONVENIO,RISARALDA,PEREIRA;CONVENIO,SUCRE,SINCELEJO;";ANTIOQUIA;MEDELLIN
1206;UNIVERSIDAD DE NARIæO;ACTIVA;800.118.954;PRINCIPAL;DEPARTAMENTAL;OFICIAL;UNIVERSIDAD;NARINIO;PASTO;Torobajo, Carrera 22 No. 18-109;7313604;Gobernacion de Nariœo;DECRETO;49;7/11/1904;84;www.udenar.edu.co;SI;23/05/2017;10567;6;"LA UNIVERSIDAD DE NARI?O ES UN ENTE UNIVERSITARIO AUTONOMO, DE CARACTER ESTATAL, COMPROMETIDO CON UNA PEDAGOGIA PARA LA CONVIVENCIA SOCIAL Y LA EXCELENCIA ACADEMICA, QUE SE RIGE POR LOS PRINCIPIOS DE LA DEMOCRACIA PARTICIPATIVA, LA TOLERANCIA Y EL RESPETO POR LA DIFERENCIA.

SU QUEHACER ESTA CENTRADO EN LA PRODUCCION DE LOS SABERES Y EL CONOCIMIENTO DE LAS CIENCIAS, LA FILOSOFIA, EL ARTE Y LA TECNOLOGIA, PARA UNA FORMACION ACADEMICO - CIENTIFICA Y CULTURAL INTEGRAL. SE PROPONE FORMAR PERSONAS CON ESPIRITU CRITICO, CREADOR Y CON CAPACIDAD DE LIDERAR EL CAMBIO SOCIAL, SEGUN LOS RETOS DE LA CONTEMPORANEIDAD.

CON FUNDAMENTO EN LA AUTONOMIA, LA LIBERTAD DE CATEDRA Y EXPRESION, LA UNIVERSIDAD CUMPLE CON SU QUEHACER INVESTIGATIVO, DOCENTE Y DE PROYECCION SOCIAL, EN UN MARCO DE LIBERTAD DE PENSAMIENTO Y PLURALISMO IDEOLOGICO.

COMO INSTITUCION UBICADA EN ZONA DE FRONTERA Y EN LA REGION ANDINO-PACIFICO-AMAZONICA, SE COMPROMETE A ORIENTAR SUS ESFUERZOS HACIA EL CONOCIMIENTO DE LOS PROBLEMAS PROPIOS DE ESTA CONDICION Y A LA BUSQUEDA DE SOLUCIONES CON CRITERIOS DE SOSTENIBILIDAD.

EN SU CALIDAD DE CENTRO DE EDUCACION PUBLICA DEL DEPARTAMENTO, GARANTIZA EL ACCESO A TODOS LOS SECTORES SOCIALES, ETNICOS, REGIONALES Y LOCALES, SIEMPRE Y CUANDO DEMUESTREN POSEER LAS CALIDADES ACADEMICAS REQUERIDAS POR LA INSTITUCION.";Martha Sofia;Gonzalez Insuasti;RECTOR;RESOLUCION C.S.;49;17/08/2017;18/08/2017;31/12/2017;MARTHA SOFIA;GONZALEZ INSUASTI;REPRESENTANTE LEGAL;RESOLUCION C.S.;4;17/08/2017;18/08/2017;31/12/2017;;NARINIO;PASTO
1212;UNIVERSIDAD DE PAMPLONA;ACTIVA;890.501.510-4;PRINCIPAL;DEPARTAMENTAL;OFICIAL;UNIVERSIDAD;NORTE DE SANTANDER;PAMPLONA;Ciudad Universitaria, Km.1 v≠a a Bucaramanga;6853003;Gobernacion del Norte de Santander.;ACTA;1;23/11/1960;85;www.unipamplona.edu.co;NO;;;;"&quot;FORMAR PROFESIONALES INTEGRALES QUE SEAN AGENTES GENERADORES DE CAMBIO, PROMOTORES DE LA PAZ, LA DIGNIDAD HUMANA Y DEL DESARROLLO NACIONAL&quot;
LA UNIVERSIDAD DE PAMPLONA ESTA ACTUANDO  DE MANERA PERMANENTE EN LE MEJORAMIENTO DE LAS CONDICIONES DE VIDA DE LOS COLOMBIANOS, FORMANDO EN EL NIVEL DE EDUCACIÖN SUPERIOR, PERSONAS HONESTAS, CIUDADANOS  RESPONSABLES Y PROFESIONALES DE ALTO RENDIMIENTO, DESARROLLANDO  PROGRAMAS QUE ELEVEN  LA CALIDAD EDUCATIVA  INTEGRAL, IMPULSANDO LA DINAMICA ECONÖMICA, ESPECIALMENTE  A NIVEL  LOCAL Y PROMOVIENDO CONSTANTE  EN TODOS LOS ÊMBITOS LA CONCIENCIA  CIUDADANA, LA PAZ  Y EL BIENESTAR SOCIAL.";IVALDO;TORRES CHÊVEZ;RECTOR;ACUERDO;1;29/12/2016;1/01/2017;31/12/2020;IVALDO;TORRES CHÊVEZ;REPRESENTANTE LEGAL;ACUERDO;92;29/12/2016;1/01/2017;31/12/2020;"CENTROS TUTORIALES,BOGOTA D.C,BOGOTA D.C.;CENTROS TUTORIALES,BOGOTA D.C,BOGOTA D.C.;CENTROS TUTORIALES,BOLIVAR,CARTAGENA;CENTROS TUTORIALES,BOYACA,DUITAMA;CENTROS TUTORIALES,BOYACA,DUITAMA;CENTROS TUTORIALES,CESAR,VALLEDUPAR;CENTROS TUTORIALES,CESAR,VALLEDUPAR;CENTROS TUTORIALES,CESAR,VALLEDUPAR;CENTROS TUTORIALES,GUAJIRA,RIOHACHA;CENTROS TUTORIALES,GUAJIRA,RIOHACHA;CENTROS TUTORIALES,GUAJIRA,RIOHACHA;CENTROS TUTORIALES,MAGDALENA,SANTA MARTA;CENTROS TUTORIALES,NORTE DE SANTANDER,CUCUTA;CENTROS TUTORIALES,NORTE DE SANTANDER,CUCUTA;CENTROS TUTORIALES,NORTE DE SANTANDER,CUCUTA;CENTROS TUTORIALES,SANTANDER,BUCARAMANGA;CENTROS TUTORIALES,SANTANDER,BUCARAMANGA;CENTROS TUTORIALES,SANTANDER,BUCARAMANGA;CENTROS TUTORIALES,SUCRE,SINCELEJO;CENTROS TUTORIALES,SUCRE,SINCELEJO;CENTROS TUTORIALES,SUCRE,SINCELEJO;CENTROS TUTORIALES,VALLE DEL CAUCA,CALI;CENTROS TUTORIALES,VALLE DEL CAUCA,CALI;CENTROS TUTORIALES,VALLE DEL CAUCA,CALI;CENTROS TUTORIALES,CASANARE,YOPAL;CENTROS TUTORIALES,CASANARE,YOPAL;CENTROS TUTORIALES,CASANARE,YOPAL;CENTROS TUTORIALES,GUAVIARE,SAN JOSE DEL GUAVIARE;CENTROS TUTORIALES,GUAVIARE,SAN JOSE DEL GUAVIARE;";NORTE DE SANTANDER;PAMPLONA
1716;UNIVERSIDAD DE SAN BUENAVENTURA;ACTIVA;890.307.400;SECCIONAL;FUNDACION;PRIVADA;UNIVERSIDAD;VALLE DEL CAUCA;CALI;Cra 122 N˘ 6 - 65 via a Pance;3182200;MINISTERIO DE EDUCACION NACIONAL;RESOLUCION;1326;25/03/1975;71;www.usbcali.edu.co;SI;25/05/2017;10706;4;;ERNESTO;LONDOæO OROZCO;RECTOR;COMUNICACIÖN;1326;31/07/2017;31/07/2017;15/08/2020;ANTONIO JOSE;GRISALES ARIAS;REPRESENTANTE LEGAL SUPLENTE;RESOLUCION;1261;31/07/2017;31/07/2017;15/08/2020;;VALLE DEL CAUCA;CALI
1716;UNIVERSIDAD DE SAN BUENAVENTURA;ACTIVA;890.307.400;SECCIONAL;FUNDACION;PRIVADA;UNIVERSIDAD;VALLE DEL CAUCA;CALI;Cra 122 N˘ 6 - 65 via a Pance;3182200;MINISTERIO DE EDUCACION NACIONAL;RESOLUCION;1326;25/03/1975;71;www.usbcali.edu.co;SI;25/05/2017;10706;4;;ERNESTO;LONDOæO OROZCO;RECTOR;COMUNICACIÖN;1326;31/07/2017;31/07/2017;15/08/2020;ERNESTO;LONDOæO OROZCO;REPRESENTANTE LEGAL;COMUNICACIÖN;.;31/07/2017;31/07/2017;15/08/2020;;VALLE DEL CAUCA;CALI
1717;UNIVERSIDAD DE SAN BUENAVENTURA;ACTIVA;890307400-1;SECCIONAL;FUNDACION;PRIVADA;UNIVERSIDAD;ANTIOQUIA;MEDELLIN;Carrera 56C   51-90  Barrio San Benito;4500323;MINISTERIO DE EDUCACION NACIONAL.;RESOLUCION;1326;25/03/1975;50;www.usb-med.edu.co;SI;25/05/2017;10706;4;;JOSE ALIRIO;URBINA RODRIGUEZ;RECTOR;COMUNICACIÖN;1326;31/07/2017;31/07/2017;15/08/2020;JUAN DE LA CRUZ;CASTELLANOS ALARCON;REPRESENTANTE LEGAL SUPLENTE;RESOLUCION;76;31/07/2017;31/07/2017;15/08/2020;"CONVENIO,BOGOTA D.C,BOGOTA D.C.;CONVENIO,BOGOTA D.C,BOGOTA D.C.;CONVENIO,ANTIOQUIA,MEDELLIN;CONVENIO,ANTIOQUIA,SANTA ROSA DE OSOS;CONVENIO,RISARALDA,PEREIRA;CONVENIO,SANTANDER,BUCARAMANGA;";ANTIOQUIA;MEDELLIN
1717;UNIVERSIDAD DE SAN BUENAVENTURA;ACTIVA;890307400-1;SECCIONAL;FUNDACION;PRIVADA;UNIVERSIDAD;ANTIOQUIA;MEDELLIN;Carrera 56C   51-90  Barrio San Benito;4500323;MINISTERIO DE EDUCACION NACIONAL.;RESOLUCION;1326;25/03/1975;50;www.usb-med.edu.co;SI;25/05/2017;10706;4;;JOSE ALIRIO;URBINA RODRIGUEZ;RECTOR;COMUNICACIÖN;1326;31/07/2017;31/07/2017;15/08/2020;JOSE ALIRIO;URBINA RODRIGUEZ;REPRESENTANTE LEGAL;COMUNICACIÖN;.;31/07/2017;31/07/2017;15/08/2020;"CONVENIO,BOGOTA D.C,BOGOTA D.C.;CONVENIO,BOGOTA D.C,BOGOTA D.C.;CONVENIO,ANTIOQUIA,MEDELLIN;CONVENIO,ANTIOQUIA,SANTA ROSA DE OSOS;CONVENIO,RISARALDA,PEREIRA;CONVENIO,SANTANDER,BUCARAMANGA;";ANTIOQUIA;MEDELLIN
1718;UNIVERSIDAD DE SAN BUENAVENTURA;ACTIVA;No 890307400-1;PRINCIPAL;FUNDACION;PRIVADA;UNIVERSIDAD;BOGOTA D.C;BOGOTA D.C.;Carrera 8H #172-20 , Rector≠a: Cra. 9  No. 123-76 Of.602-603;6671090;MINISTERIO DE EDUCACION NACIONAL;RESOLUCION;1326;25/03/1975;50;www.usbbog.edu.co;SI;25/05/2017;10706;4;;MARCO VENICIO;MENDIETA NIAMPIRA;RECTOR GENERAL;COMUNICACIÖN;1326;31/07/2017;31/07/2017;15/08/2020;EFREN PARMENIO;ORTIZ ORTIZ;REPRESENTANTE LEGAL SUPLENTE;RESOLUCION;11;31/07/2017;31/07/2017;15/08/2020;;BOGOTA D.C;BOGOTA D.C.
1718;UNIVERSIDAD DE SAN BUENAVENTURA;ACTIVA;No 890307400-1;PRINCIPAL;FUNDACION;PRIVADA;UNIVERSIDAD;BOGOTA D.C;BOGOTA D.C.;Carrera 8H #172-20 , Rector≠a: Cra. 9  No. 123-76 Of.602-603;6671090;MINISTERIO DE EDUCACION NACIONAL;RESOLUCION;1326;25/03/1975;50;www.usbbog.edu.co;SI;25/05/2017;10706;4;;JOSE WILSON;TELLEZ CASAS;RECTOR;COMUNICACIÖN;1326;31/07/2017;31/07/2017;15/08/2020;JOSE WILSON;TELLEZ CASAS;REPRESENTANTE LEGAL;COMUNICACIÖN;.;31/07/2017;31/07/2017;15/08/2020;;BOGOTA D.C;BOGOTA D.C.
1718;UNIVERSIDAD DE SAN BUENAVENTURA;ACTIVA;No 890307400-1;PRINCIPAL;FUNDACION;PRIVADA;UNIVERSIDAD;BOGOTA D.C;BOGOTA D.C.;Carrera 8H #172-20 , Rector≠a: Cra. 9  No. 123-76 Of.602-603;6671090;MINISTERIO DE EDUCACION NACIONAL;RESOLUCION;1326;25/03/1975;50;www.usbbog.edu.co;SI;25/05/2017;10706;4;;JOSE WILSON;TELLEZ CASAS;RECTOR;COMUNICACIÖN;1326;31/07/2017;31/07/2017;15/08/2020;EFREN PARMENIO;ORTIZ ORTIZ;REPRESENTANTE LEGAL SUPLENTE;RESOLUCION;11;31/07/2017;31/07/2017;15/08/2020;;BOGOTA D.C;BOGOTA D.C.
1718;UNIVERSIDAD DE SAN BUENAVENTURA;ACTIVA;No 890307400-1;PRINCIPAL;FUNDACION;PRIVADA;UNIVERSIDAD;BOGOTA D.C;BOGOTA D.C.;Carrera 8H #172-20 , Rector≠a: Cra. 9  No. 123-76 Of.602-603;6671090;MINISTERIO DE EDUCACION NACIONAL;RESOLUCION;1326;25/03/1975;50;www.usbbog.edu.co;SI;25/05/2017;10706;4;;MARCO VENICIO;MENDIETA NIAMPIRA;RECTOR GENERAL;COMUNICACIÖN;1326;31/07/2017;31/07/2017;15/08/2020;JOSE WILSON;TELLEZ CASAS;REPRESENTANTE LEGAL;COMUNICACIÖN;.;31/07/2017;31/07/2017;15/08/2020;;BOGOTA D.C;BOGOTA D.C.
1724;UNIVERSIDAD DE SAN BUENAVENTURA;ACTIVA;890307400-1;SECCIONAL;FUNDACION;PRIVADA;UNIVERSIDAD;BOLIVAR;CARTAGENA;Calle Real de Ternera, Cartagena;6539599;MINISTERIO DE EDUCACION NACIONAL.;RESOLUCION;1326;25/03/1975;37;www.usbctg.edu.co;SI;25/05/2017;10706;4;;EDUARDO MARTIN;MENDOZA FERNANDEZ;RECTOR;COMUNICACIÖN;1326;31/07/2017;31/07/2017;15/08/2020;JORGE;BOTERO PINEDA;REPRESENTANTE LEGAL SUPLENTE;RESOLUCION;644-1;31/07/2017;31/07/2017;15/08/2020;"CONVENIO,ANTIOQUIA,MEDELLIN;";BOLIVAR;CARTAGENA
1724;UNIVERSIDAD DE SAN BUENAVENTURA;ACTIVA;890307400-1;SECCIONAL;FUNDACION;PRIVADA;UNIVERSIDAD;BOLIVAR;CARTAGENA;Calle Real de Ternera, Cartagena;6539599;MINISTERIO DE EDUCACION NACIONAL.;RESOLUCION;1326;25/03/1975;37;www.usbctg.edu.co;SI;25/05/2017;10706;4;;EDUARDO MARTIN;MENDOZA FERNANDEZ;RECTOR;COMUNICACIÖN;1326;31/07/2017;31/07/2017;15/08/2020;EDUARDO MARTIN;MENDOZA FERNANDEZ;REPRESENTANTE LEGAL;COMUNICACIÖN;.;31/07/2017;31/07/2017;15/08/2020;"CONVENIO,ANTIOQUIA,MEDELLIN;";BOLIVAR;CARTAGENA
2832;UNIVERSIDAD DE SANTANDER - UDES;ACTIVA;804001890-1;PRINCIPAL;CORPORACION;PRIVADA;UNIVERSIDAD;SANTANDER;BUCARAMANGA;Calle 70 No. 55-210 Lagos del Cacique;6516500;MINISTERIO DE EDUCACION NACIONAL.;RESOLUCION;810;12/03/1996;97;www.udes.edu.co;NO;;;;"LA  UNIVERSIDAD DE SANTANDER SE DEFINE COMO UNA INSTITUCIÖN DE EDUCACIÖN SUPERIOR DE CAPITAL IMPORTANCIA EN EL DESARROLLO ECONÖMICO, SOCIAL Y REGIONAL DEL PAôS Y ASUME LA RESPONSABILIDAD DE ORIENTAR SUS ESFUERZOS A:

FORMAR CIUDADANOS AUTÖNOMOS DE ALTA COMPETENCIA CIENTôFICO-TêCNICA, CON RIGUROSO êNFASIS HUMANôSTICO, DEFINIDOS EN EL CÖDIGO UNIVERSAL DE VALORES, CON LIDERAZGO Y CAPACIDAD PARA TRANSFORMAR SU ENTORNO Y PROYECTAR SU ESPôRITU EMPRENDEDOR EN LOS PROCESOS DE CAMBIO.

CONSOLIDAR SU COMUNIDAD ACADêMICA EN LA BÇSQUEDA DE LA EXCELENCIA Y EL RENDIMIENTO A TRAVêS DE PROCESOS DE INVESTIGACIÖN FORMATIVA, PEDAGÖGICOS Y 	DIDÊCTICOS E INNOVADORES QUE COMBINEN EL USO DE MEDIOS ELECTRÖNICOS, INFORMATIVOS Y SATELITALES CON ESTRATEGIAS MODERNAS DE ENSEæANZA Y APRENDIZAJE UNIVERSITARIO.
 
CONFORMAR UNA COMUNIDAD INVESTIGATIVA, CON CAPACIDAD PARA INTERPRETAR LA REALIDAD CIRCUNDANTE MEDIANTE PROCESOS DE DESARROLLO CIENTôFICO Y TECNOLÖGICO, Y PRODUCIR LOS RESULTADOS Y LA SOLUCIÖN DE LOS PRINCIPALES PROBLEMAS DE CARÊCTER LOCAL, REGIONAL Y NACIONAL.

CONSOLIDAR LA CAPACIDAD DE AUTORREGULACIÖN Y AUTONOMôA EN LAS INSTANCIAS GUBERNATIVA, ORGANIZACIONAL Y FINANCIERA DE LA CORPORACIÖN, COMO ESTRATEGIA DE LIDERAZGO Y POSICIONAMIENTO  INSTITUCIONAL EN EL CONTEXTO DE LA EDUCACIÖN SUPERIOR REGIONAL Y NACIONAL.";JAIME DE JESUS;RESTREPO CUARTAS;RECTOR;ACTA;810;31/07/2012;1/08/2012;;JAIME DE JESUS;RESTREPO CUARTAS;REPRESENTANTE LEGAL;ACTA;.;31/07/2012;1/08/2012;;;SANTANDER;BUCARAMANGA
1217;UNIVERSIDAD DE SUCRE;ACTIVA;892.200.323-9;PRINCIPAL;DEPARTAMENTAL;OFICIAL;UNIVERSIDAD;SUCRE;SINCELEJO;Carrera 28 No. 5 - 267;2821240;Asamblea Departamental de Sucre;ORDENANZA;1;24/11/1977;28;www.unisucre.edu.co;NO;;;;FORMACION INTEGRAL Y PERMANENTE DE PROFESIONALES QUE DEN RESPUESTA A LAS DEMANDAS DE DESARROLLO DEL MEDIO, CON EL CONCURSO DEL TALENTO HUMANO CUALIFICADO Y TRIBUTAR AL CONOCIMIENTO CIENTIFICO, AL ARTE Y LA CULTURA CON UNA PROYECCION SOCIAL ARTICULADA AL ENTORNO PARA CONTRIBUIR AL MEJORAMIENTO DE LA CALIDAD DE VIDA DE LA POBLACION.;VICENTE DE PAÇL;PERIæÊN PETRO;RECTOR;RESOLUCION C.S.;1;29/04/2016;19/05/2016;19/05/2019;VICENTE DE PAÇL;PERIæÊN PETRO;REPRESENTANTE LEGAL;RESOLUCION C.S.;6;29/04/2016;19/05/2016;19/05/2019;;SUCRE;SINCELEJO
1202;UNIVERSIDAD DEL ATLANTICO;ACTIVA;890.102.257-3;PRINCIPAL;DEPARTAMENTAL;OFICIAL;UNIVERSIDAD;ATLANTICO;BARRANQUILLA;Km. 7 Antigua V≠a Puerto Colombia;3197010;Asamblea Departamental del Atlantico;ORDENANZA;42;15/06/1946;87;www.uniatlantico.edu.co;NO;;;;"LA UNIVERSIDAD DEL ATLANTICO ES UN ESTABLECIMIENTO OFICIAL DEL ORDEN DEPARTAMENTAL Y EN EL EJERCICIO PLENO DE SU AUTONOMIA OFRECE PROGRAMAS A NIVEL DE DE PREGRADO Y POSTGRADO EN LAS AREAS DE CONOCIMIENTOS DE LAS CIENCIAS DE LA EDUCACION , CIENCIAS JURIDICAS, CIENCIAS DE LA SALUD, CIENCIAS ECONOMICAS, INGENIERIA, ARQUITECTURA Y LAS BELLAS ARTES, DIRIGIDOS A LA FORMACION DE RECURSOS HUMANOS NECESARIOS PARA EL DESARROLLO SOCIOECONOMICO DE LA COSTA NORTE DEL PAIS, A TRAVES DE LA INVESTIGACION Y EL ANALISIS DE SUS PROBLEMAS.
LA INVESTIGACION CIENTIFICA SERA EL FUNDAMENTO ESCENCIAL DE LA ENSE?ANZA Y EL APRENDIZAJE DE LA PROYECCION A LA COMUNIDAD, DE LA PRESTACION DE SERVICIOS Y LA PROMOCION CULTURAL Y ARTISTICA.
LA UNIVERSIDAD DEL ATLANTICO MANTENDRA UNA AMPLIA INTERRELACION CON SU ENTORNO ECONOMICO Y SOCIAL, Y POR LO TANTO ORIENTARA SU OFERTA HACIA AQUELLAS PROFESIONES QUE CONTRIBUYAN AL DESARROLLO DE LA REGION Y EL PAIS.
COMO VERTICE DEL SISTEMA EDUCATIVO FORMAL, ORIENTARA SU ACCION HACIA SU PERMANENTE CONSOLIDACION COMO CENTRO DE CULTURA Y DE CIENCIA,
Y HACIA LA FORMACION INTEGRAL DE SUS EGRESADOS PARA FACILITARLES EL ACCESO A TODA LA PRODUCCION CULTURAL Y EL EJERCICIO PROFESIONAL.
A TRAVES DE SUS PROGRAMAS DE EXTENSION, LA UNIVERSIDAD BUSCARA UNA MAYOR INTEGRACION CON LA COMUNIDAD Y LA PARTICIPACION EN EL DESARROLLO DE LA REGION Y EL PAIS. POR ESTA RAZON LA EXTENSION ESTARA ESTRECHAMENTE RELACIONADA CON LOS PROGRAMAS DE FORMACION Y DE INVESTIGACION.";RAFAELA;VOS OBESO;RECTOR(E);RESOLUCION C.S.;42;14/08/2015;18/08/2015;;RAFAELA;VOS OBESO;REPRESENTANTE LEGAL (E);RESOLUCION C.S.;5;14/08/2015;18/08/2015;;"CERES,ANTIOQUIA,SABANALARGA;CERES,ANTIOQUIA,SABANALARGA;CERES,ANTIOQUIA,SABANALARGA;CERES,ANTIOQUIA,SABANALARGA;CERES,ANTIOQUIA,SABANALARGA;CERES,ANTIOQUIA,SABANALARGA;CERES,ATLANTICO,GALAPA;CERES,ATLANTICO,GALAPA;CERES,ATLANTICO,GALAPA;CERES,ATLANTICO,GALAPA;CERES,ATLANTICO,GALAPA;CERES,ATLANTICO,GALAPA;CERES,ATLANTICO,LURUACO;CERES,ATLANTICO,LURUACO;CERES,ATLANTICO,LURUACO;CERES,ATLANTICO,LURUACO;CERES,ATLANTICO,SABANAGRANDE;CERES,ATLANTICO,SUAN;CERES,ATLANTICO,SUAN;CERES,ATLANTICO,SUAN;CERES,ATLANTICO,SUAN;CERES,ATLANTICO,SUAN;CERES,ATLANTICO,SUAN;CERES,ATLANTICO,SUAN;CERES,ATLANTICO,SUAN;";ATLANTICO;BARRANQUILLA
1202;UNIVERSIDAD DEL ATLANTICO;ACTIVA;890.102.257-3;PRINCIPAL;DEPARTAMENTAL;OFICIAL;UNIVERSIDAD;ATLANTICO;BARRANQUILLA;Km. 7 Antigua V≠a Puerto Colombia;3197010;Asamblea Departamental del Atlantico;ORDENANZA;42;15/06/1946;87;www.uniatlantico.edu.co;NO;;;;"LA UNIVERSIDAD DEL ATLANTICO ES UN ESTABLECIMIENTO OFICIAL DEL ORDEN DEPARTAMENTAL Y EN EL EJERCICIO PLENO DE SU AUTONOMIA OFRECE PROGRAMAS A NIVEL DE DE PREGRADO Y POSTGRADO EN LAS AREAS DE CONOCIMIENTOS DE LAS CIENCIAS DE LA EDUCACION , CIENCIAS JURIDICAS, CIENCIAS DE LA SALUD, CIENCIAS ECONOMICAS, INGENIERIA, ARQUITECTURA Y LAS BELLAS ARTES, DIRIGIDOS A LA FORMACION DE RECURSOS HUMANOS NECESARIOS PARA EL DESARROLLO SOCIOECONOMICO DE LA COSTA NORTE DEL PAIS, A TRAVES DE LA INVESTIGACION Y EL ANALISIS DE SUS PROBLEMAS.
LA INVESTIGACION CIENTIFICA SERA EL FUNDAMENTO ESCENCIAL DE LA ENSE?ANZA Y EL APRENDIZAJE DE LA PROYECCION A LA COMUNIDAD, DE LA PRESTACION DE SERVICIOS Y LA PROMOCION CULTURAL Y ARTISTICA.
LA UNIVERSIDAD DEL ATLANTICO MANTENDRA UNA AMPLIA INTERRELACION CON SU ENTORNO ECONOMICO Y SOCIAL, Y POR LO TANTO ORIENTARA SU OFERTA HACIA AQUELLAS PROFESIONES QUE CONTRIBUYAN AL DESARROLLO DE LA REGION Y EL PAIS.
COMO VERTICE DEL SISTEMA EDUCATIVO FORMAL, ORIENTARA SU ACCION HACIA SU PERMANENTE CONSOLIDACION COMO CENTRO DE CULTURA Y DE CIENCIA,
Y HACIA LA FORMACION INTEGRAL DE SUS EGRESADOS PARA FACILITARLES EL ACCESO A TODA LA PRODUCCION CULTURAL Y EL EJERCICIO PROFESIONAL.
A TRAVES DE SUS PROGRAMAS DE EXTENSION, LA UNIVERSIDAD BUSCARA UNA MAYOR INTEGRACION CON LA COMUNIDAD Y LA PARTICIPACION EN EL DESARROLLO DE LA REGION Y EL PAIS. POR ESTA RAZON LA EXTENSION ESTARA ESTRECHAMENTE RELACIONADA CON LOS PROGRAMAS DE FORMACION Y DE INVESTIGACION.";CARLOS JAVIER;PRASCA MUæOZ;RECTOR;RESOLUCION C.S.;42;22/06/2017;22/06/2017;;CARLOS JAVIER;PRASCA MUæOZ;REPRESENTANTE LEGAL;RESOLUCION C.S.;5;22/06/2017;22/06/2017;;"CERES,ANTIOQUIA,SABANALARGA;CERES,ANTIOQUIA,SABANALARGA;CERES,ANTIOQUIA,SABANALARGA;CERES,ANTIOQUIA,SABANALARGA;CERES,ANTIOQUIA,SABANALARGA;CERES,ANTIOQUIA,SABANALARGA;CERES,ATLANTICO,GALAPA;CERES,ATLANTICO,GALAPA;CERES,ATLANTICO,GALAPA;CERES,ATLANTICO,GALAPA;CERES,ATLANTICO,GALAPA;CERES,ATLANTICO,GALAPA;CERES,ATLANTICO,LURUACO;CERES,ATLANTICO,LURUACO;CERES,ATLANTICO,LURUACO;CERES,ATLANTICO,LURUACO;CERES,ATLANTICO,SABANAGRANDE;CERES,ATLANTICO,SUAN;CERES,ATLANTICO,SUAN;CERES,ATLANTICO,SUAN;CERES,ATLANTICO,SUAN;CERES,ATLANTICO,SUAN;CERES,ATLANTICO,SUAN;CERES,ATLANTICO,SUAN;CERES,ATLANTICO,SUAN;";ATLANTICO;BARRANQUILLA
1202;UNIVERSIDAD DEL ATLANTICO;ACTIVA;890.102.257-3;PRINCIPAL;DEPARTAMENTAL;OFICIAL;UNIVERSIDAD;ATLANTICO;BARRANQUILLA;Km. 7 Antigua V≠a Puerto Colombia;3197010;Asamblea Departamental del Atlantico;ORDENANZA;42;15/06/1946;87;www.uniatlantico.edu.co;NO;;;;"LA UNIVERSIDAD DEL ATLANTICO ES UN ESTABLECIMIENTO OFICIAL DEL ORDEN DEPARTAMENTAL Y EN EL EJERCICIO PLENO DE SU AUTONOMIA OFRECE PROGRAMAS A NIVEL DE DE PREGRADO Y POSTGRADO EN LAS AREAS DE CONOCIMIENTOS DE LAS CIENCIAS DE LA EDUCACION , CIENCIAS JURIDICAS, CIENCIAS DE LA SALUD, CIENCIAS ECONOMICAS, INGENIERIA, ARQUITECTURA Y LAS BELLAS ARTES, DIRIGIDOS A LA FORMACION DE RECURSOS HUMANOS NECESARIOS PARA EL DESARROLLO SOCIOECONOMICO DE LA COSTA NORTE DEL PAIS, A TRAVES DE LA INVESTIGACION Y EL ANALISIS DE SUS PROBLEMAS.
LA INVESTIGACION CIENTIFICA SERA EL FUNDAMENTO ESCENCIAL DE LA ENSE?ANZA Y EL APRENDIZAJE DE LA PROYECCION A LA COMUNIDAD, DE LA PRESTACION DE SERVICIOS Y LA PROMOCION CULTURAL Y ARTISTICA.
LA UNIVERSIDAD DEL ATLANTICO MANTENDRA UNA AMPLIA INTERRELACION CON SU ENTORNO ECONOMICO Y SOCIAL, Y POR LO TANTO ORIENTARA SU OFERTA HACIA AQUELLAS PROFESIONES QUE CONTRIBUYAN AL DESARROLLO DE LA REGION Y EL PAIS.
COMO VERTICE DEL SISTEMA EDUCATIVO FORMAL, ORIENTARA SU ACCION HACIA SU PERMANENTE CONSOLIDACION COMO CENTRO DE CULTURA Y DE CIENCIA,
Y HACIA LA FORMACION INTEGRAL DE SUS EGRESADOS PARA FACILITARLES EL ACCESO A TODA LA PRODUCCION CULTURAL Y EL EJERCICIO PROFESIONAL.
A TRAVES DE SUS PROGRAMAS DE EXTENSION, LA UNIVERSIDAD BUSCARA UNA MAYOR INTEGRACION CON LA COMUNIDAD Y LA PARTICIPACION EN EL DESARROLLO DE LA REGION Y EL PAIS. POR ESTA RAZON LA EXTENSION ESTARA ESTRECHAMENTE RELACIONADA CON LOS PROGRAMAS DE FORMACION Y DE INVESTIGACION.";CARLOS JAVIER;PRASCA MUæOZ;RECTOR;RESOLUCION C.S.;42;22/06/2017;22/06/2017;;RAFAELA;VOS OBESO;REPRESENTANTE LEGAL (E);RESOLUCION C.S.;5;14/08/2015;18/08/2015;;"CERES,ANTIOQUIA,SABANALARGA;CERES,ANTIOQUIA,SABANALARGA;CERES,ANTIOQUIA,SABANALARGA;CERES,ANTIOQUIA,SABANALARGA;CERES,ANTIOQUIA,SABANALARGA;CERES,ANTIOQUIA,SABANALARGA;CERES,ATLANTICO,GALAPA;CERES,ATLANTICO,GALAPA;CERES,ATLANTICO,GALAPA;CERES,ATLANTICO,GALAPA;CERES,ATLANTICO,GALAPA;CERES,ATLANTICO,GALAPA;CERES,ATLANTICO,LURUACO;CERES,ATLANTICO,LURUACO;CERES,ATLANTICO,LURUACO;CERES,ATLANTICO,LURUACO;CERES,ATLANTICO,SABANAGRANDE;CERES,ATLANTICO,SUAN;CERES,ATLANTICO,SUAN;CERES,ATLANTICO,SUAN;CERES,ATLANTICO,SUAN;CERES,ATLANTICO,SUAN;CERES,ATLANTICO,SUAN;CERES,ATLANTICO,SUAN;CERES,ATLANTICO,SUAN;";ATLANTICO;BARRANQUILLA
1202;UNIVERSIDAD DEL ATLANTICO;ACTIVA;890.102.257-3;PRINCIPAL;DEPARTAMENTAL;OFICIAL;UNIVERSIDAD;ATLANTICO;BARRANQUILLA;Km. 7 Antigua V≠a Puerto Colombia;3197010;Asamblea Departamental del Atlantico;ORDENANZA;42;15/06/1946;87;www.uniatlantico.edu.co;NO;;;;"LA UNIVERSIDAD DEL ATLANTICO ES UN ESTABLECIMIENTO OFICIAL DEL ORDEN DEPARTAMENTAL Y EN EL EJERCICIO PLENO DE SU AUTONOMIA OFRECE PROGRAMAS A NIVEL DE DE PREGRADO Y POSTGRADO EN LAS AREAS DE CONOCIMIENTOS DE LAS CIENCIAS DE LA EDUCACION , CIENCIAS JURIDICAS, CIENCIAS DE LA SALUD, CIENCIAS ECONOMICAS, INGENIERIA, ARQUITECTURA Y LAS BELLAS ARTES, DIRIGIDOS A LA FORMACION DE RECURSOS HUMANOS NECESARIOS PARA EL DESARROLLO SOCIOECONOMICO DE LA COSTA NORTE DEL PAIS, A TRAVES DE LA INVESTIGACION Y EL ANALISIS DE SUS PROBLEMAS.
LA INVESTIGACION CIENTIFICA SERA EL FUNDAMENTO ESCENCIAL DE LA ENSE?ANZA Y EL APRENDIZAJE DE LA PROYECCION A LA COMUNIDAD, DE LA PRESTACION DE SERVICIOS Y LA PROMOCION CULTURAL Y ARTISTICA.
LA UNIVERSIDAD DEL ATLANTICO MANTENDRA UNA AMPLIA INTERRELACION CON SU ENTORNO ECONOMICO Y SOCIAL, Y POR LO TANTO ORIENTARA SU OFERTA HACIA AQUELLAS PROFESIONES QUE CONTRIBUYAN AL DESARROLLO DE LA REGION Y EL PAIS.
COMO VERTICE DEL SISTEMA EDUCATIVO FORMAL, ORIENTARA SU ACCION HACIA SU PERMANENTE CONSOLIDACION COMO CENTRO DE CULTURA Y DE CIENCIA,
Y HACIA LA FORMACION INTEGRAL DE SUS EGRESADOS PARA FACILITARLES EL ACCESO A TODA LA PRODUCCION CULTURAL Y EL EJERCICIO PROFESIONAL.
A TRAVES DE SUS PROGRAMAS DE EXTENSION, LA UNIVERSIDAD BUSCARA UNA MAYOR INTEGRACION CON LA COMUNIDAD Y LA PARTICIPACION EN EL DESARROLLO DE LA REGION Y EL PAIS. POR ESTA RAZON LA EXTENSION ESTARA ESTRECHAMENTE RELACIONADA CON LOS PROGRAMAS DE FORMACION Y DE INVESTIGACION.";RAFAELA;VOS OBESO;RECTOR(E);RESOLUCION C.S.;42;14/08/2015;18/08/2015;;CARLOS JAVIER;PRASCA MUæOZ;REPRESENTANTE LEGAL;RESOLUCION C.S.;5;22/06/2017;22/06/2017;;"CERES,ANTIOQUIA,SABANALARGA;CERES,ANTIOQUIA,SABANALARGA;CERES,ANTIOQUIA,SABANALARGA;CERES,ANTIOQUIA,SABANALARGA;CERES,ANTIOQUIA,SABANALARGA;CERES,ANTIOQUIA,SABANALARGA;CERES,ATLANTICO,GALAPA;CERES,ATLANTICO,GALAPA;CERES,ATLANTICO,GALAPA;CERES,ATLANTICO,GALAPA;CERES,ATLANTICO,GALAPA;CERES,ATLANTICO,GALAPA;CERES,ATLANTICO,LURUACO;CERES,ATLANTICO,LURUACO;CERES,ATLANTICO,LURUACO;CERES,ATLANTICO,LURUACO;CERES,ATLANTICO,SABANAGRANDE;CERES,ATLANTICO,SUAN;CERES,ATLANTICO,SUAN;CERES,ATLANTICO,SUAN;CERES,ATLANTICO,SUAN;CERES,ATLANTICO,SUAN;CERES,ATLANTICO,SUAN;CERES,ATLANTICO,SUAN;CERES,ATLANTICO,SUAN;";ATLANTICO;BARRANQUILLA
1110;UNIVERSIDAD DEL CAUCA;ACTIVA;891.500.319-2;PRINCIPAL;NACIONAL;OFICIAL;UNIVERSIDAD;CAUCA;POPAYAN;Claustro de Santo Domingo, Calle 5 No. 4-70;8209900;Gobierno Nacional;DECRETO;0;31/12/1969;180;www.unicauca.edu.co;SI;5/04/2013;3218;6;"LA UNIVERSIDAD DEL CAUCA ES UNA INSTITUCIÖN DE EDUCACIÖN SUPERIOR, PÇBLICA, AUTÖNOMA, DEL ORDEN NACIONAL, CREADA EN LOS ORôGENES DE LA REPÇBLICA DE COLOMBIA. 

LA UNIVERSIDAD DEL CAUCA, FUNDADA EN SU TRADICIÖN Y LEGADO HISTÖRICO, ES UN PROYECTO CULTURAL QUE TIENE UN COMPROMISO VITAL Y PERMANENTE CON EL DESARROLLO SOCIAL, MEDIANTE LA EDUCACIÖN CRôTICA, RESPONSABLE Y CREATIVA.

LA UNIVERSIDAD FORMA PERSONAS CON INTEGRIDAD êTICA, PERTINENCIA E IDONEIDAD PROFESIONAL, DEMÖCRATAS COMPROMETIDAS CON EL BIENESTAR DE LA SOCIEDAD EN ARMONôA CON EL ENTORNO.

LA UNIVERSIDAD DEL CAUCA GENERA Y SOCIALIZA LA CIENCIA, LA TêCNICA, LA TECNOLOGôA, EL ARTE Y LA CULTURA EN LA DOCENCIA, LA INVESTIGACIÖN Y LA PROYECCIÖN SOCIAL.";JOSE LUIS;Diago Franco;RECTOR;NO INFORMA;0;4/04/2017;22/04/2017;21/04/2022;JOSE LUIS;Diago Franco;REPRESENTANTE LEGAL;NO INFORMA;21;4/04/2017;22/04/2017;21/04/2022;"CONVENIO,BOGOTA D.C,BOGOTA D.C.;CONVENIO,BOLIVAR,CARTAGENA;CONVENIO,CAQUETA,FLORENCIA;CONVENIO,HUILA,NEIVA;CONVENIO,ANTIOQUIA,MEDELLIN;CONVENIO,NARINIO,PASTO;CONVENIO,NARINIO,PASTO;CONVENIO,NARINIO,PASTO;CONVENIO,TOLIMA,IBAGUE;";CAUCA;POPAYAN
1213;UNIVERSIDAD DEL MAGDALENA - UNIMAGDALENA;ACTIVA;891.780.111-8;PRINCIPAL;DEPARTAMENTAL;OFICIAL;UNIVERSIDAD;MAGDALENA;SANTA MARTA;Carrera 32 22-08 Sector San Pedro Alejandrino;4301292;Asamblea Departamental del Magdalena.;ORDENANZA;5;27/10/1958;78;http://www.unimagdalena.edu.co;SI;22/08/2016;16891;4;"LA UNIVERSIDAD DEL MAGDALENA ES UN ENTE AUT˘NOMO DE CAR˘CTER ESTATAL, DEL ORDEN TERRITORIAL, DEDICADO AL SERVICIO P˘BLICO DE EDUCACI˘N SUPERIOR. SU PROP˘SITO FUNDAMENTAL ES FORMAR INTEGRALMENTE CIUDADANOS LIBRES DE ALTA CALIDAD PROFESIONAL, ETICA Y POL˘TICA QUE CONTRIBUYAN CON SU CONOCIMIENTO Y CAPACIDAD DE LIDERAZGO EN LOS PROCESOS DE CAMBIO Y MEJORAMIENTO DE LA CALIDAD DE VIDA, LOS DERECHOS CIVILES Y LOS DERECHOS HUMANOS DE LAS COMUNIDADES DE LOS DEPARTAMENTOS, LA REGI˘N Y EL PA˘S.
PARA  HACER POSIBLE EL CUMPLIMIENTIO DE SU MISI˘N LA UNIVERSIDAD DEL MAGDALENA TRABAJA PERMANENTEMENTE EN LA CONSTRUCCI˘N DE UNA COMUNIDAD ACAD˘MICA PARA LA CREACI˘N, DIFUSI˘N DEL CONOCIMIENTO CIENT˘FICO, T˘CNICO HUMAN˘STICO Y ART˘STICO, AS˘ COMO TAMBI˘N LA PROMOCI˘N DE LA UNIDAD NACIONAL, LA DEMOCRACIA, LA DESCENTRALIZACI˘N, LA INTEGRACION REGIONAL Y LA COOPERACI˘N INTERINSTITUCIONAL.
SU LABOR EDUCATIVA SE APOYA EN LA CIENCIA, LA T˘CNICA Y LAS HUMANIDADES IMPARTIDA A TRAV˘S DE LA DOCENCIA CALIFICADA Y DE LA ACTIVIDAD ACAD˘MICA INTERDISCIPLINARIA Y TRANSDICIPLINARIA, LA UNIVERSIDAD DEL MAGDALENA, EN DESARROLLO DE SU MISI˘N, SE PROPONE LA FORMACI˘N DE CIUDADANOS CONCIENTES, RESPONSABLES, CR˘TICOS, INVESTIGADORES, DOTADOS DE UNA CULTURA HUMAN˘STICA, CIENT˘FICA Y T˘CNICA, COMPROMETIDOS CON LOS PRINCIPIOS DEMOCR˘TICOS CAPACES DE COMPORTARSE ˘TICAMENTE EN LA SOCIEDAD, DE ENFRENTAR ACERTADAMENTE LAS DIFICULTADES QUE SE LES PUEDEN PRESENTAR EN EL DESARROLLO DE SUS REALACIONES SOCIALES, DE SEGUIRSE FORMANDO POR S˘ MISMOS Y DE ASUMIR LOS RETOS Y PROPUESTAS DE CAMBIO QUE DEMANDA LA DIN˘MICA SOCIAL.
MEDIANTE LA INVESTIGACI˘N Y LA PROYECCI˘N SOCIAL, LA UNIVERSIDAD DEL MAGDALENA SE VINCULA A LA SOLUCI˘N DE LOS PROBLEMAS ECON˘MICOS, AMBIENTALES, CULTURALES Y SOCIALES DE SU ENTORNO, CON MIRAS  A CONTRIBUIR ˘GIL Y EFICIENTEMENTE AL DESARROLLO ECON˘MICO SOSTENIBLE Y AL DESENVOLVIMIENTO CULTURAL Y SOCIAL DEL DEPARTAMENTO DEL MAGDALENA Y LA REGI˘N CARIBE.
LA UNIVERSIDAD DEL MAGDALENA FOMENTA ENTRE LOS";Pablo Hernˇn;Vera Salazar;RECTOR SUPLENTE;ACUERDO C.S.;5;28/09/2016;26/11/2016;25/11/2020;PABLO HERNAN;VERA SALAZAR;REPRESENTANTE LEGAL;ACUERDO C.S.;23;4/08/2017;26/11/2016;26/11/2020;"CENTROS TUTORIALES,BOLIVAR,MAGANGUE;CENTROS TUTORIALES,BOLIVAR,MAGANGUE;CENTROS TUTORIALES,CESAR,AGUACHICA;CENTROS TUTORIALES,CESAR,PELAYA;CENTROS TUTORIALES,CORDOBA,PLANETA RICA;CENTROS TUTORIALES,MAGDALENA,FUNDACION;";MAGDALENA;SANTA MARTA
1213;UNIVERSIDAD DEL MAGDALENA - UNIMAGDALENA;ACTIVA;891.780.111-8;PRINCIPAL;DEPARTAMENTAL;OFICIAL;UNIVERSIDAD;MAGDALENA;SANTA MARTA;Carrera 32 22-08 Sector San Pedro Alejandrino;4301292;Asamblea Departamental del Magdalena.;ORDENANZA;5;27/10/1958;78;http://www.unimagdalena.edu.co;SI;22/08/2016;16891;4;"LA UNIVERSIDAD DEL MAGDALENA ES UN ENTE AUT˘NOMO DE CAR˘CTER ESTATAL, DEL ORDEN TERRITORIAL, DEDICADO AL SERVICIO P˘BLICO DE EDUCACI˘N SUPERIOR. SU PROP˘SITO FUNDAMENTAL ES FORMAR INTEGRALMENTE CIUDADANOS LIBRES DE ALTA CALIDAD PROFESIONAL, ETICA Y POL˘TICA QUE CONTRIBUYAN CON SU CONOCIMIENTO Y CAPACIDAD DE LIDERAZGO EN LOS PROCESOS DE CAMBIO Y MEJORAMIENTO DE LA CALIDAD DE VIDA, LOS DERECHOS CIVILES Y LOS DERECHOS HUMANOS DE LAS COMUNIDADES DE LOS DEPARTAMENTOS, LA REGI˘N Y EL PA˘S.
PARA  HACER POSIBLE EL CUMPLIMIENTIO DE SU MISI˘N LA UNIVERSIDAD DEL MAGDALENA TRABAJA PERMANENTEMENTE EN LA CONSTRUCCI˘N DE UNA COMUNIDAD ACAD˘MICA PARA LA CREACI˘N, DIFUSI˘N DEL CONOCIMIENTO CIENT˘FICO, T˘CNICO HUMAN˘STICO Y ART˘STICO, AS˘ COMO TAMBI˘N LA PROMOCI˘N DE LA UNIDAD NACIONAL, LA DEMOCRACIA, LA DESCENTRALIZACI˘N, LA INTEGRACION REGIONAL Y LA COOPERACI˘N INTERINSTITUCIONAL.
SU LABOR EDUCATIVA SE APOYA EN LA CIENCIA, LA T˘CNICA Y LAS HUMANIDADES IMPARTIDA A TRAV˘S DE LA DOCENCIA CALIFICADA Y DE LA ACTIVIDAD ACAD˘MICA INTERDISCIPLINARIA Y TRANSDICIPLINARIA, LA UNIVERSIDAD DEL MAGDALENA, EN DESARROLLO DE SU MISI˘N, SE PROPONE LA FORMACI˘N DE CIUDADANOS CONCIENTES, RESPONSABLES, CR˘TICOS, INVESTIGADORES, DOTADOS DE UNA CULTURA HUMAN˘STICA, CIENT˘FICA Y T˘CNICA, COMPROMETIDOS CON LOS PRINCIPIOS DEMOCR˘TICOS CAPACES DE COMPORTARSE ˘TICAMENTE EN LA SOCIEDAD, DE ENFRENTAR ACERTADAMENTE LAS DIFICULTADES QUE SE LES PUEDEN PRESENTAR EN EL DESARROLLO DE SUS REALACIONES SOCIALES, DE SEGUIRSE FORMANDO POR S˘ MISMOS Y DE ASUMIR LOS RETOS Y PROPUESTAS DE CAMBIO QUE DEMANDA LA DIN˘MICA SOCIAL.
MEDIANTE LA INVESTIGACI˘N Y LA PROYECCI˘N SOCIAL, LA UNIVERSIDAD DEL MAGDALENA SE VINCULA A LA SOLUCI˘N DE LOS PROBLEMAS ECON˘MICOS, AMBIENTALES, CULTURALES Y SOCIALES DE SU ENTORNO, CON MIRAS  A CONTRIBUIR ˘GIL Y EFICIENTEMENTE AL DESARROLLO ECON˘MICO SOSTENIBLE Y AL DESENVOLVIMIENTO CULTURAL Y SOCIAL DEL DEPARTAMENTO DEL MAGDALENA Y LA REGI˘N CARIBE.
LA UNIVERSIDAD DEL MAGDALENA FOMENTA ENTRE LOS";PABLO HERNAN;VERA SALAZAR;RECTOR;ACUERDO C.S.;5;4/08/2017;26/11/2016;25/11/2020;PABLO HERNAN;VERA SALAZAR;REPRESENTANTE LEGAL;ACUERDO C.S.;23;4/08/2017;26/11/2016;26/11/2020;"CENTROS TUTORIALES,BOLIVAR,MAGANGUE;CENTROS TUTORIALES,BOLIVAR,MAGANGUE;CENTROS TUTORIALES,CESAR,AGUACHICA;CENTROS TUTORIALES,CESAR,PELAYA;CENTROS TUTORIALES,CORDOBA,PLANETA RICA;CENTROS TUTORIALES,MAGDALENA,FUNDACION;";MAGDALENA;SANTA MARTA
1713;UNIVERSIDAD DEL NORTE;ACTIVA;890.101.681;PRINCIPAL;FUNDACION;PRIVADA;UNIVERSIDAD;ATLANTICO;BARRANQUILLA;Kilometro 5 Via  Pto. Colombia;3509388;Gobernaci˘n Departamento del Atl˘ntico;NO INFORMA;149;14/02/1966;181;www.uninorte.edu.co;SI;5/06/2018;8870;8;MISION;Elkin Jos?;Hernˇndez Cuello;SEGUNDO SUPLENTE DEL RECTOR;ACTA C.D.;149;30/11/2015;1/02/2016;;Elkin Jos?;Hernˇndez Cuello;SEGUNDO REPRESENTANTE LEGAL SUPLENTE;ACTA C.D.;618;30/11/2015;1/02/2016;;"CONVENIO,BOLIVAR,CARTAGENA;CONVENIO,BOLIVAR,CARTAGENA;CONVENIO,BOLIVAR,CARTAGENA;CONVENIO,BOLIVAR,CARTAGENA;CONVENIO,BOLIVAR,CARTAGENA;CONVENIO,CESAR,VALLEDUPAR;CONVENIO,CESAR,VALLEDUPAR;CONVENIO,CESAR,VALLEDUPAR;CONVENIO,SUCRE,SINCELEJO;CONVENIO,SUCRE,SINCELEJO;CONVENIO,SUCRE,SINCELEJO;";ATLANTICO;BARRANQUILLA
1713;UNIVERSIDAD DEL NORTE;ACTIVA;890.101.681;PRINCIPAL;FUNDACION;PRIVADA;UNIVERSIDAD;ATLANTICO;BARRANQUILLA;Kilometro 5 Via  Pto. Colombia;3509388;Gobernaci˘n Departamento del Atl˘ntico;NO INFORMA;149;14/02/1966;181;www.uninorte.edu.co;SI;5/06/2018;8870;8;MISION;JESUS;FERRO BAYONA;RECTOR;RESOLUCION;149;13/04/1982;16/04/1982;;JESUS;FERRO BAYONA;REPRESENTANTE LEGAL;RESOLUCION;356;13/04/1982;16/04/1982;;"CONVENIO,BOLIVAR,CARTAGENA;CONVENIO,BOLIVAR,CARTAGENA;CONVENIO,BOLIVAR,CARTAGENA;CONVENIO,BOLIVAR,CARTAGENA;CONVENIO,BOLIVAR,CARTAGENA;CONVENIO,CESAR,VALLEDUPAR;CONVENIO,CESAR,VALLEDUPAR;CONVENIO,CESAR,VALLEDUPAR;CONVENIO,SUCRE,SINCELEJO;CONVENIO,SUCRE,SINCELEJO;CONVENIO,SUCRE,SINCELEJO;";ATLANTICO;BARRANQUILLA
1713;UNIVERSIDAD DEL NORTE;ACTIVA;890.101.681;PRINCIPAL;FUNDACION;PRIVADA;UNIVERSIDAD;ATLANTICO;BARRANQUILLA;Kilometro 5 Via  Pto. Colombia;3509388;Gobernaci˘n Departamento del Atl˘ntico;NO INFORMA;149;14/02/1966;181;www.uninorte.edu.co;SI;5/06/2018;8870;8;MISION;JESUS;FERRO BAYONA;RECTOR;RESOLUCION;149;13/04/1982;16/04/1982;;Elkin Jos?;Hernˇndez Cuello;SEGUNDO REPRESENTANTE LEGAL SUPLENTE;ACTA C.D.;618;30/11/2015;1/02/2016;;"CONVENIO,BOLIVAR,CARTAGENA;CONVENIO,BOLIVAR,CARTAGENA;CONVENIO,BOLIVAR,CARTAGENA;CONVENIO,BOLIVAR,CARTAGENA;CONVENIO,BOLIVAR,CARTAGENA;CONVENIO,CESAR,VALLEDUPAR;CONVENIO,CESAR,VALLEDUPAR;CONVENIO,CESAR,VALLEDUPAR;CONVENIO,SUCRE,SINCELEJO;CONVENIO,SUCRE,SINCELEJO;CONVENIO,SUCRE,SINCELEJO;";ATLANTICO;BARRANQUILLA
1713;UNIVERSIDAD DEL NORTE;ACTIVA;890.101.681;PRINCIPAL;FUNDACION;PRIVADA;UNIVERSIDAD;ATLANTICO;BARRANQUILLA;Kilometro 5 Via  Pto. Colombia;3509388;Gobernaci˘n Departamento del Atl˘ntico;NO INFORMA;149;14/02/1966;181;www.uninorte.edu.co;SI;5/06/2018;8870;8;MISION;Elkin Jos?;Hernˇndez Cuello;SEGUNDO SUPLENTE DEL RECTOR;ACTA C.D.;149;30/11/2015;1/02/2016;;JESUS;FERRO BAYONA;REPRESENTANTE LEGAL;RESOLUCION;356;13/04/1982;16/04/1982;;"CONVENIO,BOLIVAR,CARTAGENA;CONVENIO,BOLIVAR,CARTAGENA;CONVENIO,BOLIVAR,CARTAGENA;CONVENIO,BOLIVAR,CARTAGENA;CONVENIO,BOLIVAR,CARTAGENA;CONVENIO,CESAR,VALLEDUPAR;CONVENIO,CESAR,VALLEDUPAR;CONVENIO,CESAR,VALLEDUPAR;CONVENIO,SUCRE,SINCELEJO;CONVENIO,SUCRE,SINCELEJO;CONVENIO,SUCRE,SINCELEJO;";ATLANTICO;BARRANQUILLA
1122;UNIVERSIDAD DEL PACIFICO;ACTIVA;835.000.300-4;PRINCIPAL;NACIONAL;OFICIAL;UNIVERSIDAD;VALLE DEL CAUCA;BUENAVENTURA;Avenida SimΩn Bolivar  54A-10;2449675;Congreso de la Republica.;LEY;65;14/12/1988;9;www.unipacifico.edu.co;NO;;;;"GENERAR, COMPARTIR Y TRANSMITIR EL CONOCIMIENTO; OFRECER CON CALIDAD EL SERVICIO PUBLICO DE LA EDUCACION SUPERIOR; FORMAR CIUDADANOS ETICOS, RESPONSABLES, COMPROMETIDOS CON SU COMUNIDAD, CON EL DESARROLLO SOSTENIBLE Y CON EL RECONOCIMIENTO DE SU IDENTIDAD CULTURAL Y DE LOS VALORES HUMANOS; MANTENER ALIANZAS CON ENTIDADES NACIONALES E INTERNACIONALES, Y CONTRIBUIR AL DESARROLLO DE LA REGION PACIFICO Y DE LA NACION COLOMBIANA.";VICTOR HUGO;MORENO MORENO;RECTOR SUPLENTE;RESOLUCION C.S.;65;22/10/2016;22/10/2016;;JOSE FELIX;RIASCOS BENAVIDES;REPRESENTANTE LEGAL (E);RESOLUCION;3;13/04/2015;19/03/2015;;;VALLE DEL CAUCA;BUENAVENTURA
1122;UNIVERSIDAD DEL PACIFICO;ACTIVA;835.000.300-4;PRINCIPAL;NACIONAL;OFICIAL;UNIVERSIDAD;VALLE DEL CAUCA;BUENAVENTURA;Avenida SimΩn Bolivar  54A-10;2449675;Congreso de la Republica.;LEY;65;14/12/1988;9;www.unipacifico.edu.co;NO;;;;"GENERAR, COMPARTIR Y TRANSMITIR EL CONOCIMIENTO; OFRECER CON CALIDAD EL SERVICIO PUBLICO DE LA EDUCACION SUPERIOR; FORMAR CIUDADANOS ETICOS, RESPONSABLES, COMPROMETIDOS CON SU COMUNIDAD, CON EL DESARROLLO SOSTENIBLE Y CON EL RECONOCIMIENTO DE SU IDENTIDAD CULTURAL Y DE LOS VALORES HUMANOS; MANTENER ALIANZAS CON ENTIDADES NACIONALES E INTERNACIONALES, Y CONTRIBUIR AL DESARROLLO DE LA REGION PACIFICO Y DE LA NACION COLOMBIANA.";Felix;Suarez Reyes;RECTOR;RESOLUCION C.S.;65;24/04/2017;2/05/2017;7/11/2019;Felix;Suarez Reyes;REPRESENTANTE LEGAL;RESOLUCION C.S.;1;24/04/2017;2/05/2017;7/11/2019;;VALLE DEL CAUCA;BUENAVENTURA
1122;UNIVERSIDAD DEL PACIFICO;ACTIVA;835.000.300-4;PRINCIPAL;NACIONAL;OFICIAL;UNIVERSIDAD;VALLE DEL CAUCA;BUENAVENTURA;Avenida SimΩn Bolivar  54A-10;2449675;Congreso de la Republica.;LEY;65;14/12/1988;9;www.unipacifico.edu.co;NO;;;;"GENERAR, COMPARTIR Y TRANSMITIR EL CONOCIMIENTO; OFRECER CON CALIDAD EL SERVICIO PUBLICO DE LA EDUCACION SUPERIOR; FORMAR CIUDADANOS ETICOS, RESPONSABLES, COMPROMETIDOS CON SU COMUNIDAD, CON EL DESARROLLO SOSTENIBLE Y CON EL RECONOCIMIENTO DE SU IDENTIDAD CULTURAL Y DE LOS VALORES HUMANOS; MANTENER ALIANZAS CON ENTIDADES NACIONALES E INTERNACIONALES, Y CONTRIBUIR AL DESARROLLO DE LA REGION PACIFICO Y DE LA NACION COLOMBIANA.";Felix;Suarez Reyes;RECTOR;RESOLUCION C.S.;65;24/04/2017;2/05/2017;7/11/2019;JOSE FELIX;RIASCOS BENAVIDES;REPRESENTANTE LEGAL (E);RESOLUCION;3;13/04/2015;19/03/2015;;;VALLE DEL CAUCA;BUENAVENTURA
1122;UNIVERSIDAD DEL PACIFICO;ACTIVA;835.000.300-4;PRINCIPAL;NACIONAL;OFICIAL;UNIVERSIDAD;VALLE DEL CAUCA;BUENAVENTURA;Avenida SimΩn Bolivar  54A-10;2449675;Congreso de la Republica.;LEY;65;14/12/1988;9;www.unipacifico.edu.co;NO;;;;"GENERAR, COMPARTIR Y TRANSMITIR EL CONOCIMIENTO; OFRECER CON CALIDAD EL SERVICIO PUBLICO DE LA EDUCACION SUPERIOR; FORMAR CIUDADANOS ETICOS, RESPONSABLES, COMPROMETIDOS CON SU COMUNIDAD, CON EL DESARROLLO SOSTENIBLE Y CON EL RECONOCIMIENTO DE SU IDENTIDAD CULTURAL Y DE LOS VALORES HUMANOS; MANTENER ALIANZAS CON ENTIDADES NACIONALES E INTERNACIONALES, Y CONTRIBUIR AL DESARROLLO DE LA REGION PACIFICO Y DE LA NACION COLOMBIANA.";VICTOR HUGO;MORENO MORENO;RECTOR(E);RESOLUCION C.S.;65;22/10/2016;22/10/2016;;Felix;Suarez Reyes;REPRESENTANTE LEGAL;RESOLUCION C.S.;1;24/04/2017;2/05/2017;7/11/2019;;VALLE DEL CAUCA;BUENAVENTURA
1122;UNIVERSIDAD DEL PACIFICO;ACTIVA;835.000.300-4;PRINCIPAL;NACIONAL;OFICIAL;UNIVERSIDAD;VALLE DEL CAUCA;BUENAVENTURA;Avenida SimΩn Bolivar  54A-10;2449675;Congreso de la Republica.;LEY;65;14/12/1988;9;www.unipacifico.edu.co;NO;;;;"GENERAR, COMPARTIR Y TRANSMITIR EL CONOCIMIENTO; OFRECER CON CALIDAD EL SERVICIO PUBLICO DE LA EDUCACION SUPERIOR; FORMAR CIUDADANOS ETICOS, RESPONSABLES, COMPROMETIDOS CON SU COMUNIDAD, CON EL DESARROLLO SOSTENIBLE Y CON EL RECONOCIMIENTO DE SU IDENTIDAD CULTURAL Y DE LOS VALORES HUMANOS; MANTENER ALIANZAS CON ENTIDADES NACIONALES E INTERNACIONALES, Y CONTRIBUIR AL DESARROLLO DE LA REGION PACIFICO Y DE LA NACION COLOMBIANA.";VICTOR HUGO;MORENO MORENO;RECTOR(E);RESOLUCION C.S.;65;22/10/2016;22/10/2016;;JOSE FELIX;RIASCOS BENAVIDES;REPRESENTANTE LEGAL (E);RESOLUCION;3;13/04/2015;19/03/2015;;;VALLE DEL CAUCA;BUENAVENTURA
1122;UNIVERSIDAD DEL PACIFICO;ACTIVA;835.000.300-4;PRINCIPAL;NACIONAL;OFICIAL;UNIVERSIDAD;VALLE DEL CAUCA;BUENAVENTURA;Avenida SimΩn Bolivar  54A-10;2449675;Congreso de la Republica.;LEY;65;14/12/1988;9;www.unipacifico.edu.co;NO;;;;"GENERAR, COMPARTIR Y TRANSMITIR EL CONOCIMIENTO; OFRECER CON CALIDAD EL SERVICIO PUBLICO DE LA EDUCACION SUPERIOR; FORMAR CIUDADANOS ETICOS, RESPONSABLES, COMPROMETIDOS CON SU COMUNIDAD, CON EL DESARROLLO SOSTENIBLE Y CON EL RECONOCIMIENTO DE SU IDENTIDAD CULTURAL Y DE LOS VALORES HUMANOS; MANTENER ALIANZAS CON ENTIDADES NACIONALES E INTERNACIONALES, Y CONTRIBUIR AL DESARROLLO DE LA REGION PACIFICO Y DE LA NACION COLOMBIANA.";VICTOR HUGO;MORENO MORENO;RECTOR SUPLENTE;RESOLUCION C.S.;65;22/10/2016;22/10/2016;;Felix;Suarez Reyes;REPRESENTANTE LEGAL;RESOLUCION C.S.;1;24/04/2017;2/05/2017;7/11/2019;;VALLE DEL CAUCA;BUENAVENTURA
1208;UNIVERSIDAD DEL QUINDIO;ACTIVA;890.000.432-8;PRINCIPAL;DEPARTAMENTAL;OFICIAL;UNIVERSIDAD;QUINDIO;ARMENIA;Carrera 15 Calle 12 Norte;7460103;Concejo Municipal de Armenia.;ACUERDO;23;14/10/1960;44;www.uniquindio.edu.co;SI;7/03/2018;3902;4;"LA UNIVERSIDAD DEL QUINDôO COMO INSTITUCIÖN DE CARÊCTER PÇBLICO TRABAJA EN LA FORMACIÖN DE PROFESIONALES CON SENTIDO HUMANO, CREATIVO E INVESTIGATIVO: BAJO LOS PRINCIPIOS Y VALORES DE LA AUTONOMôA, LA êTICA, EL RESPETO POR LOS DEMÊS, EL SENTIDO DE PERTENECIA Y EL EJERCICIO DE LA DEMOCRACIA: COMPROMETIDOS CON EL DESARROLLO CULTURAL, CIENTôFICO Y TECNOLÖGICO DE LA REGIÖN Y DEL PAôS; CAPACITADOS PARA EJERCER SU PROFESIÖN  CON CALIDAD, RESPONSABILIDAD Y COMPETITIVIDAD, PARA CONTRIBUIR A LA CONSTRUCCIÖN Y MANTENIMIENTO DE UNA SOCIEDAD PACôFICA, JUSTA, SOLIDARIA E INTELIGENTE.";JOSE FERNANDO;ECHEVERRY MURILLO;RECTOR;RESOLUCION;23;29/04/2015;1/05/2015;30/04/2019;JOSE FERNANDO;ECHEVERRY MURILLO;REPRESENTANTE LEGAL;RESOLUCION;4;29/04/2015;1/05/2015;30/04/2019;"CERES,QUINDIO,QUIMBAYA;CENTROS TUTORIALES,CALDAS,MANIZALES;CENTROS TUTORIALES,CALDAS,MANIZALES;CENTROS TUTORIALES,CALDAS,MANIZALES;CENTROS TUTORIALES,CALDAS,MANIZALES;CENTROS TUTORIALES,CALDAS,MANIZALES;CENTROS TUTORIALES,CALDAS,MANIZALES;CENTROS TUTORIALES,CALDAS,MANIZALES;CENTROS TUTORIALES,CALDAS,MANIZALES;CENTROS TUTORIALES,CALDAS,MANIZALES;CENTROS TUTORIALES,CALDAS,MANIZALES;CENTROS TUTORIALES,ANTIOQUIA,LA CEJA;CENTROS TUTORIALES,RISARALDA,PEREIRA;CENTROS TUTORIALES,RISARALDA,PEREIRA;CENTROS TUTORIALES,RISARALDA,PEREIRA;CENTROS TUTORIALES,RISARALDA,PEREIRA;CENTROS TUTORIALES,RISARALDA,PEREIRA;CENTROS TUTORIALES,RISARALDA,PEREIRA;CENTROS TUTORIALES,RISARALDA,PEREIRA;CENTROS TUTORIALES,RISARALDA,PEREIRA;CENTROS TUTORIALES,RISARALDA,PEREIRA;CENTROS TUTORIALES,RISARALDA,PEREIRA;CENTROS TUTORIALES,VALLE DEL CAUCA,CALI;CENTROS TUTORIALES,VALLE DEL CAUCA,CALI;CENTROS TUTORIALES,VALLE DEL CAUCA,CALI;CENTROS TUTORIALES,VALLE DEL CAUCA,CALI;CENTROS TUTORIALES,VALLE DEL CAUCA,CALI;CENTROS TUTORIALES,VALLE DEL CAUCA,CALI;CENTROS TUTORIALES,VALLE DEL CAUCA,CALI;CENTROS TUTORIALES,VALLE DEL CAUCA,CALI;CENTROS TUTORIALES,VALLE DEL CAUCA,CALI;CENTROS TUTORIALES,VALLE DEL CAUCA,CALI;CENTROS TUTORIALES,VALLE DEL CAUCA,BUENAVENTURA;CENTROS TUTORIALES,VALLE DEL CAUCA,BUENAVENTURA;CENTROS TUTORIALES,VALLE DEL CAUCA,BUENAVENTURA;CENTROS TUTORIALES,VALLE DEL CAUCA,BUENAVENTURA;CENTROS TUTORIALES,VALLE DEL CAUCA,BUENAVENTURA;CENTROS TUTORIALES,VALLE DEL CAUCA,BUENAVENTURA;CENTROS TUTORIALES,VALLE DEL CAUCA,BUENAVENTURA;CENTROS TUTORIALES,VALLE DEL CAUCA,GUADALAJARA DE BUGA ;CENTROS TUTORIALES,VALLE DEL CAUCA,GUADALAJARA DE BUGA ;CENTROS TUTORIALES,VALLE DEL CAUCA,GUADALAJARA DE BUGA ;CENTROS TUTORIALES,VALLE DEL CAUCA,GUADALAJARA DE BUGA ;CENTROS TUTORIALES,VALLE DEL CAUCA,GUADALAJARA DE BUGA ;CENTROS TUTORIALES,VALLE DEL CAUCA,GUADALAJARA DE BUGA ;CENTROS TUTORIALES,VALLE DEL CAUCA,GUADALAJARA DE BUGA ;CENTROS TUTORIALES,VALLE DEL CAUCA,CANDELARIA;CENTROS TUTORIALES,VALLE DEL CAUCA,CANDELARIA;CENTROS TUTORIALES,VALLE DEL CAUCA,CANDELARIA;CENTROS TUTORIALES,VALLE DEL CAUCA,CANDELARIA;CENTROS TUTORIALES,VALLE DEL CAUCA,CARTAGO;CENTROS TUTORIALES,VALLE DEL CAUCA,CARTAGO;CENTROS TUTORIALES,VALLE DEL CAUCA,CARTAGO;";QUINDIO;ARMENIA
1833;UNIVERSIDAD DEL SINU - ELIAS BECHARA ZAINUM - UNISINU -;ACTIVA;891.000.692-1;PRINCIPAL;CORPORACION;PRIVADA;UNIVERSIDAD;CORDOBA;MONTERIA;Carrera 1W Calle 38 Barrio Juan XXIII;7840340;MINISTERIO DE EDUCACION NACIONAL.;RESOLUCION;12154;27/10/1977;44;www.unisinu.edu.co;NO;;;;LA CORPORACION UNIVERSITARIA DEL SINU BUSCA LA FORMACION INTEGRAL DEL SER HUMANO, Y LA CONSERVACION, TRANSMISION Y DESARROLLO DE LA CIENCIA Y DE LA CULTURA, TRASCENDIENDO DE LO  PURAMENTE  INFORMATIVO Y TêCNICO, EN BUSCA DE LA REALIDAD Y EL  EQUILIBRIO DE LA PERSONA  PROCURANDO LA INSTAURACION Y MANTENIMIENTO DE UNA SOCIEDAD MAS CULTA Y MAS JUSTA.;ADRIANA;SUAREZ ARGUELLO;RECTOR;ACTA;12154;28/05/2009;4/06/2009;;ILSE;Bechara Castilla;REPRESENTANTE LEGAL;ACTA;28;5/02/2018;30/03/2018;29/03/2020;"CERES,CORDOBA,SAN ANDRES DE SOTAVENTO;CERES,CORDOBA,TIERRALTA;CERES,CORDOBA,VALENCIA;";CORDOBA;MONTERIA
1834;UNIVERSIDAD DEL SINU - ELIAS BECHARA ZAINUM - UNISINU -;ACTIVA;891.000.692-1;SECCIONAL;CORPORACION;PRIVADA;UNIVERSIDAD;BOLIVAR;CARTAGENA;Calle 30 No. 20 -71;6562403;MINISTERIO DE EDUCACION NACIONAL.;RESOLUCION;12154;27/10/1977;34;www.unisinucartagena.edu.co;NO;;;;;ROLANDO;BECHARA CASTILLA;RECTOR;ACTA;12154;9/02/2001;9/02/2001;;ILSE MORAIMA;Bechara Castilla;REPRESENTANTE LEGAL;ACTA;28;5/02/2018;30/03/2018;29/03/2020;;BOLIVAR;CARTAGENA
1207;UNIVERSIDAD DEL TOLIMA;ACTIVA;890.700.640;PRINCIPAL;DEPARTAMENTAL;OFICIAL;UNIVERSIDAD;TOLIMA;IBAGUE;Barrio Santa Elena;2644219;Asamblea Departamental del Tolima;ORDENANZA;5;21/05/1945;97;www.ut.edu.co;NO;;;;LA UNIVERSIDAD DEL TOLIMA TIENE COMO MISION CONTRIBUIR AL DESARROLLO DE LA SOCIEDAD POR MEDIO DE LA GENERACION Y DIFUSION DEL CONOCIMIENTO Y LA CULTURA EN UN MARCO DE LIBERTAD DE PENSAMIENTO Y FORMACION INTEGRAL Y ETICA DEL INDIVIDUO COMO CIUDADANO, QUE APORTA AL CRECIMIENTO Y DEFENSA DEL PATRIMONIO CULTURAL DE LA NACION.;OMAR ALBEIRO;Mej˘a Pati˘o;RECTOR;ACUERDO C.S.;5;13/06/2018;12/09/2018;11/09/2022;OMAR ALBEIRO;Mej˘a Pati˘o;REPRESENTANTE LEGAL;ACUERDO C.S.;22;13/06/2018;12/09/2018;11/09/2022;"CENTROS TUTORIALES,BOGOTA D.C,BOGOTA D.C.;CENTROS TUTORIALES,BOGOTA D.C,BOGOTA D.C.;CENTROS TUTORIALES,BOGOTA D.C,BOGOTA D.C.;CENTROS TUTORIALES,CAUCA,POPAYAN;CENTROS TUTORIALES,CUNDINAMARCA,SIBATE;CENTROS TUTORIALES,CUNDINAMARCA,SIBATE;CENTROS TUTORIALES,HUILA,NEIVA;CENTROS TUTORIALES,HUILA,NEIVA;CENTROS TUTORIALES,ANTIOQUIA,MEDELLIN;CENTROS TUTORIALES,TOLIMA,CHAPARRAL;CENTROS TUTORIALES,TOLIMA,HONDA;CENTROS TUTORIALES,TOLIMA,MELGAR;CENTROS TUTORIALES,PUTUMAYO,MOCOA;";TOLIMA;IBAGUE
1203;UNIVERSIDAD DEL VALLE;ACTIVA;8903990106;PRINCIPAL;DEPARTAMENTAL;OFICIAL;UNIVERSIDAD;VALLE DEL CAUCA;CALI;Ciudad Universitaria Melendez, Calle 13 100-00;3212100;Asamblea Departamental del Valle;ORDENANZA;12;11/06/1945;280;www.univalle.edu.co;SI;27/01/2014;1052;10;* *;LUIS CARLOS;CASTILLO GOMEZ;RECTOR(E);RESOLUCION C.S.;12;30/10/2015;1/11/2015;;LUIS CARLOS;CASTILLO GOMEZ;REPRESENTANTE LEGAL (E);RESOLUCION C.S.;87;30/10/2015;1/11/2015;;"CONVENIO,CAUCA,POPAYAN;CONVENIO,NARINIO,PASTO;CONVENIO,NARINIO,PASTO;CONVENIO,RISARALDA,PEREIRA;CENTROS TUTORIALES,BOGOTA D.C,BOGOTA D.C.;CENTROS TUTORIALES,MAGDALENA,SANTA MARTA;CENTROS TUTORIALES,META,VILLAVICENCIO;CENTROS TUTORIALES,TOLIMA,IBAGUE;CENTROS TUTORIALES,VALLE DEL CAUCA,CALI;CENTROS TUTORIALES,ATLANTICO,BARRANQUILLA;";VALLE DEL CAUCA;CALI
1203;UNIVERSIDAD DEL VALLE;ACTIVA;8903990106;PRINCIPAL;DEPARTAMENTAL;OFICIAL;UNIVERSIDAD;VALLE DEL CAUCA;CALI;Ciudad Universitaria Melendez, Calle 13 100-00;3212100;Asamblea Departamental del Valle;ORDENANZA;12;11/06/1945;280;www.univalle.edu.co;SI;27/01/2014;1052;10;* *;EDGAR;VARELA BARRIOS;RECTOR;RESOLUCION C.S.;12;20/11/2015;20/11/2015;19/11/2019;EDGAR;VARELA BARRIOS;REPRESENTANTE LEGAL;RESOLUCION C.S.;91;20/11/2015;20/11/2015;19/11/2019;"CONVENIO,CAUCA,POPAYAN;CONVENIO,NARINIO,PASTO;CONVENIO,NARINIO,PASTO;CONVENIO,RISARALDA,PEREIRA;CENTROS TUTORIALES,BOGOTA D.C,BOGOTA D.C.;CENTROS TUTORIALES,MAGDALENA,SANTA MARTA;CENTROS TUTORIALES,META,VILLAVICENCIO;CENTROS TUTORIALES,TOLIMA,IBAGUE;CENTROS TUTORIALES,VALLE DEL CAUCA,CALI;CENTROS TUTORIALES,ATLANTICO,BARRANQUILLA;";VALLE DEL CAUCA;CALI
1203;UNIVERSIDAD DEL VALLE;ACTIVA;8903990106;PRINCIPAL;DEPARTAMENTAL;OFICIAL;UNIVERSIDAD;VALLE DEL CAUCA;CALI;Ciudad Universitaria Melendez, Calle 13 100-00;3212100;Asamblea Departamental del Valle;ORDENANZA;12;11/06/1945;280;www.univalle.edu.co;SI;27/01/2014;1052;10;* *;EDGAR;VARELA BARRIOS;RECTOR;RESOLUCION C.S.;12;20/11/2015;20/11/2015;19/11/2019;LUIS CARLOS;CASTILLO GOMEZ;REPRESENTANTE LEGAL (E);RESOLUCION C.S.;87;30/10/2015;1/11/2015;;"CONVENIO,CAUCA,POPAYAN;CONVENIO,NARINIO,PASTO;CONVENIO,NARINIO,PASTO;CONVENIO,RISARALDA,PEREIRA;CENTROS TUTORIALES,BOGOTA D.C,BOGOTA D.C.;CENTROS TUTORIALES,MAGDALENA,SANTA MARTA;CENTROS TUTORIALES,META,VILLAVICENCIO;CENTROS TUTORIALES,TOLIMA,IBAGUE;CENTROS TUTORIALES,VALLE DEL CAUCA,CALI;CENTROS TUTORIALES,ATLANTICO,BARRANQUILLA;";VALLE DEL CAUCA;CALI
1203;UNIVERSIDAD DEL VALLE;ACTIVA;8903990106;PRINCIPAL;DEPARTAMENTAL;OFICIAL;UNIVERSIDAD;VALLE DEL CAUCA;CALI;Ciudad Universitaria Melendez, Calle 13 100-00;3212100;Asamblea Departamental del Valle;ORDENANZA;12;11/06/1945;280;www.univalle.edu.co;SI;27/01/2014;1052;10;* *;LUIS CARLOS;CASTILLO GOMEZ;RECTOR(E);RESOLUCION C.S.;12;30/10/2015;1/11/2015;;EDGAR;VARELA BARRIOS;REPRESENTANTE LEGAL;RESOLUCION C.S.;91;20/11/2015;20/11/2015;19/11/2019;"CONVENIO,CAUCA,POPAYAN;CONVENIO,NARINIO,PASTO;CONVENIO,NARINIO,PASTO;CONVENIO,RISARALDA,PEREIRA;CENTROS TUTORIALES,BOGOTA D.C,BOGOTA D.C.;CENTROS TUTORIALES,MAGDALENA,SANTA MARTA;CENTROS TUTORIALES,META,VILLAVICENCIO;CENTROS TUTORIALES,TOLIMA,IBAGUE;CENTROS TUTORIALES,VALLE DEL CAUCA,CALI;CENTROS TUTORIALES,ATLANTICO,BARRANQUILLA;";VALLE DEL CAUCA;CALI
9908;UNIVERSIDAD DEL VALLE;ACTIVA;890.399.010-6;SECCIONAL;DEPARTAMENTAL;OFICIAL;UNIVERSIDAD;VALLE DEL CAUCA;GUADALAJARA DE BUGA ;Carrera 13 5-21;2370000;Asamblea Departamental del Valle;ORDENANZA;12;11/06/1945;0;HTTP://BUGA.UNIVALLE.EDU.CO;NO;;;;;LUIS CARLOS;CASTILLO GOMEZ;RECTOR(E);RESOLUCION C.S.;12;30/10/2015;1/11/2015;;LUIS CARLOS;CASTILLO GOMEZ;REPRESENTANTE LEGAL (E);RESOLUCION C.S.;87;30/10/2015;1/11/2015;;;VALLE DEL CAUCA;GUADALAJARA DE BUGA 
9908;UNIVERSIDAD DEL VALLE;ACTIVA;890.399.010-6;SECCIONAL;DEPARTAMENTAL;OFICIAL;UNIVERSIDAD;VALLE DEL CAUCA;GUADALAJARA DE BUGA ;Carrera 13 5-21;2370000;Asamblea Departamental del Valle;ORDENANZA;12;11/06/1945;0;HTTP://BUGA.UNIVALLE.EDU.CO;NO;;;;;EDGAR;VARELA BARRIOS;RECTOR;RESOLUCION C.S.;12;20/11/2015;20/11/2015;19/11/2019;EDGAR;VARELA BARRIOS;REPRESENTANTE LEGAL;RESOLUCION C.S.;91;20/11/2015;20/11/2015;19/11/2019;;VALLE DEL CAUCA;GUADALAJARA DE BUGA 
9908;UNIVERSIDAD DEL VALLE;ACTIVA;890.399.010-6;SECCIONAL;DEPARTAMENTAL;OFICIAL;UNIVERSIDAD;VALLE DEL CAUCA;GUADALAJARA DE BUGA ;Carrera 13 5-21;2370000;Asamblea Departamental del Valle;ORDENANZA;12;11/06/1945;0;HTTP://BUGA.UNIVALLE.EDU.CO;NO;;;;;EDGAR;VARELA BARRIOS;RECTOR;RESOLUCION C.S.;12;20/11/2015;20/11/2015;19/11/2019;LUIS CARLOS;CASTILLO GOMEZ;REPRESENTANTE LEGAL (E);RESOLUCION C.S.;87;30/10/2015;1/11/2015;;;VALLE DEL CAUCA;GUADALAJARA DE BUGA 
9908;UNIVERSIDAD DEL VALLE;ACTIVA;890.399.010-6;SECCIONAL;DEPARTAMENTAL;OFICIAL;UNIVERSIDAD;VALLE DEL CAUCA;GUADALAJARA DE BUGA ;Carrera 13 5-21;2370000;Asamblea Departamental del Valle;ORDENANZA;12;11/06/1945;0;HTTP://BUGA.UNIVALLE.EDU.CO;NO;;;;;LUIS CARLOS;CASTILLO GOMEZ;RECTOR(E);RESOLUCION C.S.;12;30/10/2015;1/11/2015;;EDGAR;VARELA BARRIOS;REPRESENTANTE LEGAL;RESOLUCION C.S.;91;20/11/2015;20/11/2015;19/11/2019;;VALLE DEL CAUCA;GUADALAJARA DE BUGA 
9909;UNIVERSIDAD DEL VALLE;ACTIVA;1;SECCIONAL;NACIONAL;OFICIAL;UNIVERSIDAD;VALLE DEL CAUCA;ZARZAL;Calle 14 N˘ 7-134 Barrio Bolivar;57 2 22091;Asamblea Departamental del Valle;ORDENANZA;12;11/06/1945;0;HTTP://ZARZAL.UNIVALLE.EDU.CO;NO;;;;;LUIS CARLOS;CASTILLO GOMEZ;RECTOR(E);RESOLUCION C.S.;12;30/10/2015;1/11/2015;;LUIS CARLOS;CASTILLO GOMEZ;REPRESENTANTE LEGAL (E);RESOLUCION C.S.;87;30/10/2015;1/11/2015;;;VALLE DEL CAUCA;ZARZAL
9909;UNIVERSIDAD DEL VALLE;ACTIVA;1;SECCIONAL;NACIONAL;OFICIAL;UNIVERSIDAD;VALLE DEL CAUCA;ZARZAL;Calle 14 N˘ 7-134 Barrio Bolivar;57 2 22091;Asamblea Departamental del Valle;ORDENANZA;12;11/06/1945;0;HTTP://ZARZAL.UNIVALLE.EDU.CO;NO;;;;;EDGAR;VARELA BARRIOS;RECTOR;RESOLUCION C.S.;12;20/11/2015;20/11/2015;19/11/2019;EDGAR;VARELA BARRIOS;REPRESENTANTE LEGAL;RESOLUCION C.S.;91;20/11/2015;20/11/2015;19/11/2019;;VALLE DEL CAUCA;ZARZAL
9909;UNIVERSIDAD DEL VALLE;ACTIVA;1;SECCIONAL;NACIONAL;OFICIAL;UNIVERSIDAD;VALLE DEL CAUCA;ZARZAL;Calle 14 N˘ 7-134 Barrio Bolivar;57 2 22091;Asamblea Departamental del Valle;ORDENANZA;12;11/06/1945;0;HTTP://ZARZAL.UNIVALLE.EDU.CO;NO;;;;;EDGAR;VARELA BARRIOS;RECTOR;RESOLUCION C.S.;12;20/11/2015;20/11/2015;19/11/2019;LUIS CARLOS;CASTILLO GOMEZ;REPRESENTANTE LEGAL (E);RESOLUCION C.S.;87;30/10/2015;1/11/2015;;;VALLE DEL CAUCA;ZARZAL
9909;UNIVERSIDAD DEL VALLE;ACTIVA;1;SECCIONAL;NACIONAL;OFICIAL;UNIVERSIDAD;VALLE DEL CAUCA;ZARZAL;Calle 14 N˘ 7-134 Barrio Bolivar;57 2 22091;Asamblea Departamental del Valle;ORDENANZA;12;11/06/1945;0;HTTP://ZARZAL.UNIVALLE.EDU.CO;NO;;;;;LUIS CARLOS;CASTILLO GOMEZ;RECTOR(E);RESOLUCION C.S.;12;30/10/2015;1/11/2015;;EDGAR;VARELA BARRIOS;REPRESENTANTE LEGAL;RESOLUCION C.S.;91;20/11/2015;20/11/2015;19/11/2019;;VALLE DEL CAUCA;ZARZAL
9911;UNIVERSIDAD DEL VALLE;ACTIVA;890.399.010-6;SECCIONAL;DEPARTAMENTAL;OFICIAL;UNIVERSIDAD;VALLE DEL CAUCA;BUENAVENTURA;Av.SimΩn Bolivar Km 9 Contiguo al Colegio ITI;1;Asamblea Departamental del Valle;ORDENANZA;12;11/06/1945;0;www.univalle.edu.co;NO;;;;;EDGAR;VARELA BARRIOS;RECTOR;RESOLUCION C.S.;12;20/11/2015;20/11/2015;19/11/2019;EDGAR;VARELA BARRIOS;REPRESENTANTE LEGAL;RESOLUCION C.S.;91;20/11/2015;20/11/2015;19/11/2019;;VALLE DEL CAUCA;BUENAVENTURA
9912;UNIVERSIDAD DEL VALLE;ACTIVA;1;SECCIONAL;NACIONAL;OFICIAL;UNIVERSIDAD;VALLE DEL CAUCA;PALMIRA;Carrera 31 Av. La Carbonera;2704760;Asamblea Departamental del Valle;ORDENANZA;12;11/06/1945;0;HTTP://PALMIRA.UNIVALLE.EDU.CO;NO;;;;;LUIS CARLOS;CASTILLO GOMEZ;RECTOR(E);RESOLUCION C.S.;12;30/10/2015;1/11/2015;;LUIS CARLOS;CASTILLO GOMEZ;REPRESENTANTE LEGAL (E);RESOLUCION C.S.;87;30/10/2015;1/11/2015;;;VALLE DEL CAUCA;PALMIRA
9912;UNIVERSIDAD DEL VALLE;ACTIVA;1;SECCIONAL;NACIONAL;OFICIAL;UNIVERSIDAD;VALLE DEL CAUCA;PALMIRA;Carrera 31 Av. La Carbonera;2704760;Asamblea Departamental del Valle;ORDENANZA;12;11/06/1945;0;HTTP://PALMIRA.UNIVALLE.EDU.CO;NO;;;;;EDGAR;VARELA BARRIOS;RECTOR;RESOLUCION C.S.;12;20/11/2015;20/11/2015;19/11/2019;EDGAR;VARELA BARRIOS;REPRESENTANTE LEGAL;RESOLUCION C.S.;91;20/11/2015;20/11/2015;19/11/2019;;VALLE DEL CAUCA;PALMIRA
9912;UNIVERSIDAD DEL VALLE;ACTIVA;1;SECCIONAL;NACIONAL;OFICIAL;UNIVERSIDAD;VALLE DEL CAUCA;PALMIRA;Carrera 31 Av. La Carbonera;2704760;Asamblea Departamental del Valle;ORDENANZA;12;11/06/1945;0;HTTP://PALMIRA.UNIVALLE.EDU.CO;NO;;;;;EDGAR;VARELA BARRIOS;RECTOR;RESOLUCION C.S.;12;20/11/2015;20/11/2015;19/11/2019;LUIS CARLOS;CASTILLO GOMEZ;REPRESENTANTE LEGAL (E);RESOLUCION C.S.;87;30/10/2015;1/11/2015;;;VALLE DEL CAUCA;PALMIRA
9912;UNIVERSIDAD DEL VALLE;ACTIVA;1;SECCIONAL;NACIONAL;OFICIAL;UNIVERSIDAD;VALLE DEL CAUCA;PALMIRA;Carrera 31 Av. La Carbonera;2704760;Asamblea Departamental del Valle;ORDENANZA;12;11/06/1945;0;HTTP://PALMIRA.UNIVALLE.EDU.CO;NO;;;;;LUIS CARLOS;CASTILLO GOMEZ;RECTOR(E);RESOLUCION C.S.;12;30/10/2015;1/11/2015;;EDGAR;VARELA BARRIOS;REPRESENTANTE LEGAL;RESOLUCION C.S.;91;20/11/2015;20/11/2015;19/11/2019;;VALLE DEL CAUCA;PALMIRA
1301;UNIVERSIDAD DISTRITAL-FRANCISCO JOSE DE CALDAS;ACTIVA;899.999.230-7;PRINCIPAL;MUNICIPAL;OFICIAL;UNIVERSIDAD;BOGOTA D.C;BOGOTA D.C.;Carrera 7 No. 40-53;3239300;Ministerio de Justicia;RESOLUCION;135;15/12/1950;89;www.udistrital.edu.co;SI;15/12/2016;23096;4;MISION;RICARDO;Garcia Duarte;RECTOR;NO INFORMA;135;1/12/2017;1/12/2017;30/11/2021;RICARDO;Garcia Duarte;REPRESENTANTE LEGAL;NO INFORMA;36;1/12/2017;1/12/2017;30/11/2021;;BOGOTA D.C;BOGOTA D.C.
1712;UNIVERSIDAD EAFIT-;ACTIVA;890.901.389;PRINCIPAL;FUNDACION;PRIVADA;UNIVERSIDAD;ANTIOQUIA;MEDELLIN;Carrera 49  No.7 SUR - 50;2619500;Gobernacion Departamental de Antioquia;NO INFORMA;75;28/06/1960;129;www.eafit.edu.co;SI;13/02/2018;2158;8;FORMAR PERSONAS COMPROMETIDAS CON EL DESARROLLO INTEGRAL DE SU COMUNIDAD, POR MEDIO DE PROGRAMAS DE PREGRADO Y POSGRADO, DENTRO DE UN AMBIENTE DE PLURALISMO IDEOLOGICO Y DE EXCELENCIA ACADEMICA, CON COMPETENCIA INTERNACIONAL EN SUS AREAS DE CONOCIMIENTO.;JUAN LUIS;Meji˘a Arango;RECTOR;ACTA C.S.;75;5/12/2017;1/01/2018;1/01/2023;JUAN LUIS;Mejia Arango;REPRESENTANTE LEGAL;ACTA C.S.;295;5/12/2017;1/01/2018;1/01/2023;"CONVENIO,BOGOTA D.C,BOGOTA D.C.;CONVENIO,BOGOTA D.C,BOGOTA D.C.;CONVENIO,CALDAS,MANIZALES;CONVENIO,CALDAS,MANIZALES;CONVENIO,CALDAS,MANIZALES;CONVENIO,CALDAS,MANIZALES;CONVENIO,CALDAS,MANIZALES;CONVENIO,CAUCA,POPAYAN;CONVENIO,CHOCO,QUIBDO;CONVENIO,QUINDIO,ARMENIA;CONVENIO,QUINDIO,ARMENIA;CONVENIO,QUINDIO,ARMENIA;CONVENIO,RISARALDA,PEREIRA;CONVENIO,RISARALDA,PEREIRA;CONVENIO,SANTANDER,BARRANCABERMEJA;CONVENIO,VALLE DEL CAUCA,CALI;CONVENIO,VALLE DEL CAUCA,CALI;CONVENIO,VALLE DEL CAUCA,CALI;CONVENIO,VALLE DEL CAUCA,CALI;";ANTIOQUIA;MEDELLIN
2812;UNIVERSIDAD EAN;ACTIVA;860.026.058;PRINCIPAL;CORPORACION;PRIVADA;UNIVERSIDAD;BOGOTA D.C;BOGOTA D.C.;Carrera 11 No 78-47;5936160;MINISTERIO DE JUSTICIA;RESOLUCION;2898;16/05/1969;118;www.ean.edu.co;SI;29/12/2017;29499;4;CONTRIBUIR A LA FORMACION INTEGRAL DE LA PERSONA Y ESTIMULAR SU APTITUD EMPRENDEDORA, DE TAL FORMA QUE SU ACCION COADYUVE AL DESARROLLO ECONOMICO Y SOCIAL DE LOS PUEBLOS.;LUIS MARIO;Uma˘a Timms;RECTOR;ACUERDO C.S.;2898;2/10/2018;20/11/2018;;LUIS MARIO;Uma˘a Timms;REPRESENTANTE LEGAL;ACUERDO C.S.;34;2/10/2018;20/11/2018;;"CONVENIO,BOLIVAR,CARTAGENA;CONVENIO,BOLIVAR,CARTAGENA;CONVENIO,BOLIVAR,CARTAGENA;CONVENIO,BOLIVAR,CARTAGENA;CONVENIO,CAUCA,POPAYAN;CONVENIO,CAUCA,POPAYAN;CONVENIO,CAUCA,POPAYAN;CONVENIO,CORDOBA,MONTERIA;CONVENIO,HUILA,NEIVA;CONVENIO,HUILA,NEIVA;CONVENIO,HUILA,NEIVA;CONVENIO,HUILA,NEIVA;CONVENIO,QUINDIO,ARMENIA;CONVENIO,QUINDIO,ARMENIA;CONVENIO,QUINDIO,ARMENIA;CONVENIO,SANTANDER,BUCARAMANGA;CONVENIO,SANTANDER,BUCARAMANGA;CONVENIO,SANTANDER,BUCARAMANGA;CONVENIO,SANTANDER,BARRANCABERMEJA;CONVENIO,SUCRE,SINCELEJO;CONVENIO,TOLIMA,IBAGUE;CONVENIO,TOLIMA,IBAGUE;";BOGOTA D.C;BOGOTA D.C.
5802;UNIVERSIDAD ECCI;ACTIVA;860.401.496-0;PRINCIPAL;CORPORACION;PRIVADA;UNIVERSIDAD;BOGOTA D.C;BOGOTA D.C.;Carrera 19  49-20;3537171;MINISTERIO DE EDUCACION NACIONAL.;RESOLUCION;2683;28/03/1985;65;www.ecci.edu.co;NO;;;;"&quot;ENSEæAR A VER LA VIDA CON OPTIMISMO Y RESPONSABILIDAD, EN UN APRENDIZAJE COTIDIANO DE LAS PROFESIONES ELEGIDAS POR CADA UNO, BUSCANDO LA EXCELENCIA EN LO HUMANO Y LA MANERA DE SER COMPETITIVOS, DESARROLLANDO APTITUDES DE LIDERAZGO, PARA SER PARTôCIPES DE UN VERDADERO DESARROLLO SOCIAL E INDUSTRIAL DE NUESTRO PAôS&quot;.";MARGOT PAOLA;SOLER LOPEZ;RECTOR(E);ACUERDO;2683;27/09/2017;29/09/2017;16/10/2017;MARGOT PAOLA;SOLER LOPEZ;REPRESENTANTE LEGAL (E);ACUERDO;2;27/09/2017;29/09/2017;16/10/2017;;BOGOTA D.C;BOGOTA D.C.
5802;UNIVERSIDAD ECCI;ACTIVA;860.401.496-0;PRINCIPAL;CORPORACION;PRIVADA;UNIVERSIDAD;BOGOTA D.C;BOGOTA D.C.;Carrera 19  49-20;3537171;MINISTERIO DE EDUCACION NACIONAL.;RESOLUCION;2683;28/03/1985;65;www.ecci.edu.co;NO;;;;"&quot;ENSEæAR A VER LA VIDA CON OPTIMISMO Y RESPONSABILIDAD, EN UN APRENDIZAJE COTIDIANO DE LAS PROFESIONES ELEGIDAS POR CADA UNO, BUSCANDO LA EXCELENCIA EN LO HUMANO Y LA MANERA DE SER COMPETITIVOS, DESARROLLANDO APTITUDES DE LIDERAZGO, PARA SER PARTôCIPES DE UN VERDADERO DESARROLLO SOCIAL E INDUSTRIAL DE NUESTRO PAôS&quot;.";FERNANDO ARTURO;SOLER LOPEZ;RECTOR;ACTA;2683;4/07/2014;19/08/2014;18/08/2018;FERNANDO ARTURO;SOLER LOPEZ;REPRESENTANTE LEGAL;ACTA;2;4/07/2014;19/08/2014;18/08/2018;;BOGOTA D.C;BOGOTA D.C.
5802;UNIVERSIDAD ECCI;ACTIVA;860.401.496-0;PRINCIPAL;CORPORACION;PRIVADA;UNIVERSIDAD;BOGOTA D.C;BOGOTA D.C.;Carrera 19  49-20;3537171;MINISTERIO DE EDUCACION NACIONAL.;RESOLUCION;2683;28/03/1985;65;www.ecci.edu.co;NO;;;;"&quot;ENSEæAR A VER LA VIDA CON OPTIMISMO Y RESPONSABILIDAD, EN UN APRENDIZAJE COTIDIANO DE LAS PROFESIONES ELEGIDAS POR CADA UNO, BUSCANDO LA EXCELENCIA EN LO HUMANO Y LA MANERA DE SER COMPETITIVOS, DESARROLLANDO APTITUDES DE LIDERAZGO, PARA SER PARTôCIPES DE UN VERDADERO DESARROLLO SOCIAL E INDUSTRIAL DE NUESTRO PAôS&quot;.";FERNANDO ARTURO;SOLER LOPEZ;RECTOR;ACTA;2683;4/07/2014;19/08/2014;18/08/2018;MARGOT PAOLA;SOLER LOPEZ;REPRESENTANTE LEGAL (E);ACUERDO;2;27/09/2017;29/09/2017;16/10/2017;;BOGOTA D.C;BOGOTA D.C.
5802;UNIVERSIDAD ECCI;ACTIVA;860.401.496-0;PRINCIPAL;CORPORACION;PRIVADA;UNIVERSIDAD;BOGOTA D.C;BOGOTA D.C.;Carrera 19  49-20;3537171;MINISTERIO DE EDUCACION NACIONAL.;RESOLUCION;2683;28/03/1985;65;www.ecci.edu.co;NO;;;;"&quot;ENSEæAR A VER LA VIDA CON OPTIMISMO Y RESPONSABILIDAD, EN UN APRENDIZAJE COTIDIANO DE LAS PROFESIONES ELEGIDAS POR CADA UNO, BUSCANDO LA EXCELENCIA EN LO HUMANO Y LA MANERA DE SER COMPETITIVOS, DESARROLLANDO APTITUDES DE LIDERAZGO, PARA SER PARTôCIPES DE UN VERDADERO DESARROLLO SOCIAL E INDUSTRIAL DE NUESTRO PAôS&quot;.";MARGOT PAOLA;SOLER LOPEZ;RECTOR(E);ACUERDO;2683;27/09/2017;29/09/2017;16/10/2017;FERNANDO ARTURO;SOLER LOPEZ;REPRESENTANTE LEGAL;ACTA;2;4/07/2014;19/08/2014;18/08/2018;;BOGOTA D.C;BOGOTA D.C.
2813;UNIVERSIDAD EIA;ACTIVA;890.983.722-6;PRINCIPAL;CORPORACION;PRIVADA;UNIVERSIDAD;ANTIOQUIA;ENVIGADO;Calle 25 Sur  42-73;3317850;MINISTERIO DE EDUCACION NACIONAL;RESOLUCION;20120;12/11/1979;27;www.eia.edu.co;SI;18/12/2017;28480;6;MISION;CARLOS FELIPE;LONDOæO ALVAREZ;RECTOR;RESOLUCION;20120;24/06/1996;29/05/1996;;CARLOS FELIPE;LONDOæO ALVAREZ;REPRESENTANTE LEGAL;RESOLUCION;882;24/06/1996;29/05/1996;;"CONVENIO,ANTIOQUIA,MEDELLIN;";ANTIOQUIA;ENVIGADO
1729;UNIVERSIDAD EL BOSQUE;ACTIVA;860.066.789-6;PRINCIPAL;FUNDACION;PRIVADA;UNIVERSIDAD;BOGOTA D.C;BOGOTA D.C.;Av. Cra 9 No. 131 A - 02, Edificio Fundadores;6489000;MINISTERIO DE EDUCACION NACIONAL;RESOLUCION;11153;4/08/1978;131;www.unbosque.edu.co;SI;10/06/2016;11373;4;"FORMULACION DE LA MISION
DESDE EL ENFOQUE BIO-PSICO-SOCIAL Y CULTURAL, LA UNIVERSIDAD DEL BOSQUE ASUME SU COMPROMISO CON EL PAIS TENIENDO COMO IMPERATIVO SUPREMO LA PROMOCION DE LA DIGNIDAD DE LA PERSONA HUMANA EN SU INTEGRIDAD.
SUS MAXIMOS ESFUERZOS SE CONCRETAN EN OFRECER LAS CONDICIONES PROPIAS PARA FACILITAR EL DESARROLLO DE LOS VALORES ETICO-MORALES, ESTITICOS, HISTORICOS Y TECNO-CIENTIFICOS ENRAIZADOS EN LA CULTURA DE VIDA, SU CALIDAD Y SU SENTIDO.
LO ANTERIOR, EN LA PERSPECTIVA DE LA COSTRUCCION DE LA SOCIEDAD MAS JUSTA, PLURALISTA, PARTICIPATIVA, PACIFICA, Y LA AFIRMACION DE UN SER HUMANO RESPONSABLE, PARTE CONTITUTIVA DE LA NATURALEZA Y DE SUS ECOSISTEMAS. RECEPTOS Y CONSTRUCTOR CRITICO DE LOS PROCESOS GOBALES DE LA CULTURA.
LA RAZON Y EL SENTIDO ULTIMO DE LA MISION DE LA UNIVERSIDAD EL BOSQUE, ES LOGRAR LA DIGNIDAD DE LA AUTONOMIA DEL SER HUMANO COMO UN FIN EN SUS DIMENSIONES BIO-PSICO-SOCIALES Y CULTURALES, MEDIANTE LA TRANSMISION, CREACION, TRANSFORMACION, CONSERVACION Y DESARROLLO DE LA CIENCIA Y LA CULTURA, AFIRMANDOSE EN LA BUSQUEDA DEL SABER EN COHERENCIA CON LA PROBLEMATICA VIVIDA EN NUESTRA SOCIEDAD.
COMO INSTITUCION UNIVERSITARIA ASUMIRA LA RESPONSABILIDAD DE POTENCIAR AL MAXIMO LAS CUALIDADES SUPERIORES DEL SER HUMANO (EXCELENCIA) PARA QUE PUEDA RESPONDER MEJOR A LA NECESIDAD DE PROMOVER LA COMUNIDAD COLOMBIANA AL MAS ALTO NIVEL.  VIVIRA ATENTA A LOS CAMBIOS CULTURALES, LOCALES, NACIONALES Y UNIVERSALES, EN PROCURA DE AQUELLOS VALORES QUE LA HAGAN MAS CULTA, MAS DIGNA Y MAS JUSTA.";MARIA CLARA;RANGEL GALVIS;RECTOR(E);RESOLUCION;11153;1/03/2016;15/03/2016;14/03/2018;MARIA CLARA;RANGEL GALVIS;REPRESENTANTE LEGAL (E);RESOLUCION;519;1/03/2016;15/03/2016;14/03/2018;;BOGOTA D.C;BOGOTA D.C.
1729;UNIVERSIDAD EL BOSQUE;ACTIVA;860.066.789-6;PRINCIPAL;FUNDACION;PRIVADA;UNIVERSIDAD;BOGOTA D.C;BOGOTA D.C.;Av. Cra 9 No. 131 A - 02, Edificio Fundadores;6489000;MINISTERIO DE EDUCACION NACIONAL;RESOLUCION;11153;4/08/1978;131;www.unbosque.edu.co;SI;10/06/2016;11373;4;"FORMULACION DE LA MISION
DESDE EL ENFOQUE BIO-PSICO-SOCIAL Y CULTURAL, LA UNIVERSIDAD DEL BOSQUE ASUME SU COMPROMISO CON EL PAIS TENIENDO COMO IMPERATIVO SUPREMO LA PROMOCION DE LA DIGNIDAD DE LA PERSONA HUMANA EN SU INTEGRIDAD.
SUS MAXIMOS ESFUERZOS SE CONCRETAN EN OFRECER LAS CONDICIONES PROPIAS PARA FACILITAR EL DESARROLLO DE LOS VALORES ETICO-MORALES, ESTITICOS, HISTORICOS Y TECNO-CIENTIFICOS ENRAIZADOS EN LA CULTURA DE VIDA, SU CALIDAD Y SU SENTIDO.
LO ANTERIOR, EN LA PERSPECTIVA DE LA COSTRUCCION DE LA SOCIEDAD MAS JUSTA, PLURALISTA, PARTICIPATIVA, PACIFICA, Y LA AFIRMACION DE UN SER HUMANO RESPONSABLE, PARTE CONTITUTIVA DE LA NATURALEZA Y DE SUS ECOSISTEMAS. RECEPTOS Y CONSTRUCTOR CRITICO DE LOS PROCESOS GOBALES DE LA CULTURA.
LA RAZON Y EL SENTIDO ULTIMO DE LA MISION DE LA UNIVERSIDAD EL BOSQUE, ES LOGRAR LA DIGNIDAD DE LA AUTONOMIA DEL SER HUMANO COMO UN FIN EN SUS DIMENSIONES BIO-PSICO-SOCIALES Y CULTURALES, MEDIANTE LA TRANSMISION, CREACION, TRANSFORMACION, CONSERVACION Y DESARROLLO DE LA CIENCIA Y LA CULTURA, AFIRMANDOSE EN LA BUSQUEDA DEL SABER EN COHERENCIA CON LA PROBLEMATICA VIVIDA EN NUESTRA SOCIEDAD.
COMO INSTITUCION UNIVERSITARIA ASUMIRA LA RESPONSABILIDAD DE POTENCIAR AL MAXIMO LAS CUALIDADES SUPERIORES DEL SER HUMANO (EXCELENCIA) PARA QUE PUEDA RESPONDER MEJOR A LA NECESIDAD DE PROMOVER LA COMUNIDAD COLOMBIANA AL MAS ALTO NIVEL.  VIVIRA ATENTA A LOS CAMBIOS CULTURALES, LOCALES, NACIONALES Y UNIVERSALES, EN PROCURA DE AQUELLOS VALORES QUE LA HAGAN MAS CULTA, MAS DIGNA Y MAS JUSTA.";Rafael  Antonio;Sˇnchez  Paris;RECTOR;RESOLUCION;11153;1/03/2016;15/03/2016;15/03/2018;Rafael  Antonio;Sˇnchez  Paris;REPRESENTANTE LEGAL;RESOLUCION;518;1/03/2016;15/03/2016;15/03/2018;;BOGOTA D.C;BOGOTA D.C.
1729;UNIVERSIDAD EL BOSQUE;ACTIVA;860.066.789-6;PRINCIPAL;FUNDACION;PRIVADA;UNIVERSIDAD;BOGOTA D.C;BOGOTA D.C.;Av. Cra 9 No. 131 A - 02, Edificio Fundadores;6489000;MINISTERIO DE EDUCACION NACIONAL;RESOLUCION;11153;4/08/1978;131;www.unbosque.edu.co;SI;10/06/2016;11373;4;"FORMULACION DE LA MISION
DESDE EL ENFOQUE BIO-PSICO-SOCIAL Y CULTURAL, LA UNIVERSIDAD DEL BOSQUE ASUME SU COMPROMISO CON EL PAIS TENIENDO COMO IMPERATIVO SUPREMO LA PROMOCION DE LA DIGNIDAD DE LA PERSONA HUMANA EN SU INTEGRIDAD.
SUS MAXIMOS ESFUERZOS SE CONCRETAN EN OFRECER LAS CONDICIONES PROPIAS PARA FACILITAR EL DESARROLLO DE LOS VALORES ETICO-MORALES, ESTITICOS, HISTORICOS Y TECNO-CIENTIFICOS ENRAIZADOS EN LA CULTURA DE VIDA, SU CALIDAD Y SU SENTIDO.
LO ANTERIOR, EN LA PERSPECTIVA DE LA COSTRUCCION DE LA SOCIEDAD MAS JUSTA, PLURALISTA, PARTICIPATIVA, PACIFICA, Y LA AFIRMACION DE UN SER HUMANO RESPONSABLE, PARTE CONTITUTIVA DE LA NATURALEZA Y DE SUS ECOSISTEMAS. RECEPTOS Y CONSTRUCTOR CRITICO DE LOS PROCESOS GOBALES DE LA CULTURA.
LA RAZON Y EL SENTIDO ULTIMO DE LA MISION DE LA UNIVERSIDAD EL BOSQUE, ES LOGRAR LA DIGNIDAD DE LA AUTONOMIA DEL SER HUMANO COMO UN FIN EN SUS DIMENSIONES BIO-PSICO-SOCIALES Y CULTURALES, MEDIANTE LA TRANSMISION, CREACION, TRANSFORMACION, CONSERVACION Y DESARROLLO DE LA CIENCIA Y LA CULTURA, AFIRMANDOSE EN LA BUSQUEDA DEL SABER EN COHERENCIA CON LA PROBLEMATICA VIVIDA EN NUESTRA SOCIEDAD.
COMO INSTITUCION UNIVERSITARIA ASUMIRA LA RESPONSABILIDAD DE POTENCIAR AL MAXIMO LAS CUALIDADES SUPERIORES DEL SER HUMANO (EXCELENCIA) PARA QUE PUEDA RESPONDER MEJOR A LA NECESIDAD DE PROMOVER LA COMUNIDAD COLOMBIANA AL MAS ALTO NIVEL.  VIVIRA ATENTA A LOS CAMBIOS CULTURALES, LOCALES, NACIONALES Y UNIVERSALES, EN PROCURA DE AQUELLOS VALORES QUE LA HAGAN MAS CULTA, MAS DIGNA Y MAS JUSTA.";Rafael  Antonio;Sˇnchez  Paris;RECTOR;RESOLUCION;11153;1/03/2016;15/03/2016;15/03/2018;MARIA CLARA;RANGEL GALVIS;REPRESENTANTE LEGAL (E);RESOLUCION;519;1/03/2016;15/03/2016;14/03/2018;;BOGOTA D.C;BOGOTA D.C.
1729;UNIVERSIDAD EL BOSQUE;ACTIVA;860.066.789-6;PRINCIPAL;FUNDACION;PRIVADA;UNIVERSIDAD;BOGOTA D.C;BOGOTA D.C.;Av. Cra 9 No. 131 A - 02, Edificio Fundadores;6489000;MINISTERIO DE EDUCACION NACIONAL;RESOLUCION;11153;4/08/1978;131;www.unbosque.edu.co;SI;10/06/2016;11373;4;"FORMULACION DE LA MISION
DESDE EL ENFOQUE BIO-PSICO-SOCIAL Y CULTURAL, LA UNIVERSIDAD DEL BOSQUE ASUME SU COMPROMISO CON EL PAIS TENIENDO COMO IMPERATIVO SUPREMO LA PROMOCION DE LA DIGNIDAD DE LA PERSONA HUMANA EN SU INTEGRIDAD.
SUS MAXIMOS ESFUERZOS SE CONCRETAN EN OFRECER LAS CONDICIONES PROPIAS PARA FACILITAR EL DESARROLLO DE LOS VALORES ETICO-MORALES, ESTITICOS, HISTORICOS Y TECNO-CIENTIFICOS ENRAIZADOS EN LA CULTURA DE VIDA, SU CALIDAD Y SU SENTIDO.
LO ANTERIOR, EN LA PERSPECTIVA DE LA COSTRUCCION DE LA SOCIEDAD MAS JUSTA, PLURALISTA, PARTICIPATIVA, PACIFICA, Y LA AFIRMACION DE UN SER HUMANO RESPONSABLE, PARTE CONTITUTIVA DE LA NATURALEZA Y DE SUS ECOSISTEMAS. RECEPTOS Y CONSTRUCTOR CRITICO DE LOS PROCESOS GOBALES DE LA CULTURA.
LA RAZON Y EL SENTIDO ULTIMO DE LA MISION DE LA UNIVERSIDAD EL BOSQUE, ES LOGRAR LA DIGNIDAD DE LA AUTONOMIA DEL SER HUMANO COMO UN FIN EN SUS DIMENSIONES BIO-PSICO-SOCIALES Y CULTURALES, MEDIANTE LA TRANSMISION, CREACION, TRANSFORMACION, CONSERVACION Y DESARROLLO DE LA CIENCIA Y LA CULTURA, AFIRMANDOSE EN LA BUSQUEDA DEL SABER EN COHERENCIA CON LA PROBLEMATICA VIVIDA EN NUESTRA SOCIEDAD.
COMO INSTITUCION UNIVERSITARIA ASUMIRA LA RESPONSABILIDAD DE POTENCIAR AL MAXIMO LAS CUALIDADES SUPERIORES DEL SER HUMANO (EXCELENCIA) PARA QUE PUEDA RESPONDER MEJOR A LA NECESIDAD DE PROMOVER LA COMUNIDAD COLOMBIANA AL MAS ALTO NIVEL.  VIVIRA ATENTA A LOS CAMBIOS CULTURALES, LOCALES, NACIONALES Y UNIVERSALES, EN PROCURA DE AQUELLOS VALORES QUE LA HAGAN MAS CULTA, MAS DIGNA Y MAS JUSTA.";MARIA CLARA;RANGEL GALVIS;RECTOR(E);RESOLUCION;11153;1/03/2016;15/03/2016;14/03/2018;Rafael  Antonio;Sˇnchez  Paris;REPRESENTANTE LEGAL;RESOLUCION;518;1/03/2016;15/03/2016;15/03/2018;;BOGOTA D.C;BOGOTA D.C.
1706;UNIVERSIDAD EXTERNADO DE COLOMBIA;ACTIVA;860.014.918-7;PRINCIPAL;FUNDACION;PRIVADA;UNIVERSIDAD;BOGOTA D.C;BOGOTA D.C.;Calle 12 No. 1-17 Este;3420288;MINISTERIO DE GOBIERNO;RESOLUCION;92;9/03/1926;276;www.uexternado.edu.co;SI;22/08/2012;9902;8;"COMO INSTITUCION DE EDUCACION SUPERIOR DEDICADA A LA ENSEæANZA E INVESTIGACION EN CIENCIAS SOCIALES, CON UNA CONCEPCION HUMANISTICA, LA UNIVERSIDAD EXTERNADO DE COLOMBIA PROMUEVE Y PRACTICA UN ABSOLUTO RESPETO POR LA VIDA Y LA DIGNIDAD HUMANAS. SU ACTIVIDAD SE DESARROLLA DENTRO DE UNA FILOSOFIA PLURALISTA, ABIERTA A TODAS LAS CORRIENTES DE PENSAMIENTO, AJENA AL DOGMATISMO Y RESPETUOSA DE TODOS LOS CREDOS RELIGIOSOS E IDEOLOGIAS POLITICAS. LA UNIVERSIDAD PROMUEVE LA TOLERANCIA COMO FORMULA PARA ALCANZAR LA PAZ Y EL PROGRESO DENTRO DE LA HETEROGENEIDAD Y CONSIDERA A LA DIVERSIDAD COMO UNA DE SUS MAYORES RIQUEZAS.
EL EXTERNADO DE COLOMBIA TIENE CONFIANZA Y OPTIMISMO EN LA VIABILIDAD DE COLOMBIA COMO NACION Y TRABAJA POR LA REAFIRMACION DE LA IDENTIDAD NACIONAL; APOYA LA INTEGRACION CON LOS PAISES DE AMERICA LATINA COMO GARANTIA DE UNA PRESENCIA SIGNIFICATIVA EN EL CONCIERTO INTERNACIONAL Y ESTIMULA LA COOPERACION CON UNIVERSIDADES DE TODO EL MUNDO PARA MANTENERSE EN CONTACTO CON LA CULTURA UNIVERSAL Y ACTUALIZADA FRENTE AL AVANCE DE LAS CIENCIAS.
DENTRO DEL ESPIRITU LIBERAL QUE LA ANIMA, LA UNIVERSIDAD EXTERNADO DE COLOMBIA PERSIGUE EL IDEAL DE LA LIBERTAD COMO DERECHO INALIENABLE DEL SER HUMANO; TIENE FE EN LA DEMOCRACIA; LUCHA POR EL PERFECCIONAMIENTO DEL ESTADO SOCIAL DE DERECHO, EN LA BUSQUEDA DE LA IGUALDAD EN LOS PLANOS SOCIAL Y ECONOMICO, Y DEL RESPETO POR LOS DERECHOS FUNDAMENTALES. ASIMISMO, PROCURA LA FORMACION INTEGRAL DE SUS ALUMNOS: BUSCA FORJAR VERDADEROS CIUDADANOS CONSCIENTES DE SUS COMPROMISOS PARA CON LA NACION; PERSONAS INTEGRAS, CON INDEPENDENCIA DE CARACTER Y PRACTICANTES DE UNA ETICA CIVICA INTACHABLE, PUBLICA Y PRIVADA; PROFESIONALES SOLIDARIOS, AUTENTICOS, AUSTEROS, DOTADOS CON CRITERIO, CAPACES DE RESISTIR LA INTIMIDACION, ENFRENTAR LA CORRUPCION Y CONTRIBUIR AL RESCATE DE LA DIGNIDAD DE LA PATRIA.";JUAN CARLOS;Henao P˘˘rez;RECTOR;ACTA;92;11/04/2018;2/05/2018;1/05/2021;JUAN CARLOS;Henao P˘˘rez;REPRESENTANTE LEGAL;ACTA;7;11/04/2018;2/05/2018;1/05/2021;"CONVENIO,BOLIVAR,CARTAGENA;CONVENIO,SANTANDER,BUCARAMANGA;CONVENIO,SANTANDER,BUCARAMANGA;CONVENIO,SANTANDER,BUCARAMANGA;CONVENIO,SANTANDER,BUCARAMANGA;CONVENIO,SANTANDER,BUCARAMANGA;CONVENIO,SANTANDER,BUCARAMANGA;CONVENIO,SANTANDER,BUCARAMANGA;";BOGOTA D.C;BOGOTA D.C.
1209;UNIVERSIDAD FRANCISCO DE PAULA SANTANDER;ACTIVA;890.500.622;PRINCIPAL;DEPARTAMENTAL;OFICIAL;UNIVERSIDAD;NORTE DE SANTANDER;CUCUTA;Avenida Gran Colombia No. 12E-96;5753172;Gobernacion Departamental de Santander;DECRETO;323;13/05/1970;64;www.ufps.edu.co;NO;;;;"EL PROPOSITO FUNDAMENTAL DE LA UNIVERSIDAD FRANCISCO DE PAULA SANTANDER ES EL QUEHACER ACADEMICO, CONCEBIDO COMO EL DESARROLLO DE LA ACTITUD INVESTIGATIVA Y SU PRACTICA; LA FORMACION DEL HOMBRE PARA QUE ASUMA SUS ROLES Y RESPONSABILIDADES SOCIALES Y SU RELACION COMO PERSONA; Y EL COMPROMISO Y ACCION SOCIAL INSTITUCIONAL BASADOS EN LA INVESTIGACION Y LA EXTENSION A LA COMUNIDAD.
LA UNIVERSIDAD FRANCISCO DE PAULA SANTANDER PROMUEVE EL CONOCIMIENTO Y LA REAFIRMACION DE LOS VALORES DE LA NACIONALIDAD, LOS DERECHOS HUMANOS Y LA PAZ, MANTENIENDO UN CARACTER DEMOCRATICO Y PLURALISTA; Y SU ACCESO ESTA ABIERTO EN IGUALDAD DE OPORTUNIDADES A QUIENES DEMUESTREN POSEER LAS CONDICIONES ACADEMICAS REQUERIDAS. ES PROPOSITO DE LA UNIVERSIDAD SER FACTOR DETERMINANTE EN EL DESARROLLO NACIONAL Y REGIONAL, MEDIANTE SU INTEGRACION CON LOS SECTORES SOCIOECONOMICOS.";CLAUDIA ELIZABETH;TOLOZA MARTINEZ;RECTOR(E);ACUERDO;323;11/04/2013;12/04/2013;11/06/2013;CLAUDIA ELIZABETH;TOLOZA MARTINEZ;REPRESENTANTE LEGAL (E);ACUERDO;27;11/04/2013;12/04/2013;11/06/2013;;NORTE DE SANTANDER;CUCUTA
1209;UNIVERSIDAD FRANCISCO DE PAULA SANTANDER;ACTIVA;890.500.622;PRINCIPAL;DEPARTAMENTAL;OFICIAL;UNIVERSIDAD;NORTE DE SANTANDER;CUCUTA;Avenida Gran Colombia No. 12E-96;5753172;Gobernacion Departamental de Santander;DECRETO;323;13/05/1970;64;www.ufps.edu.co;NO;;;;"EL PROPOSITO FUNDAMENTAL DE LA UNIVERSIDAD FRANCISCO DE PAULA SANTANDER ES EL QUEHACER ACADEMICO, CONCEBIDO COMO EL DESARROLLO DE LA ACTITUD INVESTIGATIVA Y SU PRACTICA; LA FORMACION DEL HOMBRE PARA QUE ASUMA SUS ROLES Y RESPONSABILIDADES SOCIALES Y SU RELACION COMO PERSONA; Y EL COMPROMISO Y ACCION SOCIAL INSTITUCIONAL BASADOS EN LA INVESTIGACION Y LA EXTENSION A LA COMUNIDAD.
LA UNIVERSIDAD FRANCISCO DE PAULA SANTANDER PROMUEVE EL CONOCIMIENTO Y LA REAFIRMACION DE LOS VALORES DE LA NACIONALIDAD, LOS DERECHOS HUMANOS Y LA PAZ, MANTENIENDO UN CARACTER DEMOCRATICO Y PLURALISTA; Y SU ACCESO ESTA ABIERTO EN IGUALDAD DE OPORTUNIDADES A QUIENES DEMUESTREN POSEER LAS CONDICIONES ACADEMICAS REQUERIDAS. ES PROPOSITO DE LA UNIVERSIDAD SER FACTOR DETERMINANTE EN EL DESARROLLO NACIONAL Y REGIONAL, MEDIANTE SU INTEGRACION CON LOS SECTORES SOCIOECONOMICOS.";CLAUDIA ELIZABETH;TOLOZA MARTINEZ;RECTOR;ACUERDO;323;10/07/2015;14/08/2015;14/08/2018;CLAUDIA ELIZABETH;TOLOZA MARTINEZ;REPRESENTANTE LEGAL;ACUERDO;39;10/07/2015;14/08/2015;14/08/2018;;NORTE DE SANTANDER;CUCUTA
1209;UNIVERSIDAD FRANCISCO DE PAULA SANTANDER;ACTIVA;890.500.622;PRINCIPAL;DEPARTAMENTAL;OFICIAL;UNIVERSIDAD;NORTE DE SANTANDER;CUCUTA;Avenida Gran Colombia No. 12E-96;5753172;Gobernacion Departamental de Santander;DECRETO;323;13/05/1970;64;www.ufps.edu.co;NO;;;;"EL PROPOSITO FUNDAMENTAL DE LA UNIVERSIDAD FRANCISCO DE PAULA SANTANDER ES EL QUEHACER ACADEMICO, CONCEBIDO COMO EL DESARROLLO DE LA ACTITUD INVESTIGATIVA Y SU PRACTICA; LA FORMACION DEL HOMBRE PARA QUE ASUMA SUS ROLES Y RESPONSABILIDADES SOCIALES Y SU RELACION COMO PERSONA; Y EL COMPROMISO Y ACCION SOCIAL INSTITUCIONAL BASADOS EN LA INVESTIGACION Y LA EXTENSION A LA COMUNIDAD.
LA UNIVERSIDAD FRANCISCO DE PAULA SANTANDER PROMUEVE EL CONOCIMIENTO Y LA REAFIRMACION DE LOS VALORES DE LA NACIONALIDAD, LOS DERECHOS HUMANOS Y LA PAZ, MANTENIENDO UN CARACTER DEMOCRATICO Y PLURALISTA; Y SU ACCESO ESTA ABIERTO EN IGUALDAD DE OPORTUNIDADES A QUIENES DEMUESTREN POSEER LAS CONDICIONES ACADEMICAS REQUERIDAS. ES PROPOSITO DE LA UNIVERSIDAD SER FACTOR DETERMINANTE EN EL DESARROLLO NACIONAL Y REGIONAL, MEDIANTE SU INTEGRACION CON LOS SECTORES SOCIOECONOMICOS.";CLAUDIA ELIZABETH;TOLOZA MARTINEZ;RECTOR;ACUERDO;323;10/07/2015;14/08/2015;14/08/2018;CLAUDIA ELIZABETH;TOLOZA MARTINEZ;REPRESENTANTE LEGAL (E);ACUERDO;27;11/04/2013;12/04/2013;11/06/2013;;NORTE DE SANTANDER;CUCUTA
1209;UNIVERSIDAD FRANCISCO DE PAULA SANTANDER;ACTIVA;890.500.622;PRINCIPAL;DEPARTAMENTAL;OFICIAL;UNIVERSIDAD;NORTE DE SANTANDER;CUCUTA;Avenida Gran Colombia No. 12E-96;5753172;Gobernacion Departamental de Santander;DECRETO;323;13/05/1970;64;www.ufps.edu.co;NO;;;;"EL PROPOSITO FUNDAMENTAL DE LA UNIVERSIDAD FRANCISCO DE PAULA SANTANDER ES EL QUEHACER ACADEMICO, CONCEBIDO COMO EL DESARROLLO DE LA ACTITUD INVESTIGATIVA Y SU PRACTICA; LA FORMACION DEL HOMBRE PARA QUE ASUMA SUS ROLES Y RESPONSABILIDADES SOCIALES Y SU RELACION COMO PERSONA; Y EL COMPROMISO Y ACCION SOCIAL INSTITUCIONAL BASADOS EN LA INVESTIGACION Y LA EXTENSION A LA COMUNIDAD.
LA UNIVERSIDAD FRANCISCO DE PAULA SANTANDER PROMUEVE EL CONOCIMIENTO Y LA REAFIRMACION DE LOS VALORES DE LA NACIONALIDAD, LOS DERECHOS HUMANOS Y LA PAZ, MANTENIENDO UN CARACTER DEMOCRATICO Y PLURALISTA; Y SU ACCESO ESTA ABIERTO EN IGUALDAD DE OPORTUNIDADES A QUIENES DEMUESTREN POSEER LAS CONDICIONES ACADEMICAS REQUERIDAS. ES PROPOSITO DE LA UNIVERSIDAD SER FACTOR DETERMINANTE EN EL DESARROLLO NACIONAL Y REGIONAL, MEDIANTE SU INTEGRACION CON LOS SECTORES SOCIOECONOMICOS.";CLAUDIA ELIZABETH;TOLOZA MARTINEZ;RECTOR(E);ACUERDO;323;11/04/2013;12/04/2013;11/06/2013;CLAUDIA ELIZABETH;TOLOZA MARTINEZ;REPRESENTANTE LEGAL;ACUERDO;39;10/07/2015;14/08/2015;14/08/2018;;NORTE DE SANTANDER;CUCUTA
1210;UNIVERSIDAD FRANCISCO DE PAULA SANTANDER;ACTIVA;800163130-0;SECCIONAL;DEPARTAMENTAL;OFICIAL;UNIVERSIDAD;NORTE DE SANTANDER;OCA?A;Via El Algodonal;5692199;GOBIERNO DEPARTAMENTAL;DECRETO;323;13/05/1970;33;www.ufpso.edu.co;NO;;;;"LA UNIVERSIDAD FRANCISCO DE PAULA SANTANDER OCA?A, ES UNA INSTITUCION DE EDUCACION SUPERIOR PUBLICA, SU PROPOSITO PRINCIPAL ES LA ACADEMIA, BASADA EN LA INVESTIGACION Y EXTENSION, FORMANDO INTEGRALMENTE INDIVIDUOS AUTONOMOS, HONESTOS Y RESPONSABLES, CON UN ALTO NIVEL COMPETITIVO, CAPACES DE TRANSFORMAR SU ENTORNO; BUSACANDO EL MEJORAMIENTO DE LA CALIDAD DE LA VIDA DE LOS OCA?EROS, LA PROVINCIA, EL SUR DEL CESAR, SUR DE BOLIVAR Y EN GENERAL DE TODO EL PAIS.";EDGAR ANTONIO;Sanchez Ortiz;DIRECTOR;NO INFORMA;323;24/01/2019;18/02/2019;18/02/2022;EDGAR ANTONIO;SANCHEZ ORTIZ;REPRESENTANTE LEGAL;NO INFORMA;26;24/01/2019;18/02/2019;18/02/2022;;NORTE DE SANTANDER;OCA?A
1828;UNIVERSIDAD ICESI;ACTIVA;890.316.745-5;PRINCIPAL;CORPORACION;PRIVADA;UNIVERSIDAD;VALLE DEL CAUCA;CALI;Calle 18 No.122-135 (Pance);5552369;MINISTERIO DE EDUCACION NACIONAL;RESOLUCION;11677;12/07/1979;110;www.icesi.edu.co;SI;9/01/2015;591;6;EN EL A?O 2005, EL ICESI SERA UNA UNIVERSIDAD RECONOCIDA COMO LA MEJOR ALTERNATIVA EN COLOMBIA EN LAS AREAS RELACIONADAS CON EL DESARROLLO Y LA COMPETITIVIDAD DE LAS ORGANIZACIONES.;FRANCISCO;PIEDRAHITA PLATA;RECTOR;RESOLUCION;11677;20/09/1996;16/09/1996;;FRANCISCO;PIEDRAHITA PLATA;REPRESENTANTE LEGAL;RESOLUCION;1312;20/09/1996;16/09/1996;;"CONVENIO,TOLIMA,IBAGUE;CONVENIO,TOLIMA,IBAGUE;";VALLE DEL CAUCA;CALI
1703;UNIVERSIDAD INCCA DE COLOMBIA;ACTIVA;860.011.285-1;PRINCIPAL;FUNDACION;PRIVADA;UNIVERSIDAD;BOGOTA D.C;BOGOTA D.C.;Carrera 13 No. 24-15;4442000;MINISTERIO DE JUSTICIA.;RESOLUCION;1891;19/06/1963;21;www.unincca.edu.co;NO;;;;"LA MISION INSTITUCIONAL DE LA UNIVERSIDAD INCCA DE COLOMBIA ES PONER LA EDUCACION, LA CIENCIA, LA CULTURA Y LA INFORMACION AL SERVICIO DE UN NUEVO HOMBRE SOCIAL, A TRAVES DE LAS ACTIVIDADES ACADEMICO-INVESTIGATIVAS Y DE EXTENSION QUE PERMITAN PRODUCIR, REPRODUCIR, REELABORAR, APLICAR Y COMUNICAR EN LOS DIVERSOS NIVELES Y MODALIDADES EDUCATIVAS PROPIAS DE LA UNIVERSIDAD, LOS CONOCIMIENTOS CIENTIFICOS Y LAS APLICACIONES DE LOS MISMOS, PARA LA FORMACION, LA EDUCACION Y LA PROFESION A LA LUZ DEL COMPROMISO HISTORICO QUE IMPRIME LA DIRECCIONALIDAD INSTITUCIONAL.

LA MISION DE UNINCCA SE REALIZA EN EL MARCO DE LA LEGISLACION VIGENTE EN COLOMBIA PERO CUMPLIENDO CON SU OBJETIVO, DIRECCIONALIDAD, FINES Y AUTONOMIA INSTITUCIONALES.

LAS ACTIVIDADES ACADEMICAS, LA INVESTIGACION, LA DOCENCIA Y LA EXTENSION SE REALIZAN EN EL MARCO DE:

- EL COMPROMISO HISTORICO QUE IMPRIME LA DIRECCIONALIDAD INSTITUCIONAL.

- EL POSTULADO INSTITUCIONAL

- EL PROPOSITO SOCIAL INSTITUCIONAL Y

- LA AUTONOMIA INSTITUCIONAL, MATERIAL, ESPIRITUAL, CIENTIFICA Y LEGA.";Maria Carolina;Villamizar Bonilla;RECTOR;ACTO RESOLUTORIO;1891;28/03/2017;28/03/2017;28/03/2022;Maria Solita;Quijano Samper;REPRESENTANTE LEGAL;ACTO RESOLUTORIO;3;28/03/2017;28/03/2017;28/03/2022;;BOGOTA D.C;BOGOTA D.C.
1204;UNIVERSIDAD INDUSTRIAL DE SANTANDER;ACTIVA;890.201.213-4;PRINCIPAL;DEPARTAMENTAL;OFICIAL;UNIVERSIDAD;SANTANDER;BUCARAMANGA;Ciudad Universitaria Carrera 27 Calle 9;6344000;Asamblea Departamental de Santander;ORDENANZA;83;22/06/1944;205;www.uis.edu.co;SI;3/06/2005;2019;8;"LA UNIVERSIDAD INDUSTRIAL DE SANTANDER ES UNA ORGANIZACION QUE TIENE COMO PROPOSITO LA FORMACION DE PERSONAS DE ALTA CALIDAD ETICA, POLITICA Y PROFESIONAL; LA GENERACION Y ADECUACION DE CONOCIMIENTOS; LA CONSERVACION Y REINTERPRETACION DE LA CULTURA Y LA PARTICIPACION ACTIVA EN UN PROCESO DE CAMBIO POR EL PROGRESO Y MEJOR CALIDAD DE VIDA DE LA COMUNIDAD.
ORIENTAN SU MISION LOS PRINCIPIOS DEMOCRATICOS, LA REFLEXION CRITICA, EL EJERCICIO LIBRE DE LA CATEDRA, EL TRABAJO INTERDISCIPLINARIO Y LA RELACION CON EL MUNDO EXTERNO.
SUSTENTA SU TRABAJO EN LAS CUALIDADES HUMANAS DE LAS PERSONAS QUE LA INTEGRAN, EN LA CAPACIDAD LABORAL DE SUS EMPLEADOS, EN LA EXCELENCIA ACADEMICA DE SUS PROFESORES Y EN EL COMPROMISO DE LA COMUNIDAD UNIVERSITARIA CON LOS PROPOSITOS INSTITUCIONALES.";HERN˘N;PORRAS D˘AZ;RECTOR(E);ACUERDO C.S.;83;14/02/2019;15/02/2019;;HERN˘N;PORRAS D˘AZ;REPRESENTANTE LEGAL (E);ACUERDO C.S.;12;14/02/2019;15/02/2019;;"CENTROS TUTORIALES,SANTANDER,BUCARAMANGA;CENTROS TUTORIALES,SANTANDER,BARBOSA;CENTROS TUTORIALES,SANTANDER,BARBOSA;CENTROS TUTORIALES,SANTANDER,BARRANCABERMEJA;CENTROS TUTORIALES,SANTANDER,BARRANCABERMEJA;CENTROS TUTORIALES,SANTANDER,MALAGA;CENTROS TUTORIALES,SANTANDER,MALAGA;CENTROS TUTORIALES,SANTANDER,SOCORRO;CENTROS TUTORIALES,SANTANDER,SOCORRO;";SANTANDER;BUCARAMANGA
1801;UNIVERSIDAD LA GRAN COLOMBIA;ACTIVA;860.015.685;PRINCIPAL;CORPORACION;PRIVADA;UNIVERSIDAD;BOGOTA D.C;BOGOTA D.C.;Carrera 6 No. 13-40;3276999;MINISTERIO DE JUSTICIA;RESOLUCION;47;25/09/1953;49;www.ulagrancolombia.edu.co;NO;;;;MISION;SANTIAGO JOS˘;Castro Agudelo;RECTOR;ACTA;47;19/03/2019;19/03/2019;30/04/2023;SANTIAGO JOS˘;Castro Agudelo;REPRESENTANTE LEGAL;ACTA;5;19/03/2019;19/03/2019;30/04/2023;"CENTROS TUTORIALES,BOLIVAR,CARTAGENA;CENTROS TUTORIALES,CORDOBA,MONTERIA;CENTROS TUTORIALES,GUAJIRA,RIOHACHA;CENTROS TUTORIALES,MAGDALENA,SANTA MARTA;CENTROS TUTORIALES,ANTIOQUIA,MEDELLIN;CENTROS TUTORIALES,ANTIOQUIA,ARMENIA;CENTROS TUTORIALES,META,VILLAVICENCIO;CENTROS TUTORIALES,SANTANDER,BUCARAMANGA;";BOGOTA D.C;BOGOTA D.C.
1802;UNIVERSIDAD LA GRAN COLOMBIA;ACTIVA;860.015.685;SECCIONAL;CORPORACION;PRIVADA;UNIVERSIDAD;QUINDIO;ARMENIA;Av. Bolivar,  Carrera 14 No. 7-46;7460400;MINISTERIO DE JUSTICIA;RESOLUCION;47;25/09/1953;27;www.ugcarmen.edu.co;NO;;;;MISION;BIBIANA;VELEZ MEDINA;RECTOR(E);RESOLUCION;47;1/08/2016;1/08/2016;;JOSE;GALAT NOUMER;REPRESENTANTE LEGAL;NO INFORMA;434;23/01/2013;1/05/2013;1/05/2018;;QUINDIO;ARMENIA
1802;UNIVERSIDAD LA GRAN COLOMBIA;ACTIVA;860.015.685;SECCIONAL;CORPORACION;PRIVADA;UNIVERSIDAD;QUINDIO;ARMENIA;Av. Bolivar,  Carrera 14 No. 7-46;7460400;MINISTERIO DE JUSTICIA;RESOLUCION;47;25/09/1953;27;www.ugcarmen.edu.co;NO;;;;MISION;CAMILO AUGUSTO;TORRES DUQUE;RECTOR;RESOLUCION;47;7/04/2017;7/04/2017;;JOSE;GALAT NOUMER;REPRESENTANTE LEGAL;NO INFORMA;434;23/01/2013;1/05/2013;1/05/2018;;QUINDIO;ARMENIA
1806;UNIVERSIDAD LIBRE;ACTIVA;860.013.798-5;PRINCIPAL;CORPORACION;PRIVADA;UNIVERSIDAD;BOGOTA D.C;BOGOTA D.C.;Calle 8 No. 5-80;3821000;MINISTERIO DE GOBIERNO.;RESOLUCION;192;27/06/1946;69;www.unilibre.edu.co;SI;22/08/2016;16892;4;"LA UNIVERSIDAD LIBRE COMO CONCIENCIA CRôTICA DEL PAôS  Y DE LA êPOCA, RECREADORA DE LOS CONOCIMIENTOS CIENTôFICOS Y TECNOLÖGICOS;  PROYECTADOS  HACôA LA FORMACIÖN INTEGRAL DE UN EGRESADO  ACORDE CON LAS NECESIDADES FUNDAMENTALES DE LA SOCIEDAD, HACE SUYO EL COMPROMISO DE: 
- FORMAR DIRIGENTES PARA LA SOCIEDAD
- PROPENDER POR  LA IDENTIDAD  DE LA NACIONALIDAD COLOMBIANA, RESPETANDO LA DIVERSIDAD CULTURAL, REGIONAL Y êTNICA DEL PAôS
- PROCURAR LA PRESERVACION DEL MEDIO Y EL EQUILIBRIO DE LOS RECURSOS NATURALES
- SER ESPACIO PARA LA FORMACIÖN DE PERSONAS DEMOCRÊTICAS, PLURALISTAS, TOLERANTES  Y CULTORES DE LA DIFERENCIA.";FERNANDO ENRIQUE;DEJANON RODRôGUEZ;RECTOR;ACTA;192;11/04/2016;18/04/2016;17/04/2019;JORGE ORLANDO;ALARCON NIæO;REPRESENTANTE LEGAL;ACTA;1;30/03/2016;1/04/2016;31/03/2019;;BOGOTA D.C;BOGOTA D.C.
1807;UNIVERSIDAD LIBRE;ACTIVA;860.013.798-5;SECCIONAL;CORPORACION;PRIVADA;UNIVERSIDAD;VALLE DEL CAUCA;CALI;Diagonal 37A No. 3-29  Santa Isabel;5578128;MINISTERIO DE GOBIERNO.;RESOLUCION;192;27/06/1946;53;www.unilibrecali.edu.co;SI;22/08/2016;16892;4;"LA UNIVERSIDAD LIBRE COMO CONCIENCIA CRITICA DEL PAIS Y DE LA EPOCA, RECREADORA DE LOS CONOCIMIENTOS CIENTIFICOS Y TECNOLOGICOS, PROYECTADOS HACIA LA FORMACION INTEGRAL DE UN EGRESADO ACORDE CON LAS NECESIDADES FUNDAMENTALES DE LA SOCIEDAD, HACE SUYO EL COMPROMISO DE:
* PROVEER LOS SECTORES DIRIGENTES DE LA SOCIEDAD.
* PROPENDER POR LA IDENTIDAD DE LA NACIONALIDAD COLOMBIANA, RESPETANDO LA DIVERSIDAD CULTURAL, REGIONAL  Y ETNICA DEL PAIS.
* PROCURAR LA PRESERVACION DEL MEDIO Y EL EQUILIBRIO DE LOS RECURSOS NATURALES.
* INCULCAR EN TODA LA COMUNIDAD UNILIBRISTA EL ESPIRITU DE PERTENENCIA.
* SER ESPACIO PARA LA  FORMACION DE PERSONAS DEMOCRATICAS, PLURALISTAS, TOLERANTES Y CULTORAS DE LA DIFERENCIA.";FERNANDO ENRIQUE;DEJANON RODRôGUEZ;RECTOR;ACTA;192;11/04/2016;18/04/2016;17/04/2019;Jorge Orlando;AlarcΩn Niœo;REPRESENTANTE LEGAL;ASAMBLEA GENERAL;1;30/03/2016;1/04/2016;31/03/2019;;VALLE DEL CAUCA;CALI
1808;UNIVERSIDAD LIBRE;ACTIVA;860.013.798-5;SECCIONAL;CORPORACION;PRIVADA;UNIVERSIDAD;ATLANTICO;BARRANQUILLA;Km. 7 antigua v≠a Puerto Colombia;3598915;MINISTERIO DE GOBIERNO.;RESOLUCION;192;27/06/1946;53;www.unilibrebaq.edu.co;SI;22/08/2016;16892;4;MISION;FERNANDO ENRIQUE;DEJANON RODRôGUEZ;RECTOR;ACTA;192;11/04/2016;18/04/2016;17/04/2019;JORGE ORLANDO;ALARCÖN NIæO;REPRESENTANTE LEGAL;ACTA;1;30/03/2016;1/04/2016;31/03/2019;;ATLANTICO;BARRANQUILLA
1809;UNIVERSIDAD LIBRE;ACTIVA;860.013.798-5;SECCIONAL;CORPORACION;PRIVADA;UNIVERSIDAD;RISARALDA;PEREIRA;Calle 40 Nı 7-30;3366019;MINISTERIO DE GOBIERNO;RESOLUCION;192;27/06/1946;50;www.unilibrepereira.edu.co;SI;22/08/2016;16892;4;"LA UNIVERSIDAD LIBRE COMO CONCIENCIA CRôTICA DEL PAôS Y DE LA êPOCA, RECREADORA DE LOS CONOCIMIENTOS CIENTôFICOS Y TECNOLÖGICOS, PROYECTADOS HACIA LA FORMACIÖN INTEGRAL DEL PROFESIONAL ACORDE CON LAS NECESIDADES FUNDAMENTALES DE LA SOCIEDAD,  HACE SUYO EL COMPROMISO DE:
FORMAR  DIRIGENTES PARA LA  SOCIEDAD.

PROPENDER POR LA IDENTIDAD DE LA NACIONALIDAD COLOMBIANA, RESPETANDO LA DIVERSIDAD CULTURAL, REGIONAL Y êTNICA DEL PAôS.

PROCURAR LA PRESERVACIÖN DEL MEDIO Y EL EQUILIBRIO DE LOS RECURSOS NATURALES.

SER ESPACIO PARA LA  FORMACIÖN DE PERSONAS DEMOCRÊTICAS, PLURALISTAS, TOLERANTES Y CULTORES DE LA DIFERENCIA.";FERNANDO ENRIQUE;DEJANON RODRôGUEZ;RECTOR;ACTA;192;11/04/2016;18/04/2016;17/04/2019;JORGE ORLANDO;ALARCÖN NIæO;REPRESENTANTE LEGAL;ASAMBLEA GENERAL;1;30/03/2016;1/04/2016;31/03/2019;;RISARALDA;PEREIRA
1810;UNIVERSIDAD LIBRE;ACTIVA;860.013.798-5;SECCIONAL;CORPORACION;PRIVADA;UNIVERSIDAD;NORTE DE SANTANDER;CUCUTA;Av. Canal Bogotˇ Margen Izquierdo, IntersecciΩn Benjam≠n Herrera;5790896;MINISTERIO DE GOBIERNO.;RESOLUCION;192;27/06/1946;31;www.unilibrecucuta.edu.co;SI;22/08/2016;16892;4;MISION;FERNANDO ENRIQUE;DEJANON RODRôGUEZ;RECTOR;ACTA;192;11/04/2016;18/04/2016;17/04/2019;JORGE ORLANDO;ALARCON NIæO;REPRESENTANTE LEGAL;ACTA;1;30/03/2016;1/04/2016;31/03/2019;;NORTE DE SANTANDER;CUCUTA
1811;UNIVERSIDAD LIBRE;ACTIVA;860.013.798-5;SECCIONAL;CORPORACION;PRIVADA;UNIVERSIDAD;SANTANDER;SOCORRO;Campus Universitario Majavita;7296945;MINISTERIO DE GOBIERNO;RESOLUCION;192;27/06/1946;21;www.unilibresoc.edu.co;SI;22/08/2016;16892;4;"LA UNIVERSIDAD LIBRE COMO CONCIENCIA CRITICA DEL PAIS  Y DE LA EPOCA; RECREADORA DE LOS CONOCIMIENTOS  CIENTIFICOS Y TECNOLOGICOS, PROYECTADOS HACIA LA FORMACION INTEGRAL DE UN EGRESADO ACORDE CON LAS NECESIDADES FUNDAMENTALES DE LA SOCIEDAD, HACE SUYO EL COMPROMISO DE:  *  PROVEER LOS  SECTORES DIRIGENTES DE LA SOCIEDAD.  *  PROPENDER POR LA IDENTIDAD DE LA NACIONALIDAD COLOMBIANA RESPETANDO LA DIVERSIDAD CULTURAL, REGIONAL Y ETNICA DEL PAIS. * PROCURAR LA PRESERVACION DEL MEDIO Y EQUILIBRIO DE LOS RECURSOS NATURALES. * INCULCAR EN TODA LA COMUNIDAD UNILIBRISTA EL ESPIRITU  DE PERTENENCIA. * SER ESPACIO DE FORMACION DE PERSONAS DEMOCRATICAS, PLURALISTAS, TOLERANTES Y CULTURALES DE LA DIFERENCIA.";FERNANDO ENRIQUE;DEJANON RODRôGUEZ;RECTOR;ACTA;192;11/04/2016;18/04/2016;17/04/2019;JORGE ORLANDO;ALARCÖN NIæO;REPRESENTANTE LEGAL;ACTA;1;30/03/2016;1/04/2016;31/03/2019;;SANTANDER;SOCORRO
1735;UNIVERSIDAD MANUELA BELTRAN-UMB-;ACTIVA;860.517.647-5;PRINCIPAL;FUNDACION;PRIVADA;UNIVERSIDAD;BOGOTA D.C;BOGOTA D.C.;Avenida Circunvalar No. 60 - 00;5460600;MINISTERIO DE EDUCACION NACIONAL.;RESOLUCION;11110;13/07/1983;76;www.umb.edu.co;NO;;;;"LA UMB ES UN SEMILLERO DE BUENOS CIUDADANOS, INNOVADORES Y PRODUCTIVOS, LIDERES EN SU COMUNIDAD Y EN SU DISCIPLINA.
EMPRESARIOS CAPACES DE ASUMIR RIESGOS Y DE CONCRETAR SOLUCIONES,INVESTIGADORES PREOCUPADOS POR LOGRAR CIENCIA Y TECNOLOGIAS APROPIADAS Y UTILES. SU AMBIENTE ACADEMICO DA CABIDA AL PLURALISMO IDEOLOGICO; A LAS DIFERENTES MANIFESTACIONES DE LA CULTURA, AL CULTIVO DE LA SENSIBILIDAD ESTETICA, HUMANISTICA Y AL AMOR Y RESPETO POR LA ECOLOGIA.
LA ACTIVIDAD DOCENTE SE FUNDAMENTA SOBRE LA ESTRATEGIA DIDACTICA DE LA BUSQUEDA DE CONOCIMIENTO NUEVO MEDIANTE LINEAS DE INVESTIGACION, ACCION QUE ALIMENTAN LOS PROCESOS ACADEMICOS.
ESTA DEDICADA A LA FORMACION DE EXCELENTES PROFESIONALES A NIVEL DE PREGRADO Y POSTGRADO, LIDERES AUTONOMOS, REFLEXIVOS, CRITICOS, CREATIVOS Y A LA TRADICION QUE IDENTIFICAN AL PAIS.";Juan Carlos;Beltrˇn GΩmez;RECTOR(E);ACTA C.S.;11110;10/12/2015;19/12/2015;;ALEJANDRA;Acosta Henriquez;REPRESENTANTE LEGAL SUPLENTE;ACTA C.S.;116;25/08/2016;25/08/2016;;;BOGOTA D.C;BOGOTA D.C.
1735;UNIVERSIDAD MANUELA BELTRAN-UMB-;ACTIVA;860.517.647-5;PRINCIPAL;FUNDACION;PRIVADA;UNIVERSIDAD;BOGOTA D.C;BOGOTA D.C.;Avenida Circunvalar No. 60 - 00;5460600;MINISTERIO DE EDUCACION NACIONAL.;RESOLUCION;11110;13/07/1983;76;www.umb.edu.co;NO;;;;"LA UMB ES UN SEMILLERO DE BUENOS CIUDADANOS, INNOVADORES Y PRODUCTIVOS, LIDERES EN SU COMUNIDAD Y EN SU DISCIPLINA.
EMPRESARIOS CAPACES DE ASUMIR RIESGOS Y DE CONCRETAR SOLUCIONES,INVESTIGADORES PREOCUPADOS POR LOGRAR CIENCIA Y TECNOLOGIAS APROPIADAS Y UTILES. SU AMBIENTE ACADEMICO DA CABIDA AL PLURALISMO IDEOLOGICO; A LAS DIFERENTES MANIFESTACIONES DE LA CULTURA, AL CULTIVO DE LA SENSIBILIDAD ESTETICA, HUMANISTICA Y AL AMOR Y RESPETO POR LA ECOLOGIA.
LA ACTIVIDAD DOCENTE SE FUNDAMENTA SOBRE LA ESTRATEGIA DIDACTICA DE LA BUSQUEDA DE CONOCIMIENTO NUEVO MEDIANTE LINEAS DE INVESTIGACION, ACCION QUE ALIMENTAN LOS PROCESOS ACADEMICOS.
ESTA DEDICADA A LA FORMACION DE EXCELENTES PROFESIONALES A NIVEL DE PREGRADO Y POSTGRADO, LIDERES AUTONOMOS, REFLEXIVOS, CRITICOS, CREATIVOS Y A LA TRADICION QUE IDENTIFICAN AL PAIS.";ALEJANDRA;ACOSTA HENRIQUEZ;RECTOR;ACTA C.S.;11110;25/08/2016;5/09/2016;;ALEJANDRA;Acosta Henriquez;REPRESENTANTE LEGAL SUPLENTE;ACTA C.S.;116;25/08/2016;25/08/2016;;;BOGOTA D.C;BOGOTA D.C.
9122;UNIVERSIDAD MANUELA BELTRAN-UMB-;ACTIVA;860.517.647-5;SECCIONAL;FUNDACION;PRIVADA;UNIVERSIDAD;SANTANDER;BUCARAMANGA;Calle de los Estudiantes 10-20 Ciudadela Real de Minas;6445323;MINISTERIO DE EDUCACION NACIONAL;RESOLUCION;11110;13/07/1983;21;www.umb.edu.co;NO;;;;;ALBERTO;CADENA ANGARITA;RECTOR;NO INFORMA;11110;17/09/2012;17/09/2012;;ALBERTO;CADENA ANGARITA;REPRESENTANTE LEGAL;NO INFORMA;.;17/09/2012;17/09/2012;;;SANTANDER;BUCARAMANGA
1720;UNIVERSIDAD MARIANA;ACTIVA;800.092.198-5;PRINCIPAL;FUNDACION;PRIVADA;UNIVERSIDAD;NARINIO;PASTO;Calle 18 No. 34-104;7314923;GOBIERNO DEPARTAMENTAL DE NARIæO.;RESOLUCION;230;25/03/1970;64;www.umariana.edu.co;NO;;;;"LA UNIVERSIDA MARIANA, INSTITUCION  DE EDUCACION SUPERIOR, DE CARACTER CATOLICO, AL SERVICIO DE LA IGLESIA Y DE LA SOCIEDAD, PROPENDE ANTE TODO POR LA  INTERIORIZACION Y LA PRACTICA DE LOS VALORES DE LA VIDA, LA JUSTICIA, LA TOLERANCIA, EL AMOR , LA LIBERTAD, EL RESPETO, LA CONVIVENCIA Y LA BUSQUEDA DE LA PAZ EN UN CONTEXTO  UNIVERSITARIO DE PRURALISMO, PARTICIPACION Y RESPETO POR LA  DIVERSIDAD Y EL EJERCICIO RESPONSABLE DE LA AUTONOMIA.

ASUME LA  FORMACION INTEGRAL DEL SER HUMANO, TANTO DESDE EL CURRICULO, COMO  DESDE EL AMBIENTE  UNIVERSITARIO GENERAL  PARA PROPICIAR EL DESARROLLO DE PROCESOS INTERNOS DE CRECIMIENTO Y REALIZACION HUMANA  DE LOS MIEMBROS DE LA COMUNIDAD UNIVERSITARIA, A TRAVES DE LA PEDAGOGIA  INVOLUCRA AL ESTUDIANTE Y AL DOCENTE EN UN PROCESO DE CONSTRUCCION HUMANA,  COMO PERSONA, CIUDADANO Y PROFESIONAL.";MAR˘A TERESA;Gonz˘lez Silva;RECTOR;NO INFORMA;230;30/06/2018;1/07/2018;30/06/2021;MAR˘A TERESA;Gonz˘lez Silva;REPRESENTANTE LEGAL;NO INFORMA;29;30/06/2018;1/07/2018;30/06/2021;;NARINIO;PASTO
1824;UNIVERSIDAD METROPOLITANA;ACTIVA;890.105.361-5;PRINCIPAL;CORPORACION;PRIVADA;UNIVERSIDAD;ATLANTICO;BARRANQUILLA;Calle 76 No. 42-78;3587889;MINISTERIO DE JUSTICIA;RESOLUCION;1052;25/02/1974;26;www.unimetro.edu.co;NO;;;;"LA UNIVERSIDAD METROPOLITANA TIENE COMO MISION:  FORTALECER LA LIBERTAD DE PENSAMIENTO, CONTRIBUYENDO EN LA  CREACION DE CONOCIMIENTOS INTERDISCIPLINARIOS, QUE MEDIANTE LA CONCURRENCIA DE LAS COMUNIDADES ACADEMICAS Y CIENTIFICAS PROPICIEN LA GENERACION DE IDEAS Y PERMITAN LA FORMACION DE SERES LIBRES, LIDERES, CREATIVOS, CRITICOS, REFLEXIVOS, ANALITICOS Y SOLIDARIOS QUE ACTUEN COMO VERDADEROS AGENTES DE CAMBIO.  LA UNIVERSIDAD ENFATIZA EN LA PERMANENTE BUSQUEDA DE LA EXCELENCIA Y LA AUTENTICIDAD EN CONCORDANCIA CON SUS CARACTERISTICAS INTRINSECAS, CON PEDAGOGIA AUTOMOTIVANTE; Y CON UN PROYECTO EDUCATIVO AUTOCTONO ENCAMINADO AL DESARROLLO DE LAS CIENCIAS DE LA SALUD.";JUAN JOSE;ACOSTA OSSIO;RECTOR SUPLENTE;ACUERDO C.D.;1052;6/12/2016;6/12/2016;2/07/2018;JUAN JOSE;ACOSTA OSSIO;REPRESENTANTE LEGAL;NO INFORMA;123;16/03/2018;3/07/2018;2/07/2020;;ATLANTICO;BARRANQUILLA
1824;UNIVERSIDAD METROPOLITANA;ACTIVA;890.105.361-5;PRINCIPAL;CORPORACION;PRIVADA;UNIVERSIDAD;ATLANTICO;BARRANQUILLA;Calle 76 No. 42-78;3587889;MINISTERIO DE JUSTICIA;RESOLUCION;1052;25/02/1974;26;www.unimetro.edu.co;NO;;;;"LA UNIVERSIDAD METROPOLITANA TIENE COMO MISION:  FORTALECER LA LIBERTAD DE PENSAMIENTO, CONTRIBUYENDO EN LA  CREACION DE CONOCIMIENTOS INTERDISCIPLINARIOS, QUE MEDIANTE LA CONCURRENCIA DE LAS COMUNIDADES ACADEMICAS Y CIENTIFICAS PROPICIEN LA GENERACION DE IDEAS Y PERMITAN LA FORMACION DE SERES LIBRES, LIDERES, CREATIVOS, CRITICOS, REFLEXIVOS, ANALITICOS Y SOLIDARIOS QUE ACTUEN COMO VERDADEROS AGENTES DE CAMBIO.  LA UNIVERSIDAD ENFATIZA EN LA PERMANENTE BUSQUEDA DE LA EXCELENCIA Y LA AUTENTICIDAD EN CONCORDANCIA CON SUS CARACTERISTICAS INTRINSECAS, CON PEDAGOGIA AUTOMOTIVANTE; Y CON UN PROYECTO EDUCATIVO AUTOCTONO ENCAMINADO AL DESARROLLO DE LAS CIENCIAS DE LA SALUD.";JUAN JOSE;ACOSTA OSSIO;RECTOR;ACUERDO C.D.;1052;6/12/2016;6/12/2016;2/07/2018;JUAN JOSE;ACOSTA OSSIO;REPRESENTANTE LEGAL;NO INFORMA;123;16/03/2018;3/07/2018;2/07/2020;;ATLANTICO;BARRANQUILLA
1117;UNIVERSIDAD MILITAR-NUEVA GRANADA;ACTIVA;800.225.340;PRINCIPAL;NACIONAL;OFICIAL;UNIVERSIDAD;BOGOTA D.C;BOGOTA D.C.;Carrera 11 No. 101-80;2159689;Congreso de la Republica;DECRETO LEY;84;23/01/1980;122;www.umng.edu.co;SI;16/07/2015;10683;6;MISION;HUGO;RODRIGUEZ DURAN;RECTOR;ACUERDO C.S.;84;31/07/2015;15/08/2015;15/08/2019;HUGO;RODRIGUEZ DURAN;REPRESENTANTE LEGAL;ACUERDO C.S.;11;31/07/2015;15/08/2015;15/08/2019;"CONVENIO,BOLIVAR,CARTAGENA;CONVENIO,VALLE DEL CAUCA,CALI;CONVENIO,VALLE DEL CAUCA,PALMIRA;";BOGOTA D.C;BOGOTA D.C.
2102;UNIVERSIDAD NACIONAL ABIERTA Y A DISTANCIA UNAD;ACTIVA;860.512.780-4;PRINCIPAL;NACIONAL;OFICIAL;UNIVERSIDAD;BOGOTA D.C;BOGOTA D.C.;Calle 14 No 14-23 Sur;3443700;Congreso de Colombia;LEY;52;7/07/1981;67;www.unad.edu.co;NO;;;;CONTRIBUIR A LA FORMACION INTEGRAL Y PERMANENTE DE PROFESIONALES E INVESTIGADORES, CAPACES DE ASIMILAR REFLEXIVAMENTE LA DINAMICA CULTURAL DE LA COMUNIDAD Y DE PARTICIPAR EN LA GENERACION, APROPIACION Y APLICACION DEL CONOCIMIENTO, CON ENFASIS EN LA SOLUCION DE PROBLEMAS NACIONALES, PREFERENCIALMENTE POR MEDIO DE LA METODOLOGIA ABIERTA Y A DISTANCIA, LA AUTOGESTION FORMATIVA Y LA REALIZACION DE INNOVACIONES QUE FACILITEN LA TRANSFORMACION PRODUCTIVA Y EL CAMBIO SOCIOCULTURAL DE LAS REGIONES.;JAIME ALBERTO;LEAL AFANADOR;RECTOR;ACUERDO;52;2/03/2015;2/03/2015;1/03/2019;JAIME ALBERTO;LEAL AFANADOR;REPRESENTANTE LEGAL;ACUERDO;2;2/03/2015;2/03/2015;1/03/2019;"CENTROS TUTORIALES,BOGOTA D.C,BOGOTA D.C.;CENTROS TUTORIALES,BOGOTA D.C,BOGOTA D.C.;CENTROS TUTORIALES,BOGOTA D.C,BOGOTA D.C.;CENTROS TUTORIALES,BOGOTA D.C,BOGOTA D.C.;CENTROS TUTORIALES,BOYACA,TUNJA;CENTROS TUTORIALES,BOYACA,TUNJA;CENTROS TUTORIALES,BOYACA,TUNJA;CENTROS TUTORIALES,BOYACA,TUNJA;CENTROS TUTORIALES,CESAR,VALLEDUPAR;CENTROS TUTORIALES,CESAR,VALLEDUPAR;CENTROS TUTORIALES,CESAR,VALLEDUPAR;CENTROS TUTORIALES,HUILA,NEIVA;CENTROS TUTORIALES,HUILA,NEIVA;CENTROS TUTORIALES,HUILA,PITALITO;CENTROS TUTORIALES,HUILA,PITALITO;CENTROS TUTORIALES,ANTIOQUIA,MEDELLIN;CENTROS TUTORIALES,ANTIOQUIA,MEDELLIN;CENTROS TUTORIALES,ANTIOQUIA,MEDELLIN;CENTROS TUTORIALES,ANTIOQUIA,MEDELLIN;CENTROS TUTORIALES,META,ACACIAS;CENTROS TUTORIALES,META,ACACIAS;CENTROS TUTORIALES,META,ACACIAS;CENTROS TUTORIALES,SANTANDER,BUCARAMANGA;CENTROS TUTORIALES,SANTANDER,BUCARAMANGA;CENTROS TUTORIALES,SANTANDER,BUCARAMANGA;CENTROS TUTORIALES,SANTANDER,BUCARAMANGA;CENTROS TUTORIALES,VALLE DEL CAUCA,PALMIRA;CENTROS TUTORIALES,VALLE DEL CAUCA,PALMIRA;CENTROS TUTORIALES,VALLE DEL CAUCA,PALMIRA;CENTROS TUTORIALES,VALLE DEL CAUCA,PALMIRA;CENTROS TUTORIALES,ATLANTICO,PUERTO COLOMBIA;";BOGOTA D.C;BOGOTA D.C.
1101;UNIVERSIDAD NACIONAL DE COLOMBIA;ACTIVA;899.999.063-3;PRINCIPAL;NACIONAL;OFICIAL;UNIVERSIDAD;BOGOTA D.C;BOGOTA D.C.;Carrera 45 #26 - 85;3165000;Congreso de la Republica;LEY;66;31/12/1969;274;www.unal.edu.co;SI;9/04/2010;2513;10;MISION;DOLLY;Montoya Casta˘o;RECTOR;NO INFORMA;66;22/03/2018;2/05/2018;1/05/2021;DOLLY;Montoya Casta˘o;REPRESENTANTE LEGAL;NO INFORMA;19;22/03/2018;2/05/2018;1/05/2021;;BOGOTA D.C;BOGOTA D.C.
1102;UNIVERSIDAD NACIONAL DE COLOMBIA;ACTIVA;899.999.063-3;SECCIONAL;NACIONAL;OFICIAL;UNIVERSIDAD;ANTIOQUIA;MEDELLIN;Calle 59 A  No. 63-20;4309000;Congreso de la Republica;LEY;66;31/12/1969;119;www.unalmed.edu.co;SI;9/04/2010;2513;10;MISION;DOLLY;Montoya Casta˘o;RECTOR;NO INFORMA;66;22/03/2018;2/05/2018;1/05/2021;DOLLY;Montoya Casta˘o;REPRESENTANTE LEGAL;NO INFORMA;19;22/03/2018;2/05/2018;1/05/2021;;ANTIOQUIA;MEDELLIN
1103;UNIVERSIDAD NACIONAL DE COLOMBIA;ACTIVA;899.999.063-3;SECCIONAL;NACIONAL;OFICIAL;UNIVERSIDAD;CALDAS;MANIZALES;Carrera 27 No. 64-60;862733;Congreso de la Republica;LEY;66;19/03/2007;56;www.manizales.unal.edu.co;SI;9/04/2010;2513;10;"SERVIR A LA SOCIEDAD MEDIANTE LA CONSTRUCCION DE NACION DESDE LA REGION, Y LA FORMACION DE PROFESIONALES INTEGRALES, COMPETENTES NACIONAL E INTERNACIONALMENTE.

CON UNA BASE ETICA, HUMANISTICA, CIEN";DOLLY;Montoya Casta˘o;RECTOR;NO INFORMA;66;22/03/2018;2/05/2018;1/05/2021;DOLLY;Montoya Casta˘o;REPRESENTANTE LEGAL;NO INFORMA;19;22/03/2018;2/05/2018;1/05/2021;;CALDAS;MANIZALES
1104;UNIVERSIDAD NACIONAL DE COLOMBIA;ACTIVA;899.999.063-3;SECCIONAL;NACIONAL;OFICIAL;UNIVERSIDAD;VALLE DEL CAUCA;PALMIRA;Carrera 32 Via Candelaria;2717000;Congreso de la Republica;LEY;66;19/03/2007;20;www.palmira.unal.edu.co;SI;9/04/2010;2513;10;SE DEFINE COMO UN ENTE AUTONOMO, QUE CONFORME A LA CONSTITUCION NACIONAL DEBE CUMPLIR FUNCIONES DE ESTADO FRENTE A: LA PROMOCION DE LA EXCELENCIA DE LA EDUCACION SUPERIOR, EL FOMENTO DEL ACCESO A ELLA;DOLLY;Montoya Casta˘o;RECTOR;NO INFORMA;66;22/03/2018;2/05/2018;1/05/2021;DOLLY;Montoya Casta˘o;REPRESENTANTE LEGAL;NO INFORMA;19;22/03/2018;2/05/2018;1/05/2021;;VALLE DEL CAUCA;PALMIRA
1124;UNIVERSIDAD NACIONAL DE COLOMBIA;ACTIVA;899.999.063-3;SECCIONAL;NACIONAL;OFICIAL;UNIVERSIDAD;ARAUCA;ARAUCA;Kilometro 9 via Arauca;3165214;Congreso de la Republica;LEY;66;31/12/1969;3;www.arauca.unal.edu.co;SI;9/04/2010;2513;10;SIN DEFINIR;DOLLIY;Montoya Casta˘o;RECTOR;NO INFORMA;66;22/03/2018;2/05/2018;1/05/2021;DOLLIY;Montoya Casta˘o;REPRESENTANTE LEGAL;NO INFORMA;19;22/03/2018;2/05/2018;1/05/2021;;ARAUCA;ARAUCA
1125;UNIVERSIDAD NACIONAL DE COLOMBIA;ACTIVA;899.999.063-3;SECCIONAL;NACIONAL;OFICIAL;UNIVERSIDAD;AMAZONAS;LETICIA;Km. 1 Via Tarapaca;5927254;Congreso de la Republica;LEY;66;31/12/1969;5;www.imani.unal.edu.co;SI;9/04/2010;2513;10;SIN DEFINIR;DOLLY;Montoya Casta˘o;RECTOR;NO INFORMA;66;22/03/2018;2/05/2018;1/05/2021;DOLLY;Montoya Casta˘o;REPRESENTANTE LEGAL;NO INFORMA;19;22/03/2018;2/05/2018;1/05/2021;;AMAZONAS;LETICIA
1126;UNIVERSIDAD NACIONAL DE COLOMBIA;ACTIVA;899.999.063-3;SECCIONAL;NACIONAL;OFICIAL;UNIVERSIDAD;SAN ANDRES Y PROVIDENCIA;SAN ANDRES;Carretera Circunvalar San Luis;5133310;Congreso de la Republica;LEY;66;31/12/1969;4;www.caribe.unal.edu.co;SI;9/04/2010;2513;10;SIN DEFINIR;DOLLY;Montoya Casta˘o;RECTOR;NO INFORMA;66;22/03/2018;2/05/2018;1/05/2021;DOLLY;Montoya Casta˘o;REPRESENTANTE LEGAL;NO INFORMA;19;22/03/2018;2/05/2018;1/05/2021;;SAN ANDRES Y PROVIDENCIA;SAN ANDRES
9920;UNIVERSIDAD NACIONAL DE COLOMBIA;ACTIVA;899.999.063-3;SECCIONAL;NACIONAL;OFICIAL;UNIVERSIDAD;NARINIO;TUMACO;Calle 44 N˘ 45-67;3165000;Consejo Superior Universitario;ACUERDO;14;10/03/1997;0;http://www.tumaco-pacifico.unal.edu.co/;NO;;;;Misi˘n;DOLLY;Montoya Casta˘o;RECTOR;NO INFORMA;14;22/03/2018;2/05/2018;1/05/2021;DOLLY;Montoya Casta˘o;REPRESENTANTE LEGAL;NO INFORMA;19;22/03/2018;2/05/2018;1/05/2021;;NARINIO;TUMACO
9933;UNIVERSIDAD NACIONAL DE COLOMBIA - LA PAZ;ACTIVA;899.999.063-3;PRINCIPAL;NACIONAL;OFICIAL;UNIVERSIDAD;CESAR;LA PAZ;Carrera 45 #26 - 85;3165000;SIN DATO;NO INFORMA;SIN DATO;5/12/2018;0;www.unal.edu.co;NO;;;;;;;;;SIN DATO;;;;;;;;;;;;;CESAR;LA PAZ
1105;UNIVERSIDAD PEDAGOGICA NACIONAL;ACTIVA;899.999.124-4;PRINCIPAL;NACIONAL;OFICIAL;UNIVERSIDAD;BOGOTA D.C;BOGOTA D.C.;Calle  73  No.11-95;3471190;Gobierno Nacional.;DECRETO;197;1/02/1955;37;www.pedagogica.edu.co;SI;17/08/2016;16715;4;"LA UNIVERSIDAD PEDAGOGICA NACIONAL IMPULSA CONFORME A SUS ORIGENES Y VISION LA CONSTRUCCION DEL PROYECTO PEDAGOGICO DE LA NACION.  EN TAL SENTIDO, CENTRA SU COMPROMISO NSTITUCIONAL EN LA PROMOCION INTEGRAL DE LAS PERSONAS Y EL DESARROLLO SOCIAL Y CULTURAL DEL PAIS.

DESARROLLA LOS PROCESOS DE INVESTIGACION QUE SE REQUIEREN PARA EL AVANCE CIENTIFICO, TECNOLOGICO, ARTISTICO, POLITICO Y FILOSOFICO EN EL CAMPO DE LA EDUCACION Y LA PEDAGOGIA, FORMANDO REDES EDUCATIVAS, LOCALES, REGIONALES, NACIONALES E INTERNACIONALES.

INNOVA, ORIENTA Y DINAMIZA LOS PROCESOS PEDAGOGICOS Y ASUME UN COMPROMISO DECIDIDO CON LAS INSTITUCIONES EDUCATIVAS, LA FAMILIA Y LOS MEDIOS DE COMUNICACION, MEDIANTE UN ANALISIS PERMANENTE DE LOS PROBLEMAS EDUCATIVOS.

FORMA PROFESIONALES DE LA EDUCACION Y DEMAS AGENTES EDUCATIVOS EN TODOS LOS NIVELES Y MODALIDADES DEL SITEMA EDUCATIVO DEL PAIS Y ATIENDE LOS PROCESOS EDUCATIVOS ORIENTADOS A POBLACIONES ESPECIALES, Y EN AMBITOS NO FORMALES E INFORMALES.

EVALUA EL SISTEMA EDUCATIVO NACIONAL Y RETROALIMENTA AL MINESTERIO DE EDUCACION NACIONAL Y A OTROS ORGANISMOS GUBERNAMENTALES Y NO GUBERNAMENTALES PARA LA FORMULACION DE POLITICAS Y PARA LA CREACION, IMPLEMENTACION Y EVALUACION DE PROGRMAS Y PROYECTOS DE INVESTIGACION EN EDUCACION Y PEDAGOGIA.";LEONARDO FABIO;Mart˘nez P˘rez;RECTOR;ACUERDO;197;14/06/2018;3/07/2018;2/07/2022;LEONARDO FABIO;Mart˘nez P˘rez;REPRESENTANTE LEGAL;ACUERDO;22;14/06/2018;3/07/2018;2/07/2022;;BOGOTA D.C;BOGOTA D.C.
1106;UNIVERSIDAD PEDAGOGICA Y TECNOLOGICA DE COLOMBIA - UPTC;ACTIVA;891800330-1;PRINCIPAL;NACIONAL;OFICIAL;UNIVERSIDAD;BOYACA;TUNJA;Avenida Central del Norte;7422175;Gobierno Nacional;DECRETO;2655;10/10/1953;131;www.uptc.edu.co;SI;24/03/2015;3910;6;"LA UNIVERSIDAD PEDAGOGICA Y TECNOLOGICA DE COLOMBIA (UPTC), TIENE COMO MISION LA FORMACION INTEGRAL, PROFESIONAL Y ETICA DE SUS ESTUDIANTES Y LA BUSQUEDA DE LA EXCELENCIA ACADEMICA;  EDIFICAMOS EL FUTURO POR MEDIO DE UN PROYECTO INSTITUCIONAL EN LO CIENTIFICO,  LO TECNICO, LO SOCIAL Y LO CULTURAL. CON TAL PROPOSITO,  PROMUEVE EL DESARROLLO DE LAS CAPACIDADES HUMANAS DE LA COMUNIDAD UNIVERSITARIA, A TRAVES DE LA ORIENTACION PEDAGOGICA, DE LA INVESTIGACION Y DE LA EXTENSION, LA INTERACCION CON LA SOCIEDAD Y LA CONSOLIDACION DEL SISTEMA REGIONAL UNIVERSITARIO.

LEMA

&quot;ORGULLOSOS DE NUESTRO PASADO, DESDE BOYACA, EDIFICAMOS EL FUTURO DE COLOMBIA&quot;";OSCAR HERN˘N;Ram˘˘rez;RECTOR;ACUERDO;2655;27/11/2018;1/01/2019;31/12/2022;OSCAR HERN˘N;Ram˘rez;REPRESENTANTE LEGAL;ACUERDO;88;27/11/2018;1/01/2019;31/12/2022;"CENTROS TUTORIALES,BOYACA,TUNJA;CENTROS TUTORIALES,BOYACA,CHIQUINQUIRA;CENTROS TUTORIALES,BOYACA,DUITAMA;CENTROS TUTORIALES,BOYACA,SOGAMOSO;";BOYACA;TUNJA
1107;UNIVERSIDAD PEDAGOGICA Y TECNOLOGICA DE COLOMBIA - UPTC;ACTIVA;891800330-1;SECCIONAL;NACIONAL;OFICIAL;UNIVERSIDAD;BOYACA;DUITAMA;Carrera 18 Calle 23;604100;Gobierno Nacional;DECRETO;2655;19/03/2007;17;www.uptc.edu.co;SI;24/03/2015;3910;6;"LA U.P.T.C. TIENE COMO MISION LA CONSTRUCCION DEL FUTURO EN LA FORMACION INTEGRAL Y PROFESIONAL CON EXCELENCIA ACADEMICA.  CON TAL PROPOSITO PROMUEVE EL DESARROLLO DE LAS CAPACIDADES HUMANAS Y SE APOYA EN LA DOCENCIA CON ENFASIS EN LA ORIENTACION PEDAGOGICA.  LA INVESTIGACION Y LA
EXTENSION COMO SERVICIO A LA COMUNIDAD Y EN CONSOLIDACION DEL SISTEMA REGIONAL UNIVERSITARIO.";OSCAR HERN˘N;Ram˘˘rez;RECTOR;ACUERDO;2655;27/11/2018;1/01/2019;31/12/2022;OSCAR HERN˘N;Ram˘rez;REPRESENTANTE LEGAL;ACUERDO;88;27/11/2018;1/01/2019;31/12/2022;;BOYACA;DUITAMA
1108;UNIVERSIDAD PEDAGOGICA Y TECNOLOGICA DE COLOMBIA - UPTC;ACTIVA;891800330-1;SECCIONAL;NACIONAL;OFICIAL;UNIVERSIDAD;BOYACA;SOGAMOSO;Calle 4 Sur No. 15-134;701693;Gobierno Nacional.;DECRETO;2655;19/03/2007;22;www.uptc.edu.co;SI;24/03/2015;3910;6;"LA U.P.T.C. QUE A TRAVES DE LA CONSTRUCCION DEL PENSAMIENTO CRITICO Y ETICO ENCUENTRA SU GENESIS EN EL RECONOCIMIENTO DE NUESTRAS REALIDADES LOCALES Y MULTICULTURALES, PROPENDE POR EL FORTALECIMIENTO DE SU SER HISTORICO A PARTIR DE LO MUISCA Y LO HERRERA  EN LO PEDAGOGICO,DE SU SER TECNOLOGICO EN LA INNOVACION AL SERVICIO DEL PENSAMIENTO, Y DE SU SER INVESTIGATIVO EN LA CONSTRUCCION PERMANENTE DE NUEVAS REALIDADES NACIONALES, DIGNAS DE COMUNIDADES QUE DIRECTAMENTE INFLUYE A TRAVES DEL SISTYEMA REGIONAL UNIVERSITARIO.
EXTENSIÖN COMO SERVICIO A LA COMUNIDAD Y EN CONSOLIDACION DEL SISTEMA REGIONAL UNIVERSITARIO.";OSCAR HERN˘N;Ram˘˘rez;RECTOR;ACUERDO;2655;27/11/2018;1/01/2019;31/12/2022;OSCAR HERN˘N;Ram˘˘rez;REPRESENTANTE LEGAL;ACUERDO;88;27/11/2018;1/01/2019;31/12/2022;;BOYACA;SOGAMOSO
1109;UNIVERSIDAD PEDAGOGICA Y TECNOLOGICA DE COLOMBIA - UPTC;ACTIVA;891800330-1;SECCIONAL;NACIONAL;OFICIAL;UNIVERSIDAD;BOYACA;CHIQUINQUIRA;Calle 14A No. 2-37;262598;Gobierno Nacional;DECRETO;2655;19/03/2007;5;www.uptc.edu.co;SI;24/03/2015;3910;6;MISION;OSCAR HERN˘N;Ram˘˘rez;RECTOR;ACUERDO;2655;27/11/2018;1/01/2019;31/12/2022;OSCAR HERN˘N;Ram˘rez;REPRESENTANTE LEGAL;ACUERDO;88;27/11/2018;1/01/2019;31/12/2022;;BOYACA;CHIQUINQUIRA
1710;UNIVERSIDAD PONTIFICIA BOLIVARIANA;ACTIVA;890.902.922-6;PRINCIPAL;FUNDACION;PRIVADA;UNIVERSIDAD;ANTIOQUIA;MEDELLIN;Campus de Laureles Circular 1a. No. 70-01;4159090;MINISTERIO DE GOBIERNO;RESOLUCION;48;22/02/1937;216;www.upb.edu.co;SI;24/10/2018;17228;6;LA UNIVERSIDAD PONTIFICIA BOLIVARIANA TIENE POR MISIÖN LA FORMACIÖN INTEGRAL DE LAS PERSONAS Y LA EVANGELIZACIÖN DE LA CULTURA, MEDIANTE LA DOCENCIA, LA INVESTIGACIÖN Y LOS SERVICIOS.;JULIO JAIRO;CEBALLOS SEPULVEDA;RECTOR;DECRETO;48;21/03/2013;23/04/2013;22/04/2016;Julio Jairo;Ceballos Sepúlveda;REPRESENTANTE LEGAL;ACTA C.D.;52016;13/04/2016;23/04/2016;23/04/2019;"CONVENIO,CALDAS,MANIZALES;CONVENIO,ANTIOQUIA,CALDAS;CONVENIO,ANTIOQUIA,SANTA ROSA DE OSOS;CONVENIO,VALLE DEL CAUCA,CALI;CONVENIO,VALLE DEL CAUCA,CALI;CONVENIO,VALLE DEL CAUCA,CALI;CONVENIO,VALLE DEL CAUCA,CALI;CONVENIO,VALLE DEL CAUCA,CALI;";ANTIOQUIA;MEDELLIN
1723;UNIVERSIDAD PONTIFICIA BOLIVARIANA;ACTIVA;890.902.922;SECCIONAL;FUNDACION;PRIVADA;UNIVERSIDAD;SANTANDER;BUCARAMANGA;Autopista a Piedecuesta Km. 7;6796220;Ministerio de Gobierno;NO INFORMA;48;28/02/1937;34;www.upb.edu.co;SI;24/10/2018;17228;6;"ES MISION DE LA UNIVERSIDAD LA FORMACION INTEGRAL DE TODAS LAS PERSONAS QUE LA CONFORMAN, PROPICIANDO EL DESARROLLO DE SUS POTENCIALIDADES HUMANAS:

PENSAMIENTO, CREATIVIDAD, LENGUAJE, CRITICIDAD, LIBERTAD, SOLIDARIDAD, RESPONSABILIDAD Y SOCIABILIDAD, CON BASE EN LOS VALORES DEL HUMANISMO CRISTIANO.";PRIMITIVO;SIERRA CANO;RECTOR(E);RESOLUCION;48;22/07/2016;4/08/2016;;Julio Jairo;Ceballos Sepúlveda;REPRESENTANTE LEGAL;ACTA C.D.;52016;13/04/2016;23/04/2016;23/04/2019;;SANTANDER;BUCARAMANGA
1723;UNIVERSIDAD PONTIFICIA BOLIVARIANA;ACTIVA;890.902.922;SECCIONAL;FUNDACION;PRIVADA;UNIVERSIDAD;SANTANDER;BUCARAMANGA;Autopista a Piedecuesta Km. 7;6796220;Ministerio de Gobierno;NO INFORMA;48;28/02/1937;34;www.upb.edu.co;SI;24/10/2018;17228;6;"ES MISION DE LA UNIVERSIDAD LA FORMACION INTEGRAL DE TODAS LAS PERSONAS QUE LA CONFORMAN, PROPICIANDO EL DESARROLLO DE SUS POTENCIALIDADES HUMANAS:

PENSAMIENTO, CREATIVIDAD, LENGUAJE, CRITICIDAD, LIBERTAD, SOLIDARIDAD, RESPONSABILIDAD Y SOCIABILIDAD, CON BASE EN LOS VALORES DEL HUMANISMO CRISTIANO.";GUSTAVO;MêNDEZ PAREDES;RECTOR;ACTO RESOLUTORIO;48;15/02/2017;6/03/2017;5/03/2020;Julio Jairo;Ceballos Sepúlveda;REPRESENTANTE LEGAL;ACTA C.D.;52016;13/04/2016;23/04/2016;23/04/2019;;SANTANDER;BUCARAMANGA
1727;UNIVERSIDAD PONTIFICIA BOLIVARIANA;ACTIVA;890.902.922-6;SECCIONAL;FUNDACION;PRIVADA;UNIVERSIDAD;CORDOBA;MONTERIA;KilΩmetro 8 V≠a a Ceret?;7905088;MINISTERIO DE GOBIERNO;RESOLUCION;48;28/03/1937;25;www.upbmonteria.edu.co;SI;24/10/2018;17228;6;LA UNIVERSIDAD PONTIFICIA BOLIVARIANA TIENE COMO MISIÖN LA FORMACIÖN INTEGRAL DE LAS PERSONAS QUE LA CONSTITUYEN MEDIANTE LA EVANGELIZACIÖN DE LA CULTURA, EN CONSTANTE BÇSQUEDA DE LA VERDAD CON PROCESOS DE DOCENCIA, INVESTIGACIÖN Y SERVICIOS, REAFIRMANDO LOS VALORES DEL HUMANISMO CRISTIANO, PARA EL BIEN DE LA SOCIEDAD.;JORGE ALONSO;BEDOYA V˘˘SQUEZ;RECTOR;ACTO RESOLUTORIO;48;18/05/2018;18/05/2018;18/05/2021;Julio Jairo;Ceballos Sepúlveda;REPRESENTANTE LEGAL;ACTA C.D.;52016;13/04/2016;23/04/2016;23/04/2019;;CORDOBA;MONTERIA
1730;UNIVERSIDAD PONTIFICIA BOLIVARIANA;ACTIVA;890.902.922-6;SECCIONAL;FUNDACION;PRIVADA;UNIVERSIDAD;VALLE DEL CAUCA;PALMIRA;Km 1 V≠a Tienda Nueva Edif. Seminario Cristo Sacerdote Piso 2;2759370;MINISTERIO DE GOBIERNO.;RESOLUCION;48;28/02/1937;5;www.upb.edu.co;SI;24/10/2018;17228;6;;Juan Gonzalo;Arboleda Arboleda;RECTOR(E);RESOLUCION;48;14/01/2016;22/01/2016;;Julio Jairo;Ceballos Sepúlveda;REPRESENTANTE LEGAL;ACTA C.D.;52016;13/04/2016;23/04/2016;23/04/2019;"CONVENIO,VALLE DEL CAUCA,CARTAGO;";VALLE DEL CAUCA;PALMIRA
1730;UNIVERSIDAD PONTIFICIA BOLIVARIANA;ACTIVA;890.902.922-6;SECCIONAL;FUNDACION;PRIVADA;UNIVERSIDAD;VALLE DEL CAUCA;PALMIRA;Km 1 V≠a Tienda Nueva Edif. Seminario Cristo Sacerdote Piso 2;2759370;MINISTERIO DE GOBIERNO.;RESOLUCION;48;28/02/1937;5;www.upb.edu.co;SI;24/10/2018;17228;6;;Raúl;Jordˇn Balanta;RECTOR;ACTO RESOLUTORIO;48;15/02/2017;10/03/2017;10/03/2020;Julio Jairo;Ceballos Sepúlveda;REPRESENTANTE LEGAL;ACTA C.D.;52016;13/04/2016;23/04/2016;23/04/2019;"CONVENIO,VALLE DEL CAUCA,CARTAGO;";VALLE DEL CAUCA;PALMIRA
1120;UNIVERSIDAD POPULAR DEL CESAR;ACTIVA;892.300.285-6;PRINCIPAL;NACIONAL;OFICIAL;UNIVERSIDAD;CESAR;VALLEDUPAR;Sede Balneario Hurtado;5843517;Congreso de Colombia.;LEY;34;19/11/1976;42;www.unicesar.edu.co;NO;;;;LA UNIVERSIDAD POPULAR DEL CESAR, COMO ENTE DE EDUCACI˘N SUPERIOR DEL ORDEN NACIONAL Y DE CAR˘CTER P˘BLICO, ES CREADORA, TRANSFORMADORA, DEPOSITARIA Y DIFUSORA DE CONOCIMIENTOS MEDIANTE PROCESOS PEDAG˘GICOS, CIENT˘FICOS, MULTIDISCIPLINARIOS Y CULTURALES, CON FUNDAMENTO EN LA CALIDAD ACAD˘MICA,  CON RESPONSABILIDAD ˘TICA Y SOCIAL, EN EL MARCO DE SU IDENTIDAD SOCIOCULTURAL Y LA COOPERACI˘N INTERNACIONAL. FORMA PERSONAS CON SENTIDO CR˘TICO, PARTICIPATIVO, COMO ACTORES DE LA INVESTIGACI˘N CIENT˘FICA PARA EL DESARROLLO Y AGENTES PROMOTORES DE LA CIVILIDAD, LA PAZ, LOS VALORES Y EL RESPETO POR LOS DERECHOS HUMANOS Y LA CONSERVACI˘N DEL MEDIO AMBIENTE.;CARLOS EMILIANO;OæATE GOMEZ;RECTOR SUPLENTE;ACUERDO;34;29/11/2016;9/12/2016;8/12/2020;ENRIQUE ALFONSO;MEZA DAZA;REPRESENTANTE LEGAL;ACUERDO;22;5/09/2017;7/09/2017;6/07/2019;"CENTROS TUTORIALES,CAQUETA,FLORENCIA;CENTROS TUTORIALES,CESAR,VALLEDUPAR;CENTROS TUTORIALES,CESAR,AGUACHICA;CENTROS TUTORIALES,CESAR,AGUACHICA;CENTROS TUTORIALES,CESAR,AGUSTIN CODAZZI;CENTROS TUTORIALES,CESAR,CHIMICHAGUA;CENTROS TUTORIALES,CESAR,PAILITAS;CENTROS TUTORIALES,NARINIO,PASTO;CENTROS TUTORIALES,TOLIMA,IBAGUE;CENTROS TUTORIALES,VALLE DEL CAUCA,BUENAVENTURA;CENTROS TUTORIALES,ATLANTICO,PUERTO COLOMBIA;";CESAR;VALLEDUPAR
1120;UNIVERSIDAD POPULAR DEL CESAR;ACTIVA;892.300.285-6;PRINCIPAL;NACIONAL;OFICIAL;UNIVERSIDAD;CESAR;VALLEDUPAR;Sede Balneario Hurtado;5843517;Congreso de Colombia.;LEY;34;19/11/1976;42;www.unicesar.edu.co;NO;;;;LA UNIVERSIDAD POPULAR DEL CESAR, COMO ENTE DE EDUCACI˘N SUPERIOR DEL ORDEN NACIONAL Y DE CAR˘CTER P˘BLICO, ES CREADORA, TRANSFORMADORA, DEPOSITARIA Y DIFUSORA DE CONOCIMIENTOS MEDIANTE PROCESOS PEDAG˘GICOS, CIENT˘FICOS, MULTIDISCIPLINARIOS Y CULTURALES, CON FUNDAMENTO EN LA CALIDAD ACAD˘MICA,  CON RESPONSABILIDAD ˘TICA Y SOCIAL, EN EL MARCO DE SU IDENTIDAD SOCIOCULTURAL Y LA COOPERACI˘N INTERNACIONAL. FORMA PERSONAS CON SENTIDO CR˘TICO, PARTICIPATIVO, COMO ACTORES DE LA INVESTIGACI˘N CIENT˘FICA PARA EL DESARROLLO Y AGENTES PROMOTORES DE LA CIVILIDAD, LA PAZ, LOS VALORES Y EL RESPETO POR LOS DERECHOS HUMANOS Y LA CONSERVACI˘N DEL MEDIO AMBIENTE.;ENRIQUE ALFONSO;MEZA DAZA;RECTOR;ACUERDO;34;5/09/2017;7/09/2017;6/07/2019;ENRIQUE ALFONSO;MEZA DAZA;REPRESENTANTE LEGAL;ACUERDO;22;5/09/2017;7/09/2017;6/07/2019;"CENTROS TUTORIALES,CAQUETA,FLORENCIA;CENTROS TUTORIALES,CESAR,VALLEDUPAR;CENTROS TUTORIALES,CESAR,AGUACHICA;CENTROS TUTORIALES,CESAR,AGUACHICA;CENTROS TUTORIALES,CESAR,AGUSTIN CODAZZI;CENTROS TUTORIALES,CESAR,CHIMICHAGUA;CENTROS TUTORIALES,CESAR,PAILITAS;CENTROS TUTORIALES,NARINIO,PASTO;CENTROS TUTORIALES,TOLIMA,IBAGUE;CENTROS TUTORIALES,VALLE DEL CAUCA,BUENAVENTURA;CENTROS TUTORIALES,ATLANTICO,PUERTO COLOMBIA;";CESAR;VALLEDUPAR
1120;UNIVERSIDAD POPULAR DEL CESAR;ACTIVA;892.300.285-6;PRINCIPAL;NACIONAL;OFICIAL;UNIVERSIDAD;CESAR;VALLEDUPAR;Sede Balneario Hurtado;5843517;Congreso de Colombia.;LEY;34;19/11/1976;42;www.unicesar.edu.co;NO;;;;LA UNIVERSIDAD POPULAR DEL CESAR, COMO ENTE DE EDUCACI˘N SUPERIOR DEL ORDEN NACIONAL Y DE CAR˘CTER P˘BLICO, ES CREADORA, TRANSFORMADORA, DEPOSITARIA Y DIFUSORA DE CONOCIMIENTOS MEDIANTE PROCESOS PEDAG˘GICOS, CIENT˘FICOS, MULTIDISCIPLINARIOS Y CULTURALES, CON FUNDAMENTO EN LA CALIDAD ACAD˘MICA,  CON RESPONSABILIDAD ˘TICA Y SOCIAL, EN EL MARCO DE SU IDENTIDAD SOCIOCULTURAL Y LA COOPERACI˘N INTERNACIONAL. FORMA PERSONAS CON SENTIDO CR˘TICO, PARTICIPATIVO, COMO ACTORES DE LA INVESTIGACI˘N CIENT˘FICA PARA EL DESARROLLO Y AGENTES PROMOTORES DE LA CIVILIDAD, LA PAZ, LOS VALORES Y EL RESPETO POR LOS DERECHOS HUMANOS Y LA CONSERVACI˘N DEL MEDIO AMBIENTE.;NORBERTO;DIAZ PLATA;RECTOR(E);ACUERDO;34;16/11/2016;16/11/2016;15/02/2017;ENRIQUE ALFONSO;MEZA DAZA;REPRESENTANTE LEGAL;ACUERDO;22;5/09/2017;7/09/2017;6/07/2019;"CENTROS TUTORIALES,CAQUETA,FLORENCIA;CENTROS TUTORIALES,CESAR,VALLEDUPAR;CENTROS TUTORIALES,CESAR,AGUACHICA;CENTROS TUTORIALES,CESAR,AGUACHICA;CENTROS TUTORIALES,CESAR,AGUSTIN CODAZZI;CENTROS TUTORIALES,CESAR,CHIMICHAGUA;CENTROS TUTORIALES,CESAR,PAILITAS;CENTROS TUTORIALES,NARINIO,PASTO;CENTROS TUTORIALES,TOLIMA,IBAGUE;CENTROS TUTORIALES,VALLE DEL CAUCA,BUENAVENTURA;CENTROS TUTORIALES,ATLANTICO,PUERTO COLOMBIA;";CESAR;VALLEDUPAR
1123;UNIVERSIDAD POPULAR DEL CESAR;ACTIVA;892.300.285-6;SECCIONAL;NACIONAL;OFICIAL;UNIVERSIDAD;CESAR;AGUACHICA;Cra. 40  via al Mar;5654900;Congreso de Colombia.;LEY;34;19/11/1976;7;www.unicesar.edu.co;NO;;;;SIN DEFINIR;NORBERTO;DIAZ PLATA;RECTOR(E);ACUERDO;34;16/11/2016;16/11/2016;15/02/2017;ENRIQUE ALFONSO;MEZA DAZA;REPRESENTANTE LEGAL;ACUERDO;22;5/09/2017;7/09/2017;6/07/2019;;CESAR;AGUACHICA
1123;UNIVERSIDAD POPULAR DEL CESAR;ACTIVA;892.300.285-6;SECCIONAL;NACIONAL;OFICIAL;UNIVERSIDAD;CESAR;AGUACHICA;Cra. 40  via al Mar;5654900;Congreso de Colombia.;LEY;34;19/11/1976;7;www.unicesar.edu.co;NO;;;;SIN DEFINIR;ENRIQUE ALFONSO;MEZA DAZA;RECTOR;ACUERDO;34;5/09/2017;7/09/2017;6/07/2019;ENRIQUE ALFONSO;MEZA DAZA;REPRESENTANTE LEGAL;ACUERDO;22;5/09/2017;7/09/2017;6/07/2019;;CESAR;AGUACHICA
1805;UNIVERSIDAD SANTIAGO DE CALI;ACTIVA;890.303.797-1;PRINCIPAL;CORPORACION;PRIVADA;UNIVERSIDAD;VALLE DEL CAUCA;CALI;Carrera 62 Calle 5 Campus Pampalinda;5183000;MINISTERIO DE JUSTICIA;RESOLUCION;2800;2/09/1959;78;www.usc.edu.co;NO;;;;AVANZAR CADA DIA EN EL  CONOCIMIENTO Y EN EL AMOR HACIENDO DE LA VIDA UN PERMANENTE APRENDIZAJE;CARLOS ANDRES;PEREZ GALINDO;RECTOR;ACTA C.S.;2800;16/03/2016;1/01/2017;31/12/2021;CARLOS ANDRES;PEREZ GALINDO;REPRESENTANTE LEGAL;ACTA C.S.;CS-02;16/03/2016;1/01/2017;31/12/2021;;VALLE DEL CAUCA;CALI
1829;UNIVERSIDAD SANTIAGO DE CALI;ACTIVA;8903037971;SECCIONAL;CORPORACION;PRIVADA;UNIVERSIDAD;VALLE DEL CAUCA;PALMIRA;Carrera 30 Calle 38 Esquina;2712617;MINISTERIO DE JUSTICIA;RESOLUCION;2800;2/09/1959;13;www.usc.edu.co/palmira;NO;;;;;CARLOS ANDRES;PEREZ GALINDO;RECTOR;ACTA;2800;30/10/2013;1/01/2012;31/12/2016;CARLOS ANDRES;PEREZ GALINDO;REPRESENTANTE LEGAL;ACTA;18;30/10/2013;1/01/2012;31/12/2016;;VALLE DEL CAUCA;PALMIRA
1704;UNIVERSIDAD SANTO TOMAS;ACTIVA;860.012.357-6;PRINCIPAL;FUNDACION;PRIVADA;UNIVERSIDAD;BOGOTA D.C;BOGOTA D.C.;Sede Ppal Carrera 9  51-11, Sede Norte Cra.10 72-50;5878797;MINISTERIO DE JUSTICIA;RESOLUCION;3645;6/08/1965;128;www.usta.edu.co;SI;29/01/2016;1456;6;NO INFORMA;JUAN UBALDO;L˘pez Salamanca;RECTOR;DECRETO;3645;3/07/2015;13/07/2015;12/07/2019;JUAN UBALDO;L˘pez Salamanca;REPRESENTANTE LEGAL;DECRETO;76;3/07/2015;13/07/2015;12/07/2019;"CENTROS TUTORIALES,BOGOTA D.C,BOGOTA D.C.;CENTROS TUTORIALES,BOGOTA D.C,BOGOTA D.C.;CENTROS TUTORIALES,BOGOTA D.C,BOGOTA D.C.;CENTROS TUTORIALES,BOYACA,TUNJA;CENTROS TUTORIALES,BOYACA,TUNJA;CENTROS TUTORIALES,BOYACA,TUNJA;CENTROS TUTORIALES,BOYACA,CHIQUINQUIRA;CENTROS TUTORIALES,BOYACA,CHIQUINQUIRA;CENTROS TUTORIALES,BOYACA,DUITAMA;CENTROS TUTORIALES,CALDAS,MANIZALES;CENTROS TUTORIALES,CALDAS,MANIZALES;CENTROS TUTORIALES,CESAR,VALLEDUPAR;CENTROS TUTORIALES,CESAR,VALLEDUPAR;CENTROS TUTORIALES,CORDOBA,MONTERIA;CENTROS TUTORIALES,CUNDINAMARCA,FACATATIVA;CENTROS TUTORIALES,HUILA,NEIVA;CENTROS TUTORIALES,HUILA,NEIVA;CENTROS TUTORIALES,ANTIOQUIA,MEDELLIN;CENTROS TUTORIALES,ANTIOQUIA,MEDELLIN;CENTROS TUTORIALES,META,VILLAVICENCIO;CENTROS TUTORIALES,META,VILLAVICENCIO;CENTROS TUTORIALES,META,VILLAVICENCIO;CENTROS TUTORIALES,NARINIO,PASTO;CENTROS TUTORIALES,NARINIO,PASTO;CENTROS TUTORIALES,NARINIO,PASTO;CENTROS TUTORIALES,NORTE DE SANTANDER,CUCUTA;CENTROS TUTORIALES,NORTE DE SANTANDER,CUCUTA;CENTROS TUTORIALES,NORTE DE SANTANDER,OCA?A;CENTROS TUTORIALES,QUINDIO,ARMENIA;CENTROS TUTORIALES,SANTANDER,BUCARAMANGA;CENTROS TUTORIALES,SANTANDER,BUCARAMANGA;CENTROS TUTORIALES,SANTANDER,BUCARAMANGA;CENTROS TUTORIALES,SANTANDER,BARRANCABERMEJA;CENTROS TUTORIALES,SUCRE,SINCELEJO;CENTROS TUTORIALES,TOLIMA,IBAGUE;CENTROS TUTORIALES,VALLE DEL CAUCA,CALI;CENTROS TUTORIALES,VALLE DEL CAUCA,CALI;CENTROS TUTORIALES,VALLE DEL CAUCA,CALI;CENTROS TUTORIALES,ATLANTICO,BARRANQUILLA;CENTROS TUTORIALES,ATLANTICO,BARRANQUILLA;CENTROS TUTORIALES,ARAUCA,ARAUCA;CENTROS TUTORIALES,CASANARE,YOPAL;";BOGOTA D.C;BOGOTA D.C.
1705;UNIVERSIDAD SANTO TOMAS;ACTIVA;860.012.357-6;SECCIONAL;FUNDACION;PRIVADA;UNIVERSIDAD;SANTANDER;BUCARAMANGA;Carrera 18 No. 9-27;6716482;MINISTERIO DE JUSTICIA;RESOLUCION;3645;6/08/1965;62;www.ustabuca.edu.co;SI;29/01/2016;1456;6;"LA UNIVERSIDAD SANTO TOMÊS ES UNA INSTITUCIÖN PRIVADA Y CATÖLICA DE EDUCACIÖN SUPERIOR, FUNDADA Y DIRIGIDA POR LA ORDEN DE PREDICADORES, ORIENTADA POR EL PENSAMIENTO DE SANTO TOMÊS DE AQUINO, CUYA FINALIDAD ES FORMAR 
INTEGRALMENTE PERSONAS COMPROMETIDAS CON SU ENTORNO SOCIAL, REGIONAL, NACIONAL E INTERNACIONAL, EN CONCORDANCIA CON LAS EXIGENCIAS DE LA êPOCA Y DEL FUTURO CONTANDO PARA ELLO CON PERSONAL IDÖNEO EN CONTINUO CRECIMIENTO Y DESARROLLO. COMO ENTIDAD SIN ÊNIMO DE LUCRO REINVIERTE SUS RECURSOS EN EL MEJORAMIENTO FôSICO, TECNOLÖGICO, CIENTôFICO Y HUMANO DE LA COMUNIDAD UNIVERSITARIA TOMASINA.";Erico Juan;Macchi C?spedes;RECTOR;DECRETO;3645;18/11/2016;14/12/2016;13/12/2019;JUAN UBALDO;Lopez Salamanca;REPRESENTANTE LEGAL;DECRETO;76;3/07/2015;13/07/2015;12/07/2019;;SANTANDER;BUCARAMANGA
1732;UNIVERSIDAD SANTO TOMAS;ACTIVA;860.012.357-6;SECCIONAL;FUNDACION;PRIVADA;UNIVERSIDAD;BOYACA;TUNJA;Calle 19 No. 11 - 64 Centro;7440404;MINISTERIO DE JUSTICIA;RESOLUCION;3645;6/08/1965;32;www.ustatunja.edu.co;SI;29/01/2016;1456;6;;Jorge Ferdinando;Rodriguez Ruiz;RECTOR;DECRETO;3645;27/06/2016;1/07/2016;30/06/2019;JUAN UBALDO;Lopez Salamanca;REPRESENTANTE LEGAL;DECRETO;76;3/07/2015;13/07/2015;12/07/2019;;BOYACA;TUNJA
1728;UNIVERSIDAD SERGIO ARBOLEDA;ACTIVA;860.351.894;PRINCIPAL;FUNDACION;PRIVADA;UNIVERSIDAD;BOGOTA D.C;BOGOTA D.C.;Calle 74 No. 14-14;3177536;MINISTERIO DE EDUCACION NACIONAL;RESOLUCION;16377;29/10/1984;109;www.usergioarboleda.edu.co;SI;9/01/2015;590;4;LA MISION UNIVERSITARIA ES LA FORMACION DE PROFESIONALES DE CULTURA INTEGRAL, DESARROLLADA CON ESPECIALIDAD Y PROFUNDIDAD DESDE CADA UNO DE LOS PROGRAMAS ACADEMICOS, EN EL DOMINIO DE LA CIENCIA, LAS HUMANIDADES, LA FILOSOFIA, EL ARTE, LA RELIGION CRISTIANA, LA TECNOLOGIA Y LA TECNICA.;RODRIGO FRANCISCO MANUEL;NOGUERA CALDERON;RECTOR;ACTA;16377;17/07/2003;17/07/2003;;RODRIGO FRANCISCO MANUEL;NOGUERA CALDERON;REPRESENTANTE LEGAL;ACTA;132;17/07/2003;17/07/2003;;;BOGOTA D.C;BOGOTA D.C.
1733;UNIVERSIDAD SERGIO ARBOLEDA;ACTIVA;860.351.894 -3;SECCIONAL;FUNDACION;PRIVADA;UNIVERSIDAD;MAGDALENA;SANTA MARTA;Calle 18 Carrera 15,  Esquina;4203838;MINISTERIO DE EDUCACION NACIONAL;RESOLUCION;16377;29/10/1984;23;www.usergioarboleda.edu.co/santamarta;NO;;;;;RODRIGO FRANCISCO MANUEL;NOGUERA CALDERON;RECTOR;ACTA;16377;17/07/2003;17/07/2003;;RODRIGO FRANCISCO MANUEL;NOGUERA CALDERON;REPRESENTANTE LEGAL;ACTA;132;17/07/2003;17/07/2003;;;MAGDALENA;SANTA MARTA
2805;UNIVERSIDAD SIMON BOLIVAR;ACTIVA;890.104.633-9;PRINCIPAL;CORPORACION;PRIVADA;UNIVERSIDAD;ATLANTICO;BARRANQUILLA;Carrera 59 No.59-92;3441265;GOBERNACION DEL ATLANTICO.;RESOLUCION;1318;15/11/1972;84;www.unisimonbolivar.edu.co;SI;15/12/2016;23095;4;NO INFORMA;Jos? Eusebio;Consuegra Bol≠var;RECTOR;ACUERDO;1318;15/06/2016;7/07/2016;6/07/2021;JOSE RAFAEL;Consuegra Machado;REPRESENTANTE LEGAL;ACUERDO;51;30/10/2018;30/10/2018;29/10/2019;;ATLANTICO;BARRANQUILLA
1114;UNIVERSIDAD SURCOLOMBIANA;ACTIVA;891.180.084-2;PRINCIPAL;NACIONAL;OFICIAL;UNIVERSIDAD;HUILA;NEIVA;Avenida Pastrana Borrero Carrera 1;8754753;Congreso de la Republica;LEY;13;30/01/1976;77;www.usco.edu.co;SI;29/12/2017;29501;4;MISION2;NIDIA;Guzm˘n Dur˘n;RECTOR;NO INFORMA;13;4/10/2018;4/10/2018;3/10/2022;NIDIA;Guzm˘n Dur˘n;REPRESENTANTE LEGAL;NO INFORMA;20;4/10/2018;4/10/2018;3/10/2022;"CONVENIO,CAQUETA,FLORENCIA;CONVENIO,CAUCA,POPAYAN;CONVENIO,NARINIO,PASTO;CONVENIO,NORTE DE SANTANDER,CUCUTA;CONVENIO,NORTE DE SANTANDER,PAMPLONA;CONVENIO,TOLIMA,IBAGUE;";HUILA;NEIVA
1832;UNIVERSIDAD TECNOLOGICA DE BOLIVAR;ACTIVA;890.401.962;PRINCIPAL;CORPORACION;PRIVADA;UNIVERSIDAD;BOLIVAR;CARTAGENA;Campus de Ternera, V≠a a Turbaco Km. 1;6535200;GOBERNACION DEL DEPARTAMENTO DE BOLIVAR;RESOLUCION;961;26/10/1970;69;www.unitecnologica.edu.co;SI;7/07/2015;9794;4;SOMOS UNA INSTITUCIÖN DE FORMACIÖN E INVESTIGACIÖN, CON VOCACIÖN EMPRESARIAL, DONDE LA COMUNIDAD ACADêMICA - ESTUDIANTES Y PROFESORES, LOS EMPRESARIOS Y LA SOCIEDAD, ENCUENTRAN UN ESPACIO ADECUADO PARA COMPARTIR UN PROYECTO EDUCATIVO CRôTICO, FLEXIBLE Y GLOBAL, A TRAVES DEL CUAL APRENDER A CONOCER, HACER, CONVIVIR Y SER, DENTRO DE ALTAS EXIGENCIAS ACADêMICAS Y CON UN SENTIDO DE RESPONSABILIDAD SOCIAL CONDUCENTE AL MEJORAMIENTO DE LA CALIDAD DE VIDA DE NUSTRA CIUDAD Y EL CARIBE.;ALBERTO ENRIQUE;ROA VARELO;RECTOR;NO INFORMA;961;26/02/2018;15/05/2018;;HAROLDO ANTONIO;CALVO STEVENSON;REPRESENTANTE LEGAL SUPLENTE;RESOLUCION C.S.;3;26/08/2016;1/09/2016;;;BOLIVAR;CARTAGENA
1832;UNIVERSIDAD TECNOLOGICA DE BOLIVAR;ACTIVA;890.401.962;PRINCIPAL;CORPORACION;PRIVADA;UNIVERSIDAD;BOLIVAR;CARTAGENA;Campus de Ternera, V≠a a Turbaco Km. 1;6535200;GOBERNACION DEL DEPARTAMENTO DE BOLIVAR;RESOLUCION;961;26/10/1970;69;www.unitecnologica.edu.co;SI;7/07/2015;9794;4;SOMOS UNA INSTITUCIÖN DE FORMACIÖN E INVESTIGACIÖN, CON VOCACIÖN EMPRESARIAL, DONDE LA COMUNIDAD ACADêMICA - ESTUDIANTES Y PROFESORES, LOS EMPRESARIOS Y LA SOCIEDAD, ENCUENTRAN UN ESPACIO ADECUADO PARA COMPARTIR UN PROYECTO EDUCATIVO CRôTICO, FLEXIBLE Y GLOBAL, A TRAVES DEL CUAL APRENDER A CONOCER, HACER, CONVIVIR Y SER, DENTRO DE ALTAS EXIGENCIAS ACADêMICAS Y CON UN SENTIDO DE RESPONSABILIDAD SOCIAL CONDUCENTE AL MEJORAMIENTO DE LA CALIDAD DE VIDA DE NUSTRA CIUDAD Y EL CARIBE.;ALBERTO ENRIQUE;ROA VARELO;RECTOR;NO INFORMA;961;26/02/2018;15/05/2018;;JAIME EDUARDO;BERNAL VILLEGAS;REPRESENTANTE LEGAL;NO INFORMA;5;7/04/2014;1/05/2014;;;BOLIVAR;CARTAGENA
1111;UNIVERSIDAD TECNOLOGICA DE PEREIRA - UTP;ACTIVA;891.480.035-9;PRINCIPAL;NACIONAL;OFICIAL;UNIVERSIDAD;RISARALDA;PEREIRA;La Julita;3215693;Congreso de la República;LEY;41;15/12/1958;112;www.utp.edu.co;SI;22/05/2013;6189;8;"LA UNIVERSIDAD TECNOLÖGICA DE PEREIRA ES UNA UNIVERSIDAD ESTATAL, CUYOS CAMPOS DE ACCIÖN SON LA CIENCIA, LA TECNOLOGôA, LAS ARTES Y LAS HUMANIDADES.
ES UNA COMUNIDAD UNIVERSITARIA QUE INTERACTÇA BUSCANDO EL BIEN COMÇN, EL DESARROLLO TECNOLÖGICO Y HUMANôSTICO, EN UN AMBIENTE DE PARTICIPACIÖN Y DIÊLOGO, CARACTERIZADO POR EL PLURALISMO, LA TOLERANCIA Y EL RESPETO A LA DIFERENCIA.
COMO INSTITUCIÖN DEL SABER, DE EXCELENCIA ACADêMICA, ES UN POLO DE DESARROLLO QUE PROPENDE POR LA CREACIÖN, TRANSFORMACIÖN Y APLICACIÖN DEL CONOCIMIENTO EN TODAS SUS FORMAS Y EXPRESIONES, A TRAVêS DE LA ACTIVIDAD ACADêMICA ENTENDIêNDOSE êSTA, COMO LA INVESTIGACIÖN, LA DOCENCIA Y LA EXTENSIÖN.
COMO INSTITUCIÖN EDUCATIVA Y GUIADOS POR LOS PRINCIPIOS RECTORES DE LA UNIVERSIDAD, ASUME LA FORMACIÖN INTEGRAL Y PERMANENTE DE SU COMUNIDAD EN SUS DIMENSIONES CIENTôFICA, TECNOLÖGICA Y HUMANôSTICA, HACIENDO DE ELLOS PROFESIONALES DE ELEVADO NIVEL ACADêMICO, LôDERES DE LA DINÊMICA SOCIAL, CON êTICA, SENTIDO CRôTICO Y CAPACIDAD INVESTIGATIVA.
COMO UNIVERSIDAD DESARROLLA PROCESOS INVESTIGATIVOS EN TODOS LOS CAMPOS DEL SABER, PARA CONTRIBUIR AL MEJORAMIENTO DE LA SOCIEDAD, TENIENDO COMO PRIORIDAD EL DESARROLLO REGIONAL.


*";LUIS FERNANDO;GAVIRIA TRUJILLO;RECTOR;RESOLUCION;41;5/12/2014;9/12/2014;8/12/2017;LUIS FERNANDO;GAVIRIA TRUJILLO;REPRESENTANTE LEGAL;RESOLUCION;14;5/12/2014;9/12/2014;8/12/2017;"CONVENIO,BOGOTA D.C,BOGOTA D.C.;CONVENIO,CALDAS,MANIZALES;CONVENIO,HUILA,NEIVA;CONVENIO,GUAJIRA,RIOHACHA;CONVENIO,ANTIOQUIA,MEDELLIN;CONVENIO,NARINIO,PASTO;CONVENIO,NARINIO,PASTO;CONVENIO,QUINDIO,ARMENIA;CONVENIO,TOLIMA,IBAGUE;";RISARALDA;PEREIRA
1118;UNIVERSIDAD TECNOLOGICA DEL CHOCO-DIEGO LUIS CORDOBA;ACTIVA;891.680.089-4;PRINCIPAL;NACIONAL;OFICIAL;UNIVERSIDAD;CHOCO;QUIBDO;Ciudadela Universitaria Barrio Nicolas Medrano;6710237;Congreso de Colombia;LEY;38;18/11/1968;36;www.utch.edu.co;NO;;;;MISION;DAVID EMILIO;Mosquera Valencia;RECTOR;NO INFORMA;38;16/03/2018;20/03/2018;20/03/2021;DAVID EMILIO;Mosquera Valencia;REPRESENTANTE LEGAL;NO INFORMA;1;16/03/2018;20/03/2018;20/03/2021;;CHOCO;QUIBDO
1121;UNIVERSIDAD-COLEGIO MAYOR DE CUNDINAMARCA;ACTIVA;800.144.829-9;PRINCIPAL;NACIONAL;OFICIAL;UNIVERSIDAD;BOGOTA D.C;BOGOTA D.C.;Clle 28 No. 6-02;2418800;Congreso de Colombia.;LEY;48;17/12/1945;19;www.unicolmayor.edu.co;NO;;;;;JAIME DE JESÇS;MêNDEZ HENRôQUEZ;RECTOR(E);ACUERDO C.S.;48;23/05/2017;19/05/2017;;JAIME DE JESÇS;MêNDEZ  HENRIQUEZ;REPRESENTANTE LEGAL (E);ACUERDO C.S.;3;13/01/2017;16/01/2017;;;BOGOTA D.C;BOGOTA D.C.
1121;UNIVERSIDAD-COLEGIO MAYOR DE CUNDINAMARCA;ACTIVA;800.144.829-9;PRINCIPAL;NACIONAL;OFICIAL;UNIVERSIDAD;BOGOTA D.C;BOGOTA D.C.;Clle 28 No. 6-02;2418800;Congreso de Colombia.;LEY;48;17/12/1945;19;www.unicolmayor.edu.co;NO;;;;;Olga Luc≠a;D≠az Villamizar;RECTOR;ACUERDO C.S.;48;3/11/2017;15/11/2017;4/10/2020;Olga Luc≠a;D≠az Villamizar;REPRESENTANTE LEGAL;ACUERDO C.S.;27;3/11/2017;15/11/2017;4/10/2020;;BOGOTA D.C;BOGOTA D.C.
1121;UNIVERSIDAD-COLEGIO MAYOR DE CUNDINAMARCA;ACTIVA;800.144.829-9;PRINCIPAL;NACIONAL;OFICIAL;UNIVERSIDAD;BOGOTA D.C;BOGOTA D.C.;Clle 28 No. 6-02;2418800;Congreso de Colombia.;LEY;48;17/12/1945;19;www.unicolmayor.edu.co;NO;;;;;Olga Luc≠a;D≠az Villamizar;RECTOR;ACUERDO C.S.;48;3/11/2017;15/11/2017;4/10/2020;JAIME DE JESÇS;MêNDEZ  HENRIQUEZ;REPRESENTANTE LEGAL (E);ACUERDO C.S.;3;13/01/2017;16/01/2017;;;BOGOTA D.C;BOGOTA D.C.
1121;UNIVERSIDAD-COLEGIO MAYOR DE CUNDINAMARCA;ACTIVA;800.144.829-9;PRINCIPAL;NACIONAL;OFICIAL;UNIVERSIDAD;BOGOTA D.C;BOGOTA D.C.;Clle 28 No. 6-02;2418800;Congreso de Colombia.;LEY;48;17/12/1945;19;www.unicolmayor.edu.co;NO;;;;;JAIME DE JESÇS;MêNDEZ HENRôQUEZ;RECTOR(E);ACUERDO C.S.;48;23/05/2017;19/05/2017;;Olga Luc≠a;D≠az Villamizar;REPRESENTANTE LEGAL;ACUERDO C.S.;27;3/11/2017;15/11/2017;4/10/2020;;BOGOTA D.C;BOGOTA D.C.
2834;UNIVERSITARIA AGUSTINIANA- UNIAGUSTINIANA;ACTIVA;NO INFORMA;PRINCIPAL;CORPORACION;PRIVADA;INSTITUCION UNIVERSITARIA/ESCUELA TECNOLOGICA;BOGOTA D.C;BOGOTA D.C.;Av Ciudad de Cali No 11B-95;4193200;MINISTERIO DE EDUCACION NACIONAL.;RESOLUCION;6651;26/12/1996;25;www.uniagustiniana.edu.co;NO;;;;MISION;RAMON ENRIQUE;Arenas Molina;RECTOR;ACUERDO;6651;12/12/2018;14/01/2019;14/01/2023;RAMON ENRIQUE;Arenas Molina;REPRESENTANTE LEGAL;ACUERDO;40;12/12/2018;14/01/2019;14/01/2023;;BOGOTA D.C;BOGOTA D.C.
9915;UNIVERSITARIA VIRTUAL INTERNACIONAL;ACTIVA;900.524.285-6;PRINCIPAL;FUNDACION;PRIVADA;INSTITUCION UNIVERSITARIA/ESCUELA TECNOLOGICA;BOGOTA D.C;BOGOTA D.C.;Carrera 19 71 A-23;7421994;MINISTERIO DE EDUCACION NACIONAL;RESOLUCION;4788;8/05/2012;8;www.uvirtual.edu.co;NO;;;;;˘˘LVARO;G˘mez B˘ez;RECTOR;ACTA;4788;30/01/2019;1/02/2019;30/01/2021;˘˘LVARO;G˘mez B˘ez;REPRESENTANTE LEGAL;ACTA;1;30/01/2019;1/02/2019;30/01/2021;;BOGOTA D.C;BOGOTA D.C.
